Description de la couleur,Code Hexadécimal
aqua,#00FFFF
noir,#000000
bleu,#0000FF
marron,#A52A2A
cyan,#00FFFF
gris,#808080
vert,#008000
citron vert,#00FF00
magenta,#FF00FF
bordeaux,#800000
bleu marine,#000080
olive,#808000
orange,#FFA500
rose,#FFC0CB
violet,#800080
rouge,#FF0000
argent,#C0C0C0
bleu sarcelle,#008080
violet,#EE82EE
blanc,#FFFFFF
jaune,#FFFF00
aqua,#00FFFF
noir,#000000
bleu,#0000FF
marron,#A52A2A
cyan,#00FFFF
gris,#808080
vert,#008000
citron vert,#00FF00
magenta,#FF00FF
bordeaux,#800000
bleu marine,#000080
olive,#808000
orange,#FFA500
rose,#FFC0CB
violet,#800080
rouge,#FF0000
argent,#C0C0C0
bleu sarcelle,#008080
violet,#EE82EE
blanc,#FFFFFF
jaune,#FFFF00
aqua,#00FFFF
noir,#000000
bleu,#0000FF
marron,#A52A2A
cyan,#00FFFF
gris,#808080
vert,#008000
citron vert,#00FF00
magenta,#FF00FF
bordeaux,#800000
bleu marine,#000080
olive,#808000
orange,#FFA500
rose,#FFC0CB
violet,#800080
rouge,#FF0000
argent,#C0C0C0
bleu sarcelle,#008080
violet,#EE82EE
blanc,#FFFFFF
jaune,#FFFF00
aqua,#00FFFF
noir,#000000
bleu,#0000FF
marron,#A52A2A
cyan,#00FFFF
gris,#808080
vert,#008000
citron vert,#00FF00
magenta,#FF00FF
bordeaux,#800000
bleu marine,#000080
olive,#808000
orange,#FFA500
rose,#FFC0CB
violet,#800080
rouge,#FF0000
argent,#C0C0C0
bleu sarcelle,#008080
violet,#EE82EE
blanc,#FFFFFF
jaune,#FFFF00
aqua,#00FFFF
noir,#000000
bleu,#0000FF
marron,#A52A2A
cyan,#00FFFF
gris,#808080
vert,#008000
citron vert,#00FF00
magenta,#FF00FF
bordeaux,#800000
bleu marine,#000080
olive,#808000
orange,#FFA500
rose,#FFC0CB
violet,#800080
rouge,#FF0000
argent,#C0C0C0
bleu sarcelle,#008080
violet,#EE82EE
blanc,#FFFFFF
jaune,#FFFF00
aqua,#00FFFF
noir,#000000
bleu,#0000FF
marron,#A52A2A
cyan,#00FFFF
gris,#808080
vert,#008000
citron vert,#00FF00
magenta,#FF00FF
bordeaux,#800000
bleu marine,#000080
olive,#808000
orange,#FFA500
rose,#FFC0CB
violet,#800080
rouge,#FF0000
argent,#C0C0C0
bleu sarcelle,#008080
violet,#EE82EE
blanc,#FFFFFF
jaune,#FFFF00
aqua,#00FFFF
noir,#000000
bleu,#0000FF
marron,#A52A2A
cyan,#00FFFF
gris,#808080
vert,#008000
citron vert,#00FF00
magenta,#FF00FF
bordeaux,#800000
bleu marine,#000080
olive,#808000
orange,#FFA500
rose,#FFC0CB
violet,#800080
rouge,#FF0000
argent,#C0C0C0
bleu sarcelle,#008080
violet,#EE82EE
blanc,#FFFFFF
jaune,#FFFF00
aqua,#00FFFF
noir,#000000
bleu,#0000FF
marron,#A52A2A
cyan,#00FFFF
gris,#808080
vert,#008000
citron vert,#00FF00
magenta,#FF00FF
bordeaux,#800000
bleu marine,#000080
olive,#808000
orange,#FFA500
rose,#FFC0CB
violet,#800080
rouge,#FF0000
argent,#C0C0C0
bleu sarcelle,#008080
violet,#EE82EE
blanc,#FFFFFF
jaune,#FFFF00
aqua,#00FFFF
noir,#000000
bleu,#0000FF
marron,#A52A2A
cyan,#00FFFF
gris,#808080
vert,#008000
citron vert,#00FF00
magenta,#FF00FF
bordeaux,#800000
bleu marine,#000080
olive,#808000
orange,#FFA500
rose,#FFC0CB
violet,#800080
rouge,#FF0000
argent,#C0C0C0
bleu sarcelle,#008080
violet,#EE82EE
blanc,#FFFFFF
jaune,#FFFF00
aqua,#00FFFF
noir,#000000
bleu,#0000FF
marron,#A52A2A
cyan,#00FFFF
gris,#808080
vert,#008000
citron vert,#00FF00
magenta,#FF00FF
bordeaux,#800000
bleu marine,#000080
olive,#808000
orange,#FFA500
rose,#FFC0CB
violet,#800080
rouge,#FF0000
argent,#C0C0C0
bleu sarcelle,#008080
violet,#EE82EE
blanc,#FFFFFF
jaune,#FFFF00
aqua,#00FFFF
noir,#000000
bleu,#0000FF
marron,#A52A2A
cyan,#00FFFF
gris,#808080
vert,#008000
citron vert,#00FF00
magenta,#FF00FF
bordeaux,#800000
bleu marine,#000080
olive,#808000
orange,#FFA500
rose,#FFC0CB
violet,#800080
rouge,#FF0000
argent,#C0C0C0
bleu sarcelle,#008080
violet,#EE82EE
blanc,#FFFFFF
jaune,#FFFF00
aqua,#00FFFF
noir,#000000
bleu,#0000FF
marron,#A52A2A
cyan,#00FFFF
gris,#808080
vert,#008000
citron vert,#00FF00
magenta,#FF00FF
bordeaux,#800000
bleu marine,#000080
olive,#808000
orange,#FFA500
rose,#FFC0CB
violet,#800080
rouge,#FF0000
argent,#C0C0C0
bleu sarcelle,#008080
violet,#EE82EE
blanc,#FFFFFF
jaune,#FFFF00
aqua,#00FFFF
noir,#000000
bleu,#0000FF
marron,#A52A2A
cyan,#00FFFF
gris,#808080
vert,#008000
citron vert,#00FF00
magenta,#FF00FF
bordeaux,#800000
bleu marine,#000080
olive,#808000
orange,#FFA500
rose,#FFC0CB
violet,#800080
rouge,#FF0000
argent,#C0C0C0
bleu sarcelle,#008080
violet,#EE82EE
blanc,#FFFFFF
jaune,#FFFF00
aqua,#00FFFF
noir,#000000
bleu,#0000FF
marron,#A52A2A
cyan,#00FFFF
gris,#808080
vert,#008000
citron vert,#00FF00
magenta,#FF00FF
bordeaux,#800000
bleu marine,#000080
olive,#808000
orange,#FFA500
rose,#FFC0CB
violet,#800080
rouge,#FF0000
argent,#C0C0C0
bleu sarcelle,#008080
violet,#EE82EE
blanc,#FFFFFF
jaune,#FFFF00
aqua,#00FFFF
noir,#000000
bleu,#0000FF
marron,#A52A2A
cyan,#00FFFF
gris,#808080
vert,#008000
citron vert,#00FF00
magenta,#FF00FF
bordeaux,#800000
bleu marine,#000080
olive,#808000
orange,#FFA500
rose,#FFC0CB
violet,#800080
rouge,#FF0000
argent,#C0C0C0
bleu sarcelle,#008080
violet,#EE82EE
blanc,#FFFFFF
jaune,#FFFF00
aqua,#00FFFF
noir,#000000
bleu,#0000FF
marron,#A52A2A
cyan,#00FFFF
gris,#808080
vert,#008000
citron vert,#00FF00
magenta,#FF00FF
bordeaux,#800000
bleu marine,#000080
olive,#808000
orange,#FFA500
rose,#FFC0CB
violet,#800080
rouge,#FF0000
argent,#C0C0C0
bleu sarcelle,#008080
violet,#EE82EE
blanc,#FFFFFF
jaune,#FFFF00
aqua,#00FFFF
noir,#000000
bleu,#0000FF
marron,#A52A2A
cyan,#00FFFF
gris,#808080
vert,#008000
citron vert,#00FF00
magenta,#FF00FF
bordeaux,#800000
bleu marine,#000080
olive,#808000
orange,#FFA500
rose,#FFC0CB
violet,#800080
rouge,#FF0000
argent,#C0C0C0
bleu sarcelle,#008080
violet,#EE82EE
blanc,#FFFFFF
jaune,#FFFF00
aqua,#00FFFF
noir,#000000
bleu,#0000FF
marron,#A52A2A
cyan,#00FFFF
gris,#808080
vert,#008000
citron vert,#00FF00
magenta,#FF00FF
bordeaux,#800000
bleu marine,#000080
olive,#808000
orange,#FFA500
rose,#FFC0CB
violet,#800080
rouge,#FF0000
argent,#C0C0C0
bleu sarcelle,#008080
violet,#EE82EE
blanc,#FFFFFF
jaune,#FFFF00
aqua,#00FFFF
noir,#000000
bleu,#0000FF
marron,#A52A2A
cyan,#00FFFF
gris,#808080
vert,#008000
citron vert,#00FF00
magenta,#FF00FF
bordeaux,#800000
bleu marine,#000080
olive,#808000
orange,#FFA500
rose,#FFC0CB
violet,#800080
rouge,#FF0000
argent,#C0C0C0
bleu sarcelle,#008080
violet,#EE82EE
blanc,#FFFFFF
jaune,#FFFF00
aqua,#00FFFF
noir,#000000
bleu,#0000FF
marron,#A52A2A
cyan,#00FFFF
gris,#808080
vert,#008000
citron vert,#00FF00
magenta,#FF00FF
bordeaux,#800000
bleu marine,#000080
olive,#808000
orange,#FFA500
rose,#FFC0CB
violet,#800080
rouge,#FF0000
argent,#C0C0C0
bleu sarcelle,#008080
violet,#EE82EE
blanc,#FFFFFF
jaune,#FFFF00
aqua,#00FFFF
noir,#000000
bleu,#0000FF
marron,#A52A2A
cyan,#00FFFF
gris,#808080
vert,#008000
citron vert,#00FF00
magenta,#FF00FF
bordeaux,#800000
bleu marine,#000080
olive,#808000
orange,#FFA500
rose,#FFC0CB
violet,#800080
rouge,#FF0000
argent,#C0C0C0
bleu sarcelle,#008080
violet,#EE82EE
blanc,#FFFFFF
jaune,#FFFF00
aqua,#00FFFF
noir,#000000
bleu,#0000FF
marron,#A52A2A
cyan,#00FFFF
gris,#808080
vert,#008000
citron vert,#00FF00
magenta,#FF00FF
bordeaux,#800000
bleu marine,#000080
olive,#808000
orange,#FFA500
rose,#FFC0CB
violet,#800080
rouge,#FF0000
argent,#C0C0C0
bleu sarcelle,#008080
violet,#EE82EE
blanc,#FFFFFF
jaune,#FFFF00
aqua,#00FFFF
noir,#000000
bleu,#0000FF
marron,#A52A2A
cyan,#00FFFF
gris,#808080
vert,#008000
citron vert,#00FF00
magenta,#FF00FF
bordeaux,#800000
bleu marine,#000080
olive,#808000
orange,#FFA500
rose,#FFC0CB
violet,#800080
rouge,#FF0000
argent,#C0C0C0
bleu sarcelle,#008080
violet,#EE82EE
blanc,#FFFFFF
jaune,#FFFF00
aqua,#00FFFF
noir,#000000
bleu,#0000FF
marron,#A52A2A
cyan,#00FFFF
gris,#808080
vert,#008000
citron vert,#00FF00
magenta,#FF00FF
bordeaux,#800000
bleu marine,#000080
olive,#808000
orange,#FFA500
rose,#FFC0CB
violet,#800080
rouge,#FF0000
argent,#C0C0C0
bleu sarcelle,#008080
violet,#EE82EE
blanc,#FFFFFF
jaune,#FFFF00
aqua,#00FFFF
noir,#000000
bleu,#0000FF
marron,#A52A2A
cyan,#00FFFF
gris,#808080
vert,#008000
citron vert,#00FF00
magenta,#FF00FF
bordeaux,#800000
bleu marine,#000080
olive,#808000
orange,#FFA500
rose,#FFC0CB
violet,#800080
rouge,#FF0000
argent,#C0C0C0
bleu sarcelle,#008080
violet,#EE82EE
blanc,#FFFFFF
jaune,#FFFF00
aqua,#00FFFF
noir,#000000
bleu,#0000FF
marron,#A52A2A
cyan,#00FFFF
gris,#808080
vert,#008000
citron vert,#00FF00
magenta,#FF00FF
bordeaux,#800000
bleu marine,#000080
olive,#808000
orange,#FFA500
rose,#FFC0CB
violet,#800080
rouge,#FF0000
argent,#C0C0C0
bleu sarcelle,#008080
violet,#EE82EE
blanc,#FFFFFF
jaune,#FFFF00
aqua,#00FFFF
noir,#000000
bleu,#0000FF
marron,#A52A2A
cyan,#00FFFF
gris,#808080
vert,#008000
citron vert,#00FF00
magenta,#FF00FF
bordeaux,#800000
bleu marine,#000080
olive,#808000
orange,#FFA500
rose,#FFC0CB
violet,#800080
rouge,#FF0000
argent,#C0C0C0
bleu sarcelle,#008080
violet,#EE82EE
blanc,#FFFFFF
jaune,#FFFF00
aqua,#00FFFF
noir,#000000
bleu,#0000FF
marron,#A52A2A
cyan,#00FFFF
gris,#808080
vert,#008000
citron vert,#00FF00
magenta,#FF00FF
bordeaux,#800000
bleu marine,#000080
olive,#808000
orange,#FFA500
rose,#FFC0CB
violet,#800080
rouge,#FF0000
argent,#C0C0C0
bleu sarcelle,#008080
violet,#EE82EE
blanc,#FFFFFF
jaune,#FFFF00
aqua,#00FFFF
noir,#000000
bleu,#0000FF
marron,#A52A2A
cyan,#00FFFF
gris,#808080
vert,#008000
citron vert,#00FF00
magenta,#FF00FF
bordeaux,#800000
bleu marine,#000080
olive,#808000
orange,#FFA500
rose,#FFC0CB
violet,#800080
rouge,#FF0000
argent,#C0C0C0
bleu sarcelle,#008080
violet,#EE82EE
blanc,#FFFFFF
jaune,#FFFF00
aqua,#00FFFF
noir,#000000
bleu,#0000FF
marron,#A52A2A
cyan,#00FFFF
gris,#808080
vert,#008000
citron vert,#00FF00
magenta,#FF00FF
bordeaux,#800000
bleu marine,#000080
olive,#808000
orange,#FFA500
rose,#FFC0CB
violet,#800080
rouge,#FF0000
argent,#C0C0C0
bleu sarcelle,#008080
violet,#EE82EE
blanc,#FFFFFF
jaune,#FFFF00
aqua,#00FFFF
noir,#000000
bleu,#0000FF
marron,#A52A2A
cyan,#00FFFF
gris,#808080
vert,#008000
citron vert,#00FF00
magenta,#FF00FF
bordeaux,#800000
bleu marine,#000080
olive,#808000
orange,#FFA500
rose,#FFC0CB
violet,#800080
rouge,#FF0000
argent,#C0C0C0
bleu sarcelle,#008080
violet,#EE82EE
blanc,#FFFFFF
jaune,#FFFF00
aqua,#00FFFF
noir,#000000
bleu,#0000FF
marron,#A52A2A
cyan,#00FFFF
gris,#808080
vert,#008000
citron vert,#00FF00
magenta,#FF00FF
bordeaux,#800000
bleu marine,#000080
olive,#808000
orange,#FFA500
rose,#FFC0CB
violet,#800080
rouge,#FF0000
argent,#C0C0C0
bleu sarcelle,#008080
violet,#EE82EE
blanc,#FFFFFF
jaune,#FFFF00
aqua,#00FFFF
noir,#000000
bleu,#0000FF
marron,#A52A2A
cyan,#00FFFF
gris,#808080
vert,#008000
citron vert,#00FF00
magenta,#FF00FF
bordeaux,#800000
bleu marine,#000080
olive,#808000
orange,#FFA500
rose,#FFC0CB
violet,#800080
rouge,#FF0000
argent,#C0C0C0
bleu sarcelle,#008080
violet,#EE82EE
blanc,#FFFFFF
jaune,#FFFF00
aqua,#00FFFF
noir,#000000
bleu,#0000FF
marron,#A52A2A
cyan,#00FFFF
gris,#808080
vert,#008000
citron vert,#00FF00
magenta,#FF00FF
bordeaux,#800000
bleu marine,#000080
olive,#808000
orange,#FFA500
rose,#FFC0CB
violet,#800080
rouge,#FF0000
argent,#C0C0C0
bleu sarcelle,#008080
violet,#EE82EE
blanc,#FFFFFF
jaune,#FFFF00
aqua,#00FFFF
noir,#000000
bleu,#0000FF
marron,#A52A2A
cyan,#00FFFF
gris,#808080
vert,#008000
citron vert,#00FF00
magenta,#FF00FF
bordeaux,#800000
bleu marine,#000080
olive,#808000
orange,#FFA500
rose,#FFC0CB
violet,#800080
rouge,#FF0000
argent,#C0C0C0
bleu sarcelle,#008080
violet,#EE82EE
blanc,#FFFFFF
jaune,#FFFF00
aqua,#00FFFF
noir,#000000
bleu,#0000FF
marron,#A52A2A
cyan,#00FFFF
gris,#808080
vert,#008000
citron vert,#00FF00
magenta,#FF00FF
bordeaux,#800000
bleu marine,#000080
olive,#808000
orange,#FFA500
rose,#FFC0CB
violet,#800080
rouge,#FF0000
argent,#C0C0C0
bleu sarcelle,#008080
violet,#EE82EE
blanc,#FFFFFF
jaune,#FFFF00
aqua,#00FFFF
noir,#000000
bleu,#0000FF
marron,#A52A2A
cyan,#00FFFF
gris,#808080
vert,#008000
citron vert,#00FF00
magenta,#FF00FF
bordeaux,#800000
bleu marine,#000080
olive,#808000
orange,#FFA500
rose,#FFC0CB
violet,#800080
rouge,#FF0000
argent,#C0C0C0
bleu sarcelle,#008080
violet,#EE82EE
blanc,#FFFFFF
jaune,#FFFF00
aqua,#00FFFF
noir,#000000
bleu,#0000FF
marron,#A52A2A
cyan,#00FFFF
gris,#808080
vert,#008000
citron vert,#00FF00
magenta,#FF00FF
bordeaux,#800000
bleu marine,#000080
olive,#808000
orange,#FFA500
rose,#FFC0CB
violet,#800080
rouge,#FF0000
argent,#C0C0C0
bleu sarcelle,#008080
violet,#EE82EE
blanc,#FFFFFF
jaune,#FFFF00
aqua,#00FFFF
noir,#000000
bleu,#0000FF
marron,#A52A2A
cyan,#00FFFF
gris,#808080
vert,#008000
citron vert,#00FF00
magenta,#FF00FF
bordeaux,#800000
bleu marine,#000080
olive,#808000
orange,#FFA500
rose,#FFC0CB
violet,#800080
rouge,#FF0000
argent,#C0C0C0
bleu sarcelle,#008080
violet,#EE82EE
blanc,#FFFFFF
jaune,#FFFF00
aqua,#00FFFF
noir,#000000
bleu,#0000FF
marron,#A52A2A
cyan,#00FFFF
gris,#808080
vert,#008000
citron vert,#00FF00
magenta,#FF00FF
bordeaux,#800000
bleu marine,#000080
olive,#808000
orange,#FFA500
rose,#FFC0CB
violet,#800080
rouge,#FF0000
argent,#C0C0C0
bleu sarcelle,#008080
violet,#EE82EE
blanc,#FFFFFF
jaune,#FFFF00
aqua,#00FFFF
noir,#000000
bleu,#0000FF
marron,#A52A2A
cyan,#00FFFF
gris,#808080
vert,#008000
citron vert,#00FF00
magenta,#FF00FF
bordeaux,#800000
bleu marine,#000080
olive,#808000
orange,#FFA500
rose,#FFC0CB
violet,#800080
rouge,#FF0000
argent,#C0C0C0
bleu sarcelle,#008080
violet,#EE82EE
blanc,#FFFFFF
jaune,#FFFF00
aqua,#00FFFF
noir,#000000
bleu,#0000FF
marron,#A52A2A
cyan,#00FFFF
gris,#808080
vert,#008000
citron vert,#00FF00
magenta,#FF00FF
bordeaux,#800000
bleu marine,#000080
olive,#808000
orange,#FFA500
rose,#FFC0CB
violet,#800080
rouge,#FF0000
argent,#C0C0C0
bleu sarcelle,#008080
violet,#EE82EE
blanc,#FFFFFF
jaune,#FFFF00
aqua,#00FFFF
noir,#000000
bleu,#0000FF
marron,#A52A2A
cyan,#00FFFF
gris,#808080
vert,#008000
citron vert,#00FF00
magenta,#FF00FF
bordeaux,#800000
bleu marine,#000080
olive,#808000
orange,#FFA500
rose,#FFC0CB
violet,#800080
rouge,#FF0000
argent,#C0C0C0
bleu sarcelle,#008080
violet,#EE82EE
blanc,#FFFFFF
jaune,#FFFF00
aqua,#00FFFF
noir,#000000
bleu,#0000FF
marron,#A52A2A
cyan,#00FFFF
gris,#808080
vert,#008000
citron vert,#00FF00
magenta,#FF00FF
bordeaux,#800000
bleu marine,#000080
olive,#808000
orange,#FFA500
rose,#FFC0CB
violet,#800080
rouge,#FF0000
argent,#C0C0C0
bleu sarcelle,#008080
violet,#EE82EE
blanc,#FFFFFF
jaune,#FFFF00
aqua,#00FFFF
noir,#000000
bleu,#0000FF
marron,#A52A2A
cyan,#00FFFF
gris,#808080
vert,#008000
citron vert,#00FF00
magenta,#FF00FF
bordeaux,#800000
bleu marine,#000080
olive,#808000
orange,#FFA500
rose,#FFC0CB
violet,#800080
rouge,#FF0000
argent,#C0C0C0
bleu sarcelle,#008080
violet,#EE82EE
blanc,#FFFFFF
jaune,#FFFF00
aqua,#00FFFF
noir,#000000
bleu,#0000FF
marron,#A52A2A
cyan,#00FFFF
gris,#808080
vert,#008000
citron vert,#00FF00
magenta,#FF00FF
bordeaux,#800000
bleu marine,#000080
olive,#808000
orange,#FFA500
rose,#FFC0CB
violet,#800080
rouge,#FF0000
argent,#C0C0C0
bleu sarcelle,#008080
violet,#EE82EE
blanc,#FFFFFF
jaune,#FFFF00
aqua,#00FFFF
noir,#000000
bleu,#0000FF
marron,#A52A2A
cyan,#00FFFF
gris,#808080
vert,#008000
citron vert,#00FF00
magenta,#FF00FF
bordeaux,#800000
bleu marine,#000080
olive,#808000
orange,#FFA500
rose,#FFC0CB
violet,#800080
rouge,#FF0000
argent,#C0C0C0
bleu sarcelle,#008080
violet,#EE82EE
blanc,#FFFFFF
jaune,#FFFF00
aqua,#00FFFF
noir,#000000
bleu,#0000FF
marron,#A52A2A
cyan,#00FFFF
gris,#808080
vert,#008000
citron vert,#00FF00
magenta,#FF00FF
bordeaux,#800000
bleu marine,#000080
olive,#808000
orange,#FFA500
rose,#FFC0CB
violet,#800080
rouge,#FF0000
argent,#C0C0C0
bleu sarcelle,#008080
violet,#EE82EE
blanc,#FFFFFF
jaune,#FFFF00
aqua,#00FFFF
noir,#000000
bleu,#0000FF
marron,#A52A2A
cyan,#00FFFF
gris,#808080
vert,#008000
citron vert,#00FF00
magenta,#FF00FF
bordeaux,#800000
bleu marine,#000080
olive,#808000
orange,#FFA500
rose,#FFC0CB
violet,#800080
rouge,#FF0000
argent,#C0C0C0
bleu sarcelle,#008080
violet,#EE82EE
blanc,#FFFFFF
jaune,#FFFF00
aqua,#00FFFF
noir,#000000
bleu,#0000FF
marron,#A52A2A
cyan,#00FFFF
gris,#808080
vert,#008000
citron vert,#00FF00
magenta,#FF00FF
bordeaux,#800000
bleu marine,#000080
olive,#808000
orange,#FFA500
rose,#FFC0CB
violet,#800080
rouge,#FF0000
argent,#C0C0C0
bleu sarcelle,#008080
violet,#EE82EE
blanc,#FFFFFF
jaune,#FFFF00
aqua,#00FFFF
noir,#000000
bleu,#0000FF
marron,#A52A2A
cyan,#00FFFF
gris,#808080
vert,#008000
citron vert,#00FF00
magenta,#FF00FF
bordeaux,#800000
bleu marine,#000080
olive,#808000
orange,#FFA500
rose,#FFC0CB
violet,#800080
rouge,#FF0000
argent,#C0C0C0
bleu sarcelle,#008080
violet,#EE82EE
blanc,#FFFFFF
jaune,#FFFF00
aqua,#00FFFF
noir,#000000
bleu,#0000FF
marron,#A52A2A
cyan,#00FFFF
gris,#808080
vert,#008000
citron vert,#00FF00
magenta,#FF00FF
bordeaux,#800000
bleu marine,#000080
olive,#808000
orange,#FFA500
rose,#FFC0CB
violet,#800080
rouge,#FF0000
argent,#C0C0C0
bleu sarcelle,#008080
violet,#EE82EE
blanc,#FFFFFF
jaune,#FFFF00
aqua,#00FFFF
noir,#000000
bleu,#0000FF
marron,#A52A2A
cyan,#00FFFF
gris,#808080
vert,#008000
citron vert,#00FF00
magenta,#FF00FF
bordeaux,#800000
bleu marine,#000080
olive,#808000
orange,#FFA500
rose,#FFC0CB
violet,#800080
rouge,#FF0000
argent,#C0C0C0
bleu sarcelle,#008080
violet,#EE82EE
blanc,#FFFFFF
jaune,#FFFF00
aqua,#00FFFF
noir,#000000
bleu,#0000FF
marron,#A52A2A
cyan,#00FFFF
gris,#808080
vert,#008000
citron vert,#00FF00
magenta,#FF00FF
bordeaux,#800000
bleu marine,#000080
olive,#808000
orange,#FFA500
rose,#FFC0CB
violet,#800080
rouge,#FF0000
argent,#C0C0C0
bleu sarcelle,#008080
violet,#EE82EE
blanc,#FFFFFF
jaune,#FFFF00
aqua,#00FFFF
noir,#000000
bleu,#0000FF
marron,#A52A2A
cyan,#00FFFF
gris,#808080
vert,#008000
citron vert,#00FF00
magenta,#FF00FF
bordeaux,#800000
bleu marine,#000080
olive,#808000
orange,#FFA500
rose,#FFC0CB
violet,#800080
rouge,#FF0000
argent,#C0C0C0
bleu sarcelle,#008080
violet,#EE82EE
blanc,#FFFFFF
jaune,#FFFF00
aqua,#00FFFF
noir,#000000
bleu,#0000FF
marron,#A52A2A
cyan,#00FFFF
gris,#808080
vert,#008000
citron vert,#00FF00
magenta,#FF00FF
bordeaux,#800000
bleu marine,#000080
olive,#808000
orange,#FFA500
rose,#FFC0CB
violet,#800080
rouge,#FF0000
argent,#C0C0C0
bleu sarcelle,#008080
violet,#EE82EE
blanc,#FFFFFF
jaune,#FFFF00
aqua,#00FFFF
noir,#000000
bleu,#0000FF
marron,#A52A2A
cyan,#00FFFF
gris,#808080
vert,#008000
citron vert,#00FF00
magenta,#FF00FF
bordeaux,#800000
bleu marine,#000080
olive,#808000
orange,#FFA500
rose,#FFC0CB
violet,#800080
rouge,#FF0000
argent,#C0C0C0
bleu sarcelle,#008080
violet,#EE82EE
blanc,#FFFFFF
jaune,#FFFF00
aqua,#00FFFF
noir,#000000
bleu,#0000FF
marron,#A52A2A
cyan,#00FFFF
gris,#808080
vert,#008000
citron vert,#00FF00
magenta,#FF00FF
bordeaux,#800000
bleu marine,#000080
olive,#808000
orange,#FFA500
rose,#FFC0CB
violet,#800080
rouge,#FF0000
argent,#C0C0C0
bleu sarcelle,#008080
violet,#EE82EE
blanc,#FFFFFF
jaune,#FFFF00
aqua,#00FFFF
noir,#000000
bleu,#0000FF
marron,#A52A2A
cyan,#00FFFF
gris,#808080
vert,#008000
citron vert,#00FF00
magenta,#FF00FF
bordeaux,#800000
bleu marine,#000080
olive,#808000
orange,#FFA500
rose,#FFC0CB
violet,#800080
rouge,#FF0000
argent,#C0C0C0
bleu sarcelle,#008080
violet,#EE82EE
blanc,#FFFFFF
jaune,#FFFF00
aqua,#00FFFF
noir,#000000
bleu,#0000FF
marron,#A52A2A
cyan,#00FFFF
gris,#808080
vert,#008000
citron vert,#00FF00
magenta,#FF00FF
bordeaux,#800000
bleu marine,#000080
olive,#808000
orange,#FFA500
rose,#FFC0CB
violet,#800080
rouge,#FF0000
argent,#C0C0C0
bleu sarcelle,#008080
violet,#EE82EE
blanc,#FFFFFF
jaune,#FFFF00
aqua,#00FFFF
noir,#000000
bleu,#0000FF
marron,#A52A2A
cyan,#00FFFF
gris,#808080
vert,#008000
citron vert,#00FF00
magenta,#FF00FF
bordeaux,#800000
bleu marine,#000080
olive,#808000
orange,#FFA500
rose,#FFC0CB
violet,#800080
rouge,#FF0000
argent,#C0C0C0
bleu sarcelle,#008080
violet,#EE82EE
blanc,#FFFFFF
jaune,#FFFF00
aqua,#00FFFF
noir,#000000
bleu,#0000FF
marron,#A52A2A
cyan,#00FFFF
gris,#808080
vert,#008000
citron vert,#00FF00
magenta,#FF00FF
bordeaux,#800000
bleu marine,#000080
olive,#808000
orange,#FFA500
rose,#FFC0CB
violet,#800080
rouge,#FF0000
argent,#C0C0C0
bleu sarcelle,#008080
violet,#EE82EE
blanc,#FFFFFF
jaune,#FFFF00
aqua,#00FFFF
noir,#000000
bleu,#0000FF
marron,#A52A2A
cyan,#00FFFF
gris,#808080
vert,#008000
citron vert,#00FF00
magenta,#FF00FF
bordeaux,#800000
bleu marine,#000080
olive,#808000
orange,#FFA500
rose,#FFC0CB
violet,#800080
rouge,#FF0000
argent,#C0C0C0
bleu sarcelle,#008080
violet,#EE82EE
blanc,#FFFFFF
jaune,#FFFF00
aqua,#00FFFF
noir,#000000
bleu,#0000FF
marron,#A52A2A
cyan,#00FFFF
gris,#808080
vert,#008000
citron vert,#00FF00
magenta,#FF00FF
bordeaux,#800000
bleu marine,#000080
olive,#808000
orange,#FFA500
rose,#FFC0CB
violet,#800080
rouge,#FF0000
argent,#C0C0C0
bleu sarcelle,#008080
violet,#EE82EE
blanc,#FFFFFF
jaune,#FFFF00
aqua,#00FFFF
noir,#000000
bleu,#0000FF
marron,#A52A2A
cyan,#00FFFF
gris,#808080
vert,#008000
citron vert,#00FF00
magenta,#FF00FF
bordeaux,#800000
bleu marine,#000080
olive,#808000
orange,#FFA500
rose,#FFC0CB
violet,#800080
rouge,#FF0000
argent,#C0C0C0
bleu sarcelle,#008080
violet,#EE82EE
blanc,#FFFFFF
jaune,#FFFF00
aqua,#00FFFF
noir,#000000
bleu,#0000FF
marron,#A52A2A
cyan,#00FFFF
gris,#808080
vert,#008000
citron vert,#00FF00
magenta,#FF00FF
bordeaux,#800000
bleu marine,#000080
olive,#808000
orange,#FFA500
rose,#FFC0CB
violet,#800080
rouge,#FF0000
argent,#C0C0C0
bleu sarcelle,#008080
violet,#EE82EE
blanc,#FFFFFF
jaune,#FFFF00
aqua,#00FFFF
noir,#000000
bleu,#0000FF
marron,#A52A2A
cyan,#00FFFF
gris,#808080
vert,#008000
citron vert,#00FF00
magenta,#FF00FF
bordeaux,#800000
bleu marine,#000080
olive,#808000
orange,#FFA500
rose,#FFC0CB
violet,#800080
rouge,#FF0000
argent,#C0C0C0
bleu sarcelle,#008080
violet,#EE82EE
blanc,#FFFFFF
jaune,#FFFF00
aqua,#00FFFF
noir,#000000
bleu,#0000FF
marron,#A52A2A
cyan,#00FFFF
gris,#808080
vert,#008000
citron vert,#00FF00
magenta,#FF00FF
bordeaux,#800000
bleu marine,#000080
olive,#808000
orange,#FFA500
rose,#FFC0CB
violet,#800080
rouge,#FF0000
argent,#C0C0C0
bleu sarcelle,#008080
violet,#EE82EE
blanc,#FFFFFF
jaune,#FFFF00
aqua,#00FFFF
noir,#000000
bleu,#0000FF
marron,#A52A2A
cyan,#00FFFF
gris,#808080
vert,#008000
citron vert,#00FF00
magenta,#FF00FF
bordeaux,#800000
bleu marine,#000080
olive,#808000
orange,#FFA500
rose,#FFC0CB
violet,#800080
rouge,#FF0000
argent,#C0C0C0
bleu sarcelle,#008080
violet,#EE82EE
blanc,#FFFFFF
jaune,#FFFF00
aqua,#00FFFF
noir,#000000
bleu,#0000FF
marron,#A52A2A
cyan,#00FFFF
gris,#808080
vert,#008000
citron vert,#00FF00
magenta,#FF00FF
bordeaux,#800000
bleu marine,#000080
olive,#808000
orange,#FFA500
rose,#FFC0CB
violet,#800080
rouge,#FF0000
argent,#C0C0C0
bleu sarcelle,#008080
violet,#EE82EE
blanc,#FFFFFF
jaune,#FFFF00
aqua,#00FFFF
noir,#000000
bleu,#0000FF
marron,#A52A2A
cyan,#00FFFF
gris,#808080
vert,#008000
citron vert,#00FF00
magenta,#FF00FF
bordeaux,#800000
bleu marine,#000080
olive,#808000
orange,#FFA500
rose,#FFC0CB
violet,#800080
rouge,#FF0000
argent,#C0C0C0
bleu sarcelle,#008080
violet,#EE82EE
blanc,#FFFFFF
jaune,#FFFF00
aqua,#00FFFF
noir,#000000
bleu,#0000FF
marron,#A52A2A
cyan,#00FFFF
gris,#808080
vert,#008000
citron vert,#00FF00
magenta,#FF00FF
bordeaux,#800000
bleu marine,#000080
olive,#808000
orange,#FFA500
rose,#FFC0CB
violet,#800080
rouge,#FF0000
argent,#C0C0C0
bleu sarcelle,#008080
violet,#EE82EE
blanc,#FFFFFF
jaune,#FFFF00
aqua,#00FFFF
noir,#000000
bleu,#0000FF
marron,#A52A2A
cyan,#00FFFF
gris,#808080
vert,#008000
citron vert,#00FF00
magenta,#FF00FF
bordeaux,#800000
bleu marine,#000080
olive,#808000
orange,#FFA500
rose,#FFC0CB
violet,#800080
rouge,#FF0000
argent,#C0C0C0
bleu sarcelle,#008080
violet,#EE82EE
blanc,#FFFFFF
jaune,#FFFF00
aqua,#00FFFF
noir,#000000
bleu,#0000FF
marron,#A52A2A
cyan,#00FFFF
gris,#808080
vert,#008000
citron vert,#00FF00
magenta,#FF00FF
bordeaux,#800000
bleu marine,#000080
olive,#808000
orange,#FFA500
rose,#FFC0CB
violet,#800080
rouge,#FF0000
argent,#C0C0C0
bleu sarcelle,#008080
violet,#EE82EE
blanc,#FFFFFF
jaune,#FFFF00
aqua,#00FFFF
noir,#000000
bleu,#0000FF
marron,#A52A2A
cyan,#00FFFF
gris,#808080
vert,#008000
citron vert,#00FF00
magenta,#FF00FF
bordeaux,#800000
bleu marine,#000080
olive,#808000
orange,#FFA500
rose,#FFC0CB
violet,#800080
rouge,#FF0000
argent,#C0C0C0
bleu sarcelle,#008080
violet,#EE82EE
blanc,#FFFFFF
jaune,#FFFF00
aqua,#00FFFF
noir,#000000
bleu,#0000FF
marron,#A52A2A
cyan,#00FFFF
gris,#808080
vert,#008000
citron vert,#00FF00
magenta,#FF00FF
bordeaux,#800000
bleu marine,#000080
olive,#808000
orange,#FFA500
rose,#FFC0CB
violet,#800080
rouge,#FF0000
argent,#C0C0C0
bleu sarcelle,#008080
violet,#EE82EE
blanc,#FFFFFF
jaune,#FFFF00
aqua,#00FFFF
noir,#000000
bleu,#0000FF
marron,#A52A2A
cyan,#00FFFF
gris,#808080
vert,#008000
citron vert,#00FF00
magenta,#FF00FF
bordeaux,#800000
bleu marine,#000080
olive,#808000
orange,#FFA500
rose,#FFC0CB
violet,#800080
rouge,#FF0000
argent,#C0C0C0
bleu sarcelle,#008080
violet,#EE82EE
blanc,#FFFFFF
jaune,#FFFF00
aqua,#00FFFF
noir,#000000
bleu,#0000FF
marron,#A52A2A
cyan,#00FFFF
gris,#808080
vert,#008000
citron vert,#00FF00
magenta,#FF00FF
bordeaux,#800000
bleu marine,#000080
olive,#808000
orange,#FFA500
rose,#FFC0CB
violet,#800080
rouge,#FF0000
argent,#C0C0C0
bleu sarcelle,#008080
violet,#EE82EE
blanc,#FFFFFF
jaune,#FFFF00
aqua,#00FFFF
noir,#000000
bleu,#0000FF
marron,#A52A2A
cyan,#00FFFF
gris,#808080
vert,#008000
citron vert,#00FF00
magenta,#FF00FF
bordeaux,#800000
bleu marine,#000080
olive,#808000
orange,#FFA500
rose,#FFC0CB
violet,#800080
rouge,#FF0000
argent,#C0C0C0
bleu sarcelle,#008080
violet,#EE82EE
blanc,#FFFFFF
jaune,#FFFF00
aqua,#00FFFF
noir,#000000
bleu,#0000FF
marron,#A52A2A
cyan,#00FFFF
gris,#808080
vert,#008000
citron vert,#00FF00
magenta,#FF00FF
bordeaux,#800000
bleu marine,#000080
olive,#808000
orange,#FFA500
rose,#FFC0CB
violet,#800080
rouge,#FF0000
argent,#C0C0C0
bleu sarcelle,#008080
violet,#EE82EE
blanc,#FFFFFF
jaune,#FFFF00
aqua,#00FFFF
noir,#000000
bleu,#0000FF
marron,#A52A2A
cyan,#00FFFF
gris,#808080
vert,#008000
citron vert,#00FF00
magenta,#FF00FF
bordeaux,#800000
bleu marine,#000080
olive,#808000
orange,#FFA500
rose,#FFC0CB
violet,#800080
rouge,#FF0000
argent,#C0C0C0
bleu sarcelle,#008080
violet,#EE82EE
blanc,#FFFFFF
jaune,#FFFF00
aqua,#00FFFF
noir,#000000
bleu,#0000FF
marron,#A52A2A
cyan,#00FFFF
gris,#808080
vert,#008000
citron vert,#00FF00
magenta,#FF00FF
bordeaux,#800000
bleu marine,#000080
olive,#808000
orange,#FFA500
rose,#FFC0CB
violet,#800080
rouge,#FF0000
argent,#C0C0C0
bleu sarcelle,#008080
violet,#EE82EE
blanc,#FFFFFF
jaune,#FFFF00
aqua,#00FFFF
noir,#000000
bleu,#0000FF
marron,#A52A2A
cyan,#00FFFF
gris,#808080
vert,#008000
citron vert,#00FF00
magenta,#FF00FF
bordeaux,#800000
bleu marine,#000080
olive,#808000
orange,#FFA500
rose,#FFC0CB
violet,#800080
rouge,#FF0000
argent,#C0C0C0
bleu sarcelle,#008080
violet,#EE82EE
blanc,#FFFFFF
jaune,#FFFF00
aqua,#00FFFF
noir,#000000
bleu,#0000FF
marron,#A52A2A
cyan,#00FFFF
gris,#808080
vert,#008000
citron vert,#00FF00
magenta,#FF00FF
bordeaux,#800000
bleu marine,#000080
olive,#808000
orange,#FFA500
rose,#FFC0CB
violet,#800080
rouge,#FF0000
argent,#C0C0C0
bleu sarcelle,#008080
violet,#EE82EE
blanc,#FFFFFF
jaune,#FFFF00
aqua,#00FFFF
noir,#000000
bleu,#0000FF
marron,#A52A2A
cyan,#00FFFF
gris,#808080
vert,#008000
citron vert,#00FF00
magenta,#FF00FF
bordeaux,#800000
bleu marine,#000080
olive,#808000
orange,#FFA500
rose,#FFC0CB
violet,#800080
rouge,#FF0000
argent,#C0C0C0
bleu sarcelle,#008080
violet,#EE82EE
blanc,#FFFFFF
jaune,#FFFF00
aqua,#00FFFF
noir,#000000
bleu,#0000FF
marron,#A52A2A
cyan,#00FFFF
gris,#808080
vert,#008000
citron vert,#00FF00
magenta,#FF00FF
bordeaux,#800000
bleu marine,#000080
olive,#808000
orange,#FFA500
rose,#FFC0CB
violet,#800080
rouge,#FF0000
argent,#C0C0C0
bleu sarcelle,#008080
violet,#EE82EE
blanc,#FFFFFF
jaune,#FFFF00
aqua,#00FFFF
noir,#000000
bleu,#0000FF
marron,#A52A2A
cyan,#00FFFF
gris,#808080
vert,#008000
citron vert,#00FF00
magenta,#FF00FF
bordeaux,#800000
bleu marine,#000080
olive,#808000
orange,#FFA500
rose,#FFC0CB
violet,#800080
rouge,#FF0000
argent,#C0C0C0
bleu sarcelle,#008080
violet,#EE82EE
blanc,#FFFFFF
jaune,#FFFF00
aqua,#00FFFF
noir,#000000
bleu,#0000FF
marron,#A52A2A
cyan,#00FFFF
gris,#808080
vert,#008000
citron vert,#00FF00
magenta,#FF00FF
bordeaux,#800000
bleu marine,#000080
olive,#808000
orange,#FFA500
rose,#FFC0CB
violet,#800080
rouge,#FF0000
argent,#C0C0C0
bleu sarcelle,#008080
violet,#EE82EE
blanc,#FFFFFF
jaune,#FFFF00
aqua,#00FFFF
noir,#000000
bleu,#0000FF
marron,#A52A2A
cyan,#00FFFF
gris,#808080
vert,#008000
citron vert,#00FF00
magenta,#FF00FF
bordeaux,#800000
bleu marine,#000080
olive,#808000
orange,#FFA500
rose,#FFC0CB
violet,#800080
rouge,#FF0000
argent,#C0C0C0
bleu sarcelle,#008080
violet,#EE82EE
blanc,#FFFFFF
jaune,#FFFF00
aqua,#00FFFF
noir,#000000
bleu,#0000FF
marron,#A52A2A
cyan,#00FFFF
gris,#808080
vert,#008000
citron vert,#00FF00
magenta,#FF00FF
bordeaux,#800000
bleu marine,#000080
olive,#808000
orange,#FFA500
rose,#FFC0CB
violet,#800080
rouge,#FF0000
argent,#C0C0C0
bleu sarcelle,#008080
violet,#EE82EE
blanc,#FFFFFF
jaune,#FFFF00
aqua,#00FFFF
noir,#000000
bleu,#0000FF
marron,#A52A2A
cyan,#00FFFF
gris,#808080
vert,#008000
citron vert,#00FF00
magenta,#FF00FF
bordeaux,#800000
bleu marine,#000080
olive,#808000
orange,#FFA500
rose,#FFC0CB
violet,#800080
rouge,#FF0000
argent,#C0C0C0
bleu sarcelle,#008080
violet,#EE82EE
blanc,#FFFFFF
jaune,#FFFF00
aqua,#00FFFF
noir,#000000
bleu,#0000FF
marron,#A52A2A
cyan,#00FFFF
gris,#808080
vert,#008000
citron vert,#00FF00
magenta,#FF00FF
bordeaux,#800000
bleu marine,#000080
olive,#808000
orange,#FFA500
rose,#FFC0CB
violet,#800080
rouge,#FF0000
argent,#C0C0C0
bleu sarcelle,#008080
violet,#EE82EE
blanc,#FFFFFF
jaune,#FFFF00
aqua,#00FFFF
noir,#000000
bleu,#0000FF
marron,#A52A2A
cyan,#00FFFF
gris,#808080
vert,#008000
citron vert,#00FF00
magenta,#FF00FF
bordeaux,#800000
bleu marine,#000080
olive,#808000
orange,#FFA500
rose,#FFC0CB
violet,#800080
rouge,#FF0000
argent,#C0C0C0
bleu sarcelle,#008080
violet,#EE82EE
blanc,#FFFFFF
jaune,#FFFF00
aqua,#00FFFF
noir,#000000
bleu,#0000FF
marron,#A52A2A
cyan,#00FFFF
gris,#808080
vert,#008000
citron vert,#00FF00
magenta,#FF00FF
bordeaux,#800000
bleu marine,#000080
olive,#808000
orange,#FFA500
rose,#FFC0CB
violet,#800080
rouge,#FF0000
argent,#C0C0C0
bleu sarcelle,#008080
violet,#EE82EE
blanc,#FFFFFF
jaune,#FFFF00
aqua,#00FFFF
noir,#000000
bleu,#0000FF
marron,#A52A2A
cyan,#00FFFF
gris,#808080
vert,#008000
citron vert,#00FF00
magenta,#FF00FF
bordeaux,#800000
bleu marine,#000080
olive,#808000
orange,#FFA500
rose,#FFC0CB
violet,#800080
rouge,#FF0000
argent,#C0C0C0
bleu sarcelle,#008080
violet,#EE82EE
blanc,#FFFFFF
jaune,#FFFF00
aqua,#00FFFF
noir,#000000
bleu,#0000FF
marron,#A52A2A
cyan,#00FFFF
gris,#808080
vert,#008000
citron vert,#00FF00
magenta,#FF00FF
bordeaux,#800000
bleu marine,#000080
olive,#808000
orange,#FFA500
rose,#FFC0CB
violet,#800080
rouge,#FF0000
argent,#C0C0C0
bleu sarcelle,#008080
violet,#EE82EE
blanc,#FFFFFF
jaune,#FFFF00
aqua,#00FFFF
noir,#000000
bleu,#0000FF
marron,#A52A2A
cyan,#00FFFF
gris,#808080
vert,#008000
citron vert,#00FF00
magenta,#FF00FF
bordeaux,#800000
bleu marine,#000080
olive,#808000
orange,#FFA500
rose,#FFC0CB
violet,#800080
rouge,#FF0000
argent,#C0C0C0
bleu sarcelle,#008080
violet,#EE82EE
blanc,#FFFFFF
jaune,#FFFF00
aqua,#00FFFF
noir,#000000
bleu,#0000FF
marron,#A52A2A
cyan,#00FFFF
gris,#808080
vert,#008000
citron vert,#00FF00
magenta,#FF00FF
bordeaux,#800000
bleu marine,#000080
olive,#808000
orange,#FFA500
rose,#FFC0CB
violet,#800080
rouge,#FF0000
argent,#C0C0C0
bleu sarcelle,#008080
violet,#EE82EE
blanc,#FFFFFF
jaune,#FFFF00
aqua,#00FFFF
noir,#000000
bleu,#0000FF
marron,#A52A2A
cyan,#00FFFF
gris,#808080
vert,#008000
citron vert,#00FF00
magenta,#FF00FF
bordeaux,#800000
bleu marine,#000080
olive,#808000
orange,#FFA500
rose,#FFC0CB
violet,#800080
rouge,#FF0000
argent,#C0C0C0
bleu sarcelle,#008080
violet,#EE82EE
blanc,#FFFFFF
jaune,#FFFF00
aqua,#00FFFF
noir,#000000
bleu,#0000FF
marron,#A52A2A
cyan,#00FFFF
gris,#808080
vert,#008000
citron vert,#00FF00
magenta,#FF00FF
bordeaux,#800000
bleu marine,#000080
olive,#808000
orange,#FFA500
rose,#FFC0CB
violet,#800080
rouge,#FF0000
argent,#C0C0C0
bleu sarcelle,#008080
violet,#EE82EE
blanc,#FFFFFF
jaune,#FFFF00
aqua,#00FFFF
noir,#000000
bleu,#0000FF
marron,#A52A2A
cyan,#00FFFF
gris,#808080
vert,#008000
citron vert,#00FF00
magenta,#FF00FF
bordeaux,#800000
bleu marine,#000080
olive,#808000
orange,#FFA500
rose,#FFC0CB
violet,#800080
rouge,#FF0000
argent,#C0C0C0
bleu sarcelle,#008080
violet,#EE82EE
blanc,#FFFFFF
jaune,#FFFF00
aqua,#00FFFF
noir,#000000
bleu,#0000FF
marron,#A52A2A
cyan,#00FFFF
gris,#808080
vert,#008000
citron vert,#00FF00
magenta,#FF00FF
bordeaux,#800000
bleu marine,#000080
olive,#808000
orange,#FFA500
rose,#FFC0CB
violet,#800080
rouge,#FF0000
argent,#C0C0C0
bleu sarcelle,#008080
violet,#EE82EE
blanc,#FFFFFF
jaune,#FFFF00
aqua,#00FFFF
noir,#000000
bleu,#0000FF
marron,#A52A2A
cyan,#00FFFF
gris,#808080
vert,#008000
citron vert,#00FF00
magenta,#FF00FF
bordeaux,#800000
bleu marine,#000080
olive,#808000
orange,#FFA500
rose,#FFC0CB
violet,#800080
rouge,#FF0000
argent,#C0C0C0
bleu sarcelle,#008080
violet,#EE82EE
blanc,#FFFFFF
jaune,#FFFF00
aqua,#00FFFF
noir,#000000
bleu,#0000FF
marron,#A52A2A
cyan,#00FFFF
gris,#808080
vert,#008000
citron vert,#00FF00
magenta,#FF00FF
bordeaux,#800000
bleu marine,#000080
olive,#808000
orange,#FFA500
rose,#FFC0CB
violet,#800080
rouge,#FF0000
argent,#C0C0C0
bleu sarcelle,#008080
violet,#EE82EE
blanc,#FFFFFF
jaune,#FFFF00
aqua,#00FFFF
noir,#000000
bleu,#0000FF
marron,#A52A2A
cyan,#00FFFF
gris,#808080
vert,#008000
citron vert,#00FF00
magenta,#FF00FF
bordeaux,#800000
bleu marine,#000080
olive,#808000
orange,#FFA500
rose,#FFC0CB
violet,#800080
rouge,#FF0000
argent,#C0C0C0
bleu sarcelle,#008080
violet,#EE82EE
blanc,#FFFFFF
jaune,#FFFF00
aqua,#00FFFF
noir,#000000
bleu,#0000FF
marron,#A52A2A
cyan,#00FFFF
gris,#808080
vert,#008000
citron vert,#00FF00
magenta,#FF00FF
bordeaux,#800000
bleu marine,#000080
olive,#808000
orange,#FFA500
rose,#FFC0CB
violet,#800080
rouge,#FF0000
argent,#C0C0C0
bleu sarcelle,#008080
violet,#EE82EE
blanc,#FFFFFF
jaune,#FFFF00
aqua,#00FFFF
noir,#000000
bleu,#0000FF
marron,#A52A2A
cyan,#00FFFF
gris,#808080
vert,#008000
citron vert,#00FF00
magenta,#FF00FF
bordeaux,#800000
bleu marine,#000080
olive,#808000
orange,#FFA500
rose,#FFC0CB
violet,#800080
rouge,#FF0000
argent,#C0C0C0
bleu sarcelle,#008080
violet,#EE82EE
blanc,#FFFFFF
jaune,#FFFF00
aqua,#00FFFF
noir,#000000
bleu,#0000FF
marron,#A52A2A
cyan,#00FFFF
gris,#808080
vert,#008000
citron vert,#00FF00
magenta,#FF00FF
bordeaux,#800000
bleu marine,#000080
olive,#808000
orange,#FFA500
rose,#FFC0CB
violet,#800080
rouge,#FF0000
argent,#C0C0C0
bleu sarcelle,#008080
violet,#EE82EE
blanc,#FFFFFF
jaune,#FFFF00
aqua,#00FFFF
noir,#000000
bleu,#0000FF
marron,#A52A2A
cyan,#00FFFF
gris,#808080
vert,#008000
citron vert,#00FF00
magenta,#FF00FF
bordeaux,#800000
bleu marine,#000080
olive,#808000
orange,#FFA500
rose,#FFC0CB
violet,#800080
rouge,#FF0000
argent,#C0C0C0
bleu sarcelle,#008080
violet,#EE82EE
blanc,#FFFFFF
jaune,#FFFF00
aqua,#00FFFF
noir,#000000
bleu,#0000FF
marron,#A52A2A
cyan,#00FFFF
gris,#808080
vert,#008000
citron vert,#00FF00
magenta,#FF00FF
bordeaux,#800000
bleu marine,#000080
olive,#808000
orange,#FFA500
rose,#FFC0CB
violet,#800080
rouge,#FF0000
argent,#C0C0C0
bleu sarcelle,#008080
violet,#EE82EE
blanc,#FFFFFF
jaune,#FFFF00
aqua,#00FFFF
noir,#000000
bleu,#0000FF
marron,#A52A2A
cyan,#00FFFF
gris,#808080
vert,#008000
citron vert,#00FF00
magenta,#FF00FF
bordeaux,#800000
bleu marine,#000080
olive,#808000
orange,#FFA500
rose,#FFC0CB
violet,#800080
rouge,#FF0000
argent,#C0C0C0
bleu sarcelle,#008080
violet,#EE82EE
blanc,#FFFFFF
jaune,#FFFF00
aqua,#00FFFF
noir,#000000
bleu,#0000FF
marron,#A52A2A
cyan,#00FFFF
gris,#808080
vert,#008000
citron vert,#00FF00
magenta,#FF00FF
bordeaux,#800000
bleu marine,#000080
olive,#808000
orange,#FFA500
rose,#FFC0CB
violet,#800080
rouge,#FF0000
argent,#C0C0C0
bleu sarcelle,#008080
violet,#EE82EE
blanc,#FFFFFF
jaune,#FFFF00
aqua,#00FFFF
noir,#000000
bleu,#0000FF
marron,#A52A2A
cyan,#00FFFF
gris,#808080
vert,#008000
citron vert,#00FF00
magenta,#FF00FF
bordeaux,#800000
bleu marine,#000080
olive,#808000
orange,#FFA500
rose,#FFC0CB
violet,#800080
rouge,#FF0000
argent,#C0C0C0
bleu sarcelle,#008080
violet,#EE82EE
blanc,#FFFFFF
jaune,#FFFF00
aqua,#00FFFF
noir,#000000
bleu,#0000FF
marron,#A52A2A
cyan,#00FFFF
gris,#808080
vert,#008000
citron vert,#00FF00
magenta,#FF00FF
bordeaux,#800000
bleu marine,#000080
olive,#808000
orange,#FFA500
rose,#FFC0CB
violet,#800080
rouge,#FF0000
argent,#C0C0C0
bleu sarcelle,#008080
violet,#EE82EE
blanc,#FFFFFF
jaune,#FFFF00
aqua,#00FFFF
noir,#000000
bleu,#0000FF
marron,#A52A2A
cyan,#00FFFF
gris,#808080
vert,#008000
citron vert,#00FF00
magenta,#FF00FF
bordeaux,#800000
bleu marine,#000080
olive,#808000
orange,#FFA500
rose,#FFC0CB
violet,#800080
rouge,#FF0000
argent,#C0C0C0
bleu sarcelle,#008080
violet,#EE82EE
blanc,#FFFFFF
jaune,#FFFF00
aqua,#00FFFF
noir,#000000
bleu,#0000FF
marron,#A52A2A
cyan,#00FFFF
gris,#808080
vert,#008000
citron vert,#00FF00
magenta,#FF00FF
bordeaux,#800000
bleu marine,#000080
olive,#808000
orange,#FFA500
rose,#FFC0CB
violet,#800080
rouge,#FF0000
argent,#C0C0C0
bleu sarcelle,#008080
violet,#EE82EE
blanc,#FFFFFF
jaune,#FFFF00
aqua,#00FFFF
noir,#000000
bleu,#0000FF
marron,#A52A2A
cyan,#00FFFF
gris,#808080
vert,#008000
citron vert,#00FF00
magenta,#FF00FF
bordeaux,#800000
bleu marine,#000080
olive,#808000
orange,#FFA500
rose,#FFC0CB
violet,#800080
rouge,#FF0000
argent,#C0C0C0
bleu sarcelle,#008080
violet,#EE82EE
blanc,#FFFFFF
jaune,#FFFF00
aqua,#00FFFF
noir,#000000
bleu,#0000FF
marron,#A52A2A
cyan,#00FFFF
gris,#808080
vert,#008000
citron vert,#00FF00
magenta,#FF00FF
bordeaux,#800000
bleu marine,#000080
olive,#808000
orange,#FFA500
rose,#FFC0CB
violet,#800080
rouge,#FF0000
argent,#C0C0C0
bleu sarcelle,#008080
violet,#EE82EE
blanc,#FFFFFF
jaune,#FFFF00
aqua,#00FFFF
noir,#000000
bleu,#0000FF
marron,#A52A2A
cyan,#00FFFF
gris,#808080
vert,#008000
citron vert,#00FF00
magenta,#FF00FF
bordeaux,#800000
bleu marine,#000080
olive,#808000
orange,#FFA500
rose,#FFC0CB
violet,#800080
rouge,#FF0000
argent,#C0C0C0
bleu sarcelle,#008080
violet,#EE82EE
blanc,#FFFFFF
jaune,#FFFF00
aqua,#00FFFF
noir,#000000
bleu,#0000FF
marron,#A52A2A
cyan,#00FFFF
gris,#808080
vert,#008000
citron vert,#00FF00
magenta,#FF00FF
bordeaux,#800000
bleu marine,#000080
olive,#808000
orange,#FFA500
rose,#FFC0CB
violet,#800080
rouge,#FF0000
argent,#C0C0C0
bleu sarcelle,#008080
violet,#EE82EE
blanc,#FFFFFF
jaune,#FFFF00
aqua,#00FFFF
noir,#000000
bleu,#0000FF
marron,#A52A2A
cyan,#00FFFF
gris,#808080
vert,#008000
citron vert,#00FF00
magenta,#FF00FF
bordeaux,#800000
bleu marine,#000080
olive,#808000
orange,#FFA500
rose,#FFC0CB
violet,#800080
rouge,#FF0000
argent,#C0C0C0
bleu sarcelle,#008080
violet,#EE82EE
blanc,#FFFFFF
jaune,#FFFF00
aqua,#00FFFF
noir,#000000
bleu,#0000FF
marron,#A52A2A
cyan,#00FFFF
gris,#808080
vert,#008000
citron vert,#00FF00
magenta,#FF00FF
bordeaux,#800000
bleu marine,#000080
olive,#808000
orange,#FFA500
rose,#FFC0CB
violet,#800080
rouge,#FF0000
argent,#C0C0C0
bleu sarcelle,#008080
violet,#EE82EE
blanc,#FFFFFF
jaune,#FFFF00
aqua,#00FFFF
noir,#000000
bleu,#0000FF
marron,#A52A2A
cyan,#00FFFF
gris,#808080
vert,#008000
citron vert,#00FF00
magenta,#FF00FF
bordeaux,#800000
bleu marine,#000080
olive,#808000
orange,#FFA500
rose,#FFC0CB
violet,#800080
rouge,#FF0000
argent,#C0C0C0
bleu sarcelle,#008080
violet,#EE82EE
blanc,#FFFFFF
jaune,#FFFF00
aqua,#00FFFF
noir,#000000
bleu,#0000FF
marron,#A52A2A
cyan,#00FFFF
gris,#808080
vert,#008000
citron vert,#00FF00
magenta,#FF00FF
bordeaux,#800000
bleu marine,#000080
olive,#808000
orange,#FFA500
rose,#FFC0CB
violet,#800080
rouge,#FF0000
argent,#C0C0C0
bleu sarcelle,#008080
violet,#EE82EE
blanc,#FFFFFF
jaune,#FFFF00
aqua,#00FFFF
noir,#000000
bleu,#0000FF
marron,#A52A2A
cyan,#00FFFF
gris,#808080
vert,#008000
citron vert,#00FF00
magenta,#FF00FF
bordeaux,#800000
bleu marine,#000080
olive,#808000
orange,#FFA500
rose,#FFC0CB
violet,#800080
rouge,#FF0000
argent,#C0C0C0
bleu sarcelle,#008080
violet,#EE82EE
blanc,#FFFFFF
jaune,#FFFF00
aqua,#00FFFF
noir,#000000
bleu,#0000FF
marron,#A52A2A
cyan,#00FFFF
gris,#808080
vert,#008000
citron vert,#00FF00
magenta,#FF00FF
bordeaux,#800000
bleu marine,#000080
olive,#808000
orange,#FFA500
rose,#FFC0CB
violet,#800080
rouge,#FF0000
argent,#C0C0C0
bleu sarcelle,#008080
violet,#EE82EE
blanc,#FFFFFF
jaune,#FFFF00
aqua,#00FFFF
noir,#000000
bleu,#0000FF
marron,#A52A2A
cyan,#00FFFF
gris,#808080
vert,#008000
citron vert,#00FF00
magenta,#FF00FF
bordeaux,#800000
bleu marine,#000080
olive,#808000
orange,#FFA500
rose,#FFC0CB
violet,#800080
rouge,#FF0000
argent,#C0C0C0
bleu sarcelle,#008080
violet,#EE82EE
blanc,#FFFFFF
jaune,#FFFF00
aqua,#00FFFF
noir,#000000
bleu,#0000FF
marron,#A52A2A
cyan,#00FFFF
gris,#808080
vert,#008000
citron vert,#00FF00
magenta,#FF00FF
bordeaux,#800000
bleu marine,#000080
olive,#808000
orange,#FFA500
rose,#FFC0CB
violet,#800080
rouge,#FF0000
argent,#C0C0C0
bleu sarcelle,#008080
violet,#EE82EE
blanc,#FFFFFF
jaune,#FFFF00
aqua,#00FFFF
noir,#000000
bleu,#0000FF
marron,#A52A2A
cyan,#00FFFF
gris,#808080
vert,#008000
citron vert,#00FF00
magenta,#FF00FF
bordeaux,#800000
bleu marine,#000080
olive,#808000
orange,#FFA500
rose,#FFC0CB
violet,#800080
rouge,#FF0000
argent,#C0C0C0
bleu sarcelle,#008080
violet,#EE82EE
blanc,#FFFFFF
jaune,#FFFF00
aqua,#00FFFF
noir,#000000
bleu,#0000FF
marron,#A52A2A
cyan,#00FFFF
gris,#808080
vert,#008000
citron vert,#00FF00
magenta,#FF00FF
bordeaux,#800000
bleu marine,#000080
olive,#808000
orange,#FFA500
rose,#FFC0CB
violet,#800080
rouge,#FF0000
argent,#C0C0C0
bleu sarcelle,#008080
violet,#EE82EE
blanc,#FFFFFF
jaune,#FFFF00
aqua,#00FFFF
noir,#000000
bleu,#0000FF
marron,#A52A2A
cyan,#00FFFF
gris,#808080
vert,#008000
citron vert,#00FF00
magenta,#FF00FF
bordeaux,#800000
bleu marine,#000080
olive,#808000
orange,#FFA500
rose,#FFC0CB
violet,#800080
rouge,#FF0000
argent,#C0C0C0
bleu sarcelle,#008080
violet,#EE82EE
blanc,#FFFFFF
jaune,#FFFF00
aqua,#00FFFF
noir,#000000
bleu,#0000FF
marron,#A52A2A
cyan,#00FFFF
gris,#808080
vert,#008000
citron vert,#00FF00
magenta,#FF00FF
bordeaux,#800000
bleu marine,#000080
olive,#808000
orange,#FFA500
rose,#FFC0CB
violet,#800080
rouge,#FF0000
argent,#C0C0C0
bleu sarcelle,#008080
violet,#EE82EE
blanc,#FFFFFF
jaune,#FFFF00
aqua,#00FFFF
noir,#000000
bleu,#0000FF
marron,#A52A2A
cyan,#00FFFF
gris,#808080
vert,#008000
citron vert,#00FF00
magenta,#FF00FF
bordeaux,#800000
bleu marine,#000080
olive,#808000
orange,#FFA500
rose,#FFC0CB
violet,#800080
rouge,#FF0000
argent,#C0C0C0
bleu sarcelle,#008080
violet,#EE82EE
blanc,#FFFFFF
jaune,#FFFF00
aqua,#00FFFF
noir,#000000
bleu,#0000FF
marron,#A52A2A
cyan,#00FFFF
gris,#808080
vert,#008000
citron vert,#00FF00
magenta,#FF00FF
bordeaux,#800000
bleu marine,#000080
olive,#808000
orange,#FFA500
rose,#FFC0CB
violet,#800080
rouge,#FF0000
argent,#C0C0C0
bleu sarcelle,#008080
violet,#EE82EE
blanc,#FFFFFF
jaune,#FFFF00
aqua,#00FFFF
noir,#000000
bleu,#0000FF
marron,#A52A2A
cyan,#00FFFF
gris,#808080
vert,#008000
citron vert,#00FF00
magenta,#FF00FF
bordeaux,#800000
bleu marine,#000080
olive,#808000
orange,#FFA500
rose,#FFC0CB
violet,#800080
rouge,#FF0000
argent,#C0C0C0
bleu sarcelle,#008080
violet,#EE82EE
blanc,#FFFFFF
jaune,#FFFF00
aqua,#00FFFF
noir,#000000
bleu,#0000FF
marron,#A52A2A
cyan,#00FFFF
gris,#808080
vert,#008000
citron vert,#00FF00
magenta,#FF00FF
bordeaux,#800000
bleu marine,#000080
olive,#808000
orange,#FFA500
rose,#FFC0CB
violet,#800080
rouge,#FF0000
argent,#C0C0C0
bleu sarcelle,#008080
violet,#EE82EE
blanc,#FFFFFF
jaune,#FFFF00
aqua,#00FFFF
noir,#000000
bleu,#0000FF
marron,#A52A2A
cyan,#00FFFF
gris,#808080
vert,#008000
citron vert,#00FF00
magenta,#FF00FF
bordeaux,#800000
bleu marine,#000080
olive,#808000
orange,#FFA500
rose,#FFC0CB
violet,#800080
rouge,#FF0000
argent,#C0C0C0
bleu sarcelle,#008080
violet,#EE82EE
blanc,#FFFFFF
jaune,#FFFF00
aqua,#00FFFF
noir,#000000
bleu,#0000FF
marron,#A52A2A
cyan,#00FFFF
gris,#808080
vert,#008000
citron vert,#00FF00
magenta,#FF00FF
bordeaux,#800000
bleu marine,#000080
olive,#808000
orange,#FFA500
rose,#FFC0CB
violet,#800080
rouge,#FF0000
argent,#C0C0C0
bleu sarcelle,#008080
violet,#EE82EE
blanc,#FFFFFF
jaune,#FFFF00
aqua,#00FFFF
noir,#000000
bleu,#0000FF
marron,#A52A2A
cyan,#00FFFF
gris,#808080
vert,#008000
citron vert,#00FF00
magenta,#FF00FF
bordeaux,#800000
bleu marine,#000080
olive,#808000
orange,#FFA500
rose,#FFC0CB
violet,#800080
rouge,#FF0000
argent,#C0C0C0
bleu sarcelle,#008080
violet,#EE82EE
blanc,#FFFFFF
jaune,#FFFF00
aqua,#00FFFF
noir,#000000
bleu,#0000FF
marron,#A52A2A
cyan,#00FFFF
gris,#808080
vert,#008000
citron vert,#00FF00
magenta,#FF00FF
bordeaux,#800000
bleu marine,#000080
olive,#808000
orange,#FFA500
rose,#FFC0CB
violet,#800080
rouge,#FF0000
argent,#C0C0C0
bleu sarcelle,#008080
violet,#EE82EE
blanc,#FFFFFF
jaune,#FFFF00
aqua,#00FFFF
noir,#000000
bleu,#0000FF
marron,#A52A2A
cyan,#00FFFF
gris,#808080
vert,#008000
citron vert,#00FF00
magenta,#FF00FF
bordeaux,#800000
bleu marine,#000080
olive,#808000
orange,#FFA500
rose,#FFC0CB
violet,#800080
rouge,#FF0000
argent,#C0C0C0
bleu sarcelle,#008080
violet,#EE82EE
blanc,#FFFFFF
jaune,#FFFF00
aqua,#00FFFF
noir,#000000
bleu,#0000FF
marron,#A52A2A
cyan,#00FFFF
gris,#808080
vert,#008000
citron vert,#00FF00
magenta,#FF00FF
bordeaux,#800000
bleu marine,#000080
olive,#808000
orange,#FFA500
rose,#FFC0CB
violet,#800080
rouge,#FF0000
argent,#C0C0C0
bleu sarcelle,#008080
violet,#EE82EE
blanc,#FFFFFF
jaune,#FFFF00
aqua,#00FFFF
noir,#000000
bleu,#0000FF
marron,#A52A2A
cyan,#00FFFF
gris,#808080
vert,#008000
citron vert,#00FF00
magenta,#FF00FF
bordeaux,#800000
bleu marine,#000080
olive,#808000
orange,#FFA500
rose,#FFC0CB
violet,#800080
rouge,#FF0000
argent,#C0C0C0
bleu sarcelle,#008080
violet,#EE82EE
blanc,#FFFFFF
jaune,#FFFF00
aqua,#00FFFF
noir,#000000
bleu,#0000FF
marron,#A52A2A
cyan,#00FFFF
gris,#808080
vert,#008000
citron vert,#00FF00
magenta,#FF00FF
bordeaux,#800000
bleu marine,#000080
olive,#808000
orange,#FFA500
rose,#FFC0CB
violet,#800080
rouge,#FF0000
argent,#C0C0C0
bleu sarcelle,#008080
violet,#EE82EE
blanc,#FFFFFF
jaune,#FFFF00
aqua,#00FFFF
noir,#000000
bleu,#0000FF
marron,#A52A2A
cyan,#00FFFF
gris,#808080
vert,#008000
citron vert,#00FF00
magenta,#FF00FF
bordeaux,#800000
bleu marine,#000080
olive,#808000
orange,#FFA500
rose,#FFC0CB
violet,#800080
rouge,#FF0000
argent,#C0C0C0
bleu sarcelle,#008080
violet,#EE82EE
blanc,#FFFFFF
jaune,#FFFF00
aqua,#00FFFF
noir,#000000
bleu,#0000FF
marron,#A52A2A
cyan,#00FFFF
gris,#808080
vert,#008000
citron vert,#00FF00
magenta,#FF00FF
bordeaux,#800000
bleu marine,#000080
olive,#808000
orange,#FFA500
rose,#FFC0CB
violet,#800080
rouge,#FF0000
argent,#C0C0C0
bleu sarcelle,#008080
violet,#EE82EE
blanc,#FFFFFF
jaune,#FFFF00
aqua,#00FFFF
noir,#000000
bleu,#0000FF
marron,#A52A2A
cyan,#00FFFF
gris,#808080
vert,#008000
citron vert,#00FF00
magenta,#FF00FF
bordeaux,#800000
bleu marine,#000080
olive,#808000
orange,#FFA500
rose,#FFC0CB
violet,#800080
rouge,#FF0000
argent,#C0C0C0
bleu sarcelle,#008080
violet,#EE82EE
blanc,#FFFFFF
jaune,#FFFF00
aqua,#00FFFF
noir,#000000
bleu,#0000FF
marron,#A52A2A
cyan,#00FFFF
gris,#808080
vert,#008000
citron vert,#00FF00
magenta,#FF00FF
bordeaux,#800000
bleu marine,#000080
olive,#808000
orange,#FFA500
rose,#FFC0CB
violet,#800080
rouge,#FF0000
argent,#C0C0C0
bleu sarcelle,#008080
violet,#EE82EE
blanc,#FFFFFF
jaune,#FFFF00
aqua,#00FFFF
noir,#000000
bleu,#0000FF
marron,#A52A2A
cyan,#00FFFF
gris,#808080
vert,#008000
citron vert,#00FF00
magenta,#FF00FF
bordeaux,#800000
bleu marine,#000080
olive,#808000
orange,#FFA500
rose,#FFC0CB
violet,#800080
rouge,#FF0000
argent,#C0C0C0
bleu sarcelle,#008080
violet,#EE82EE
blanc,#FFFFFF
jaune,#FFFF00
aqua,#00FFFF
noir,#000000
bleu,#0000FF
marron,#A52A2A
cyan,#00FFFF
gris,#808080
vert,#008000
citron vert,#00FF00
magenta,#FF00FF
bordeaux,#800000
bleu marine,#000080
olive,#808000
orange,#FFA500
rose,#FFC0CB
violet,#800080
rouge,#FF0000
argent,#C0C0C0
bleu sarcelle,#008080
violet,#EE82EE
blanc,#FFFFFF
jaune,#FFFF00
aqua,#00FFFF
noir,#000000
bleu,#0000FF
marron,#A52A2A
cyan,#00FFFF
gris,#808080
vert,#008000
citron vert,#00FF00
magenta,#FF00FF
bordeaux,#800000
bleu marine,#000080
olive,#808000
orange,#FFA500
rose,#FFC0CB
violet,#800080
rouge,#FF0000
argent,#C0C0C0
bleu sarcelle,#008080
violet,#EE82EE
blanc,#FFFFFF
jaune,#FFFF00
aqua,#00FFFF
noir,#000000
bleu,#0000FF
marron,#A52A2A
cyan,#00FFFF
gris,#808080
vert,#008000
citron vert,#00FF00
magenta,#FF00FF
bordeaux,#800000
bleu marine,#000080
olive,#808000
orange,#FFA500
rose,#FFC0CB
violet,#800080
rouge,#FF0000
argent,#C0C0C0
bleu sarcelle,#008080
violet,#EE82EE
blanc,#FFFFFF
jaune,#FFFF00
aqua,#00FFFF
noir,#000000
bleu,#0000FF
marron,#A52A2A
cyan,#00FFFF
gris,#808080
vert,#008000
citron vert,#00FF00
magenta,#FF00FF
bordeaux,#800000
bleu marine,#000080
olive,#808000
orange,#FFA500
rose,#FFC0CB
violet,#800080
rouge,#FF0000
argent,#C0C0C0
bleu sarcelle,#008080
violet,#EE82EE
blanc,#FFFFFF
jaune,#FFFF00
aqua,#00FFFF
noir,#000000
bleu,#0000FF
marron,#A52A2A
cyan,#00FFFF
gris,#808080
vert,#008000
citron vert,#00FF00
magenta,#FF00FF
bordeaux,#800000
bleu marine,#000080
olive,#808000
orange,#FFA500
rose,#FFC0CB
violet,#800080
rouge,#FF0000
argent,#C0C0C0
bleu sarcelle,#008080
violet,#EE82EE
blanc,#FFFFFF
jaune,#FFFF00
aqua,#00FFFF
noir,#000000
bleu,#0000FF
marron,#A52A2A
cyan,#00FFFF
gris,#808080
vert,#008000
citron vert,#00FF00
magenta,#FF00FF
bordeaux,#800000
bleu marine,#000080
olive,#808000
orange,#FFA500
rose,#FFC0CB
violet,#800080
rouge,#FF0000
argent,#C0C0C0
bleu sarcelle,#008080
violet,#EE82EE
blanc,#FFFFFF
jaune,#FFFF00
aqua,#00FFFF
noir,#000000
bleu,#0000FF
marron,#A52A2A
cyan,#00FFFF
gris,#808080
vert,#008000
citron vert,#00FF00
magenta,#FF00FF
bordeaux,#800000
bleu marine,#000080
olive,#808000
orange,#FFA500
rose,#FFC0CB
violet,#800080
rouge,#FF0000
argent,#C0C0C0
bleu sarcelle,#008080
violet,#EE82EE
blanc,#FFFFFF
jaune,#FFFF00
aqua,#00FFFF
noir,#000000
bleu,#0000FF
marron,#A52A2A
cyan,#00FFFF
gris,#808080
vert,#008000
citron vert,#00FF00
magenta,#FF00FF
bordeaux,#800000
bleu marine,#000080
olive,#808000
orange,#FFA500
rose,#FFC0CB
violet,#800080
rouge,#FF0000
argent,#C0C0C0
bleu sarcelle,#008080
violet,#EE82EE
blanc,#FFFFFF
jaune,#FFFF00
aqua,#00FFFF
noir,#000000
bleu,#0000FF
marron,#A52A2A
cyan,#00FFFF
gris,#808080
vert,#008000
citron vert,#00FF00
magenta,#FF00FF
bordeaux,#800000
bleu marine,#000080
olive,#808000
orange,#FFA500
rose,#FFC0CB
violet,#800080
rouge,#FF0000
argent,#C0C0C0
bleu sarcelle,#008080
violet,#EE82EE
blanc,#FFFFFF
jaune,#FFFF00
aqua,#00FFFF
noir,#000000
bleu,#0000FF
marron,#A52A2A
cyan,#00FFFF
gris,#808080
vert,#008000
citron vert,#00FF00
magenta,#FF00FF
bordeaux,#800000
bleu marine,#000080
olive,#808000
orange,#FFA500
rose,#FFC0CB
violet,#800080
rouge,#FF0000
argent,#C0C0C0
bleu sarcelle,#008080
violet,#EE82EE
blanc,#FFFFFF
jaune,#FFFF00
aqua,#00FFFF
noir,#000000
bleu,#0000FF
marron,#A52A2A
cyan,#00FFFF
gris,#808080
vert,#008000
citron vert,#00FF00
magenta,#FF00FF
bordeaux,#800000
bleu marine,#000080
olive,#808000
orange,#FFA500
rose,#FFC0CB
violet,#800080
rouge,#FF0000
argent,#C0C0C0
bleu sarcelle,#008080
violet,#EE82EE
blanc,#FFFFFF
jaune,#FFFF00
aqua,#00FFFF
noir,#000000
bleu,#0000FF
marron,#A52A2A
cyan,#00FFFF
gris,#808080
vert,#008000
citron vert,#00FF00
magenta,#FF00FF
bordeaux,#800000
bleu marine,#000080
olive,#808000
orange,#FFA500
rose,#FFC0CB
violet,#800080
rouge,#FF0000
argent,#C0C0C0
bleu sarcelle,#008080
violet,#EE82EE
blanc,#FFFFFF
jaune,#FFFF00
aqua,#00FFFF
noir,#000000
bleu,#0000FF
marron,#A52A2A
cyan,#00FFFF
gris,#808080
vert,#008000
citron vert,#00FF00
magenta,#FF00FF
bordeaux,#800000
bleu marine,#000080
olive,#808000
orange,#FFA500
rose,#FFC0CB
violet,#800080
rouge,#FF0000
argent,#C0C0C0
bleu sarcelle,#008080
violet,#EE82EE
blanc,#FFFFFF
jaune,#FFFF00
aqua,#00FFFF
noir,#000000
bleu,#0000FF
marron,#A52A2A
cyan,#00FFFF
gris,#808080
vert,#008000
citron vert,#00FF00
magenta,#FF00FF
bordeaux,#800000
bleu marine,#000080
olive,#808000
orange,#FFA500
rose,#FFC0CB
violet,#800080
rouge,#FF0000
argent,#C0C0C0
bleu sarcelle,#008080
violet,#EE82EE
blanc,#FFFFFF
jaune,#FFFF00
aqua,#00FFFF
noir,#000000
bleu,#0000FF
marron,#A52A2A
cyan,#00FFFF
gris,#808080
vert,#008000
citron vert,#00FF00
magenta,#FF00FF
bordeaux,#800000
bleu marine,#000080
olive,#808000
orange,#FFA500
rose,#FFC0CB
violet,#800080
rouge,#FF0000
argent,#C0C0C0
bleu sarcelle,#008080
violet,#EE82EE
blanc,#FFFFFF
jaune,#FFFF00
aqua,#00FFFF
noir,#000000
bleu,#0000FF
marron,#A52A2A
cyan,#00FFFF
gris,#808080
vert,#008000
citron vert,#00FF00
magenta,#FF00FF
bordeaux,#800000
bleu marine,#000080
olive,#808000
orange,#FFA500
rose,#FFC0CB
violet,#800080
rouge,#FF0000
argent,#C0C0C0
bleu sarcelle,#008080
violet,#EE82EE
blanc,#FFFFFF
jaune,#FFFF00
aqua,#00FFFF
noir,#000000
bleu,#0000FF
marron,#A52A2A
cyan,#00FFFF
gris,#808080
vert,#008000
citron vert,#00FF00
magenta,#FF00FF
bordeaux,#800000
bleu marine,#000080
olive,#808000
orange,#FFA500
rose,#FFC0CB
violet,#800080
rouge,#FF0000
argent,#C0C0C0
bleu sarcelle,#008080
violet,#EE82EE
blanc,#FFFFFF
jaune,#FFFF00
aqua,#00FFFF
noir,#000000
bleu,#0000FF
marron,#A52A2A
cyan,#00FFFF
gris,#808080
vert,#008000
citron vert,#00FF00
magenta,#FF00FF
bordeaux,#800000
bleu marine,#000080
olive,#808000
orange,#FFA500
rose,#FFC0CB
violet,#800080
rouge,#FF0000
argent,#C0C0C0
bleu sarcelle,#008080
violet,#EE82EE
blanc,#FFFFFF
jaune,#FFFF00
aqua,#00FFFF
noir,#000000
bleu,#0000FF
marron,#A52A2A
cyan,#00FFFF
gris,#808080
vert,#008000
citron vert,#00FF00
magenta,#FF00FF
bordeaux,#800000
bleu marine,#000080
olive,#808000
orange,#FFA500
rose,#FFC0CB
violet,#800080
rouge,#FF0000
argent,#C0C0C0
bleu sarcelle,#008080
violet,#EE82EE
blanc,#FFFFFF
jaune,#FFFF00
aqua,#00FFFF
noir,#000000
bleu,#0000FF
marron,#A52A2A
cyan,#00FFFF
gris,#808080
vert,#008000
citron vert,#00FF00
magenta,#FF00FF
bordeaux,#800000
bleu marine,#000080
olive,#808000
orange,#FFA500
rose,#FFC0CB
violet,#800080
rouge,#FF0000
argent,#C0C0C0
bleu sarcelle,#008080
violet,#EE82EE
blanc,#FFFFFF
jaune,#FFFF00
aqua,#00FFFF
noir,#000000
bleu,#0000FF
marron,#A52A2A
cyan,#00FFFF
gris,#808080
vert,#008000
citron vert,#00FF00
magenta,#FF00FF
bordeaux,#800000
bleu marine,#000080
olive,#808000
orange,#FFA500
rose,#FFC0CB
violet,#800080
rouge,#FF0000
argent,#C0C0C0
bleu sarcelle,#008080
violet,#EE82EE
blanc,#FFFFFF
jaune,#FFFF00
aqua,#00FFFF
noir,#000000
bleu,#0000FF
marron,#A52A2A
cyan,#00FFFF
gris,#808080
vert,#008000
citron vert,#00FF00
magenta,#FF00FF
bordeaux,#800000
bleu marine,#000080
olive,#808000
orange,#FFA500
rose,#FFC0CB
violet,#800080
rouge,#FF0000
argent,#C0C0C0
bleu sarcelle,#008080
violet,#EE82EE
blanc,#FFFFFF
jaune,#FFFF00
aqua,#00FFFF
noir,#000000
bleu,#0000FF
marron,#A52A2A
cyan,#00FFFF
gris,#808080
vert,#008000
citron vert,#00FF00
magenta,#FF00FF
bordeaux,#800000
bleu marine,#000080
olive,#808000
orange,#FFA500
rose,#FFC0CB
violet,#800080
rouge,#FF0000
argent,#C0C0C0
bleu sarcelle,#008080
violet,#EE82EE
blanc,#FFFFFF
jaune,#FFFF00
aqua,#00FFFF
noir,#000000
bleu,#0000FF
marron,#A52A2A
cyan,#00FFFF
gris,#808080
vert,#008000
citron vert,#00FF00
magenta,#FF00FF
bordeaux,#800000
bleu marine,#000080
olive,#808000
orange,#FFA500
rose,#FFC0CB
violet,#800080
rouge,#FF0000
argent,#C0C0C0
bleu sarcelle,#008080
violet,#EE82EE
blanc,#FFFFFF
jaune,#FFFF00
aqua,#00FFFF
noir,#000000
bleu,#0000FF
marron,#A52A2A
cyan,#00FFFF
gris,#808080
vert,#008000
citron vert,#00FF00
magenta,#FF00FF
bordeaux,#800000
bleu marine,#000080
olive,#808000
orange,#FFA500
rose,#FFC0CB
violet,#800080
rouge,#FF0000
argent,#C0C0C0
bleu sarcelle,#008080
violet,#EE82EE
blanc,#FFFFFF
jaune,#FFFF00
aqua,#00FFFF
noir,#000000
bleu,#0000FF
marron,#A52A2A
cyan,#00FFFF
gris,#808080
vert,#008000
citron vert,#00FF00
magenta,#FF00FF
bordeaux,#800000
bleu marine,#000080
olive,#808000
orange,#FFA500
rose,#FFC0CB
violet,#800080
rouge,#FF0000
argent,#C0C0C0
bleu sarcelle,#008080
violet,#EE82EE
blanc,#FFFFFF
jaune,#FFFF00
aqua,#00FFFF
noir,#000000
bleu,#0000FF
marron,#A52A2A
cyan,#00FFFF
gris,#808080
vert,#008000
citron vert,#00FF00
magenta,#FF00FF
bordeaux,#800000
bleu marine,#000080
olive,#808000
orange,#FFA500
rose,#FFC0CB
violet,#800080
rouge,#FF0000
argent,#C0C0C0
bleu sarcelle,#008080
violet,#EE82EE
blanc,#FFFFFF
jaune,#FFFF00
aqua,#00FFFF
noir,#000000
bleu,#0000FF
marron,#A52A2A
cyan,#00FFFF
gris,#808080
vert,#008000
citron vert,#00FF00
magenta,#FF00FF
bordeaux,#800000
bleu marine,#000080
olive,#808000
orange,#FFA500
rose,#FFC0CB
violet,#800080
rouge,#FF0000
argent,#C0C0C0
bleu sarcelle,#008080
violet,#EE82EE
blanc,#FFFFFF
jaune,#FFFF00
aqua,#00FFFF
noir,#000000
bleu,#0000FF
marron,#A52A2A
cyan,#00FFFF
gris,#808080
vert,#008000
citron vert,#00FF00
magenta,#FF00FF
bordeaux,#800000
bleu marine,#000080
olive,#808000
orange,#FFA500
rose,#FFC0CB
violet,#800080
rouge,#FF0000
argent,#C0C0C0
bleu sarcelle,#008080
violet,#EE82EE
blanc,#FFFFFF
jaune,#FFFF00
aqua,#00FFFF
noir,#000000
bleu,#0000FF
marron,#A52A2A
cyan,#00FFFF
gris,#808080
vert,#008000
citron vert,#00FF00
magenta,#FF00FF
bordeaux,#800000
bleu marine,#000080
olive,#808000
orange,#FFA500
rose,#FFC0CB
violet,#800080
rouge,#FF0000
argent,#C0C0C0
bleu sarcelle,#008080
violet,#EE82EE
blanc,#FFFFFF
jaune,#FFFF00
aqua,#00FFFF
noir,#000000
bleu,#0000FF
marron,#A52A2A
cyan,#00FFFF
gris,#808080
vert,#008000
citron vert,#00FF00
magenta,#FF00FF
bordeaux,#800000
bleu marine,#000080
olive,#808000
orange,#FFA500
rose,#FFC0CB
violet,#800080
rouge,#FF0000
argent,#C0C0C0
bleu sarcelle,#008080
violet,#EE82EE
blanc,#FFFFFF
jaune,#FFFF00
aqua,#00FFFF
noir,#000000
bleu,#0000FF
marron,#A52A2A
cyan,#00FFFF
gris,#808080
vert,#008000
citron vert,#00FF00
magenta,#FF00FF
bordeaux,#800000
bleu marine,#000080
olive,#808000
orange,#FFA500
rose,#FFC0CB
violet,#800080
rouge,#FF0000
argent,#C0C0C0
bleu sarcelle,#008080
violet,#EE82EE
blanc,#FFFFFF
jaune,#FFFF00
aqua,#00FFFF
noir,#000000
bleu,#0000FF
marron,#A52A2A
cyan,#00FFFF
gris,#808080
vert,#008000
citron vert,#00FF00
magenta,#FF00FF
bordeaux,#800000
bleu marine,#000080
olive,#808000
orange,#FFA500
rose,#FFC0CB
violet,#800080
rouge,#FF0000
argent,#C0C0C0
bleu sarcelle,#008080
violet,#EE82EE
blanc,#FFFFFF
jaune,#FFFF00
aqua,#00FFFF
noir,#000000
bleu,#0000FF
marron,#A52A2A
cyan,#00FFFF
gris,#808080
vert,#008000
citron vert,#00FF00
magenta,#FF00FF
bordeaux,#800000
bleu marine,#000080
olive,#808000
orange,#FFA500
rose,#FFC0CB
violet,#800080
rouge,#FF0000
argent,#C0C0C0
bleu sarcelle,#008080
violet,#EE82EE
blanc,#FFFFFF
jaune,#FFFF00
aqua,#00FFFF
noir,#000000
bleu,#0000FF
marron,#A52A2A
cyan,#00FFFF
gris,#808080
vert,#008000
citron vert,#00FF00
magenta,#FF00FF
bordeaux,#800000
bleu marine,#000080
olive,#808000
orange,#FFA500
rose,#FFC0CB
violet,#800080
rouge,#FF0000
argent,#C0C0C0
bleu sarcelle,#008080
violet,#EE82EE
blanc,#FFFFFF
jaune,#FFFF00
aqua,#00FFFF
noir,#000000
bleu,#0000FF
marron,#A52A2A
cyan,#00FFFF
gris,#808080
vert,#008000
citron vert,#00FF00
magenta,#FF00FF
bordeaux,#800000
bleu marine,#000080
olive,#808000
orange,#FFA500
rose,#FFC0CB
violet,#800080
rouge,#FF0000
argent,#C0C0C0
bleu sarcelle,#008080
violet,#EE82EE
blanc,#FFFFFF
jaune,#FFFF00
aqua,#00FFFF
noir,#000000
bleu,#0000FF
marron,#A52A2A
cyan,#00FFFF
gris,#808080
vert,#008000
citron vert,#00FF00
magenta,#FF00FF
bordeaux,#800000
bleu marine,#000080
olive,#808000
orange,#FFA500
rose,#FFC0CB
violet,#800080
rouge,#FF0000
argent,#C0C0C0
bleu sarcelle,#008080
violet,#EE82EE
blanc,#FFFFFF
jaune,#FFFF00
aqua,#00FFFF
noir,#000000
bleu,#0000FF
marron,#A52A2A
cyan,#00FFFF
gris,#808080
vert,#008000
citron vert,#00FF00
magenta,#FF00FF
bordeaux,#800000
bleu marine,#000080
olive,#808000
orange,#FFA500
rose,#FFC0CB
violet,#800080
rouge,#FF0000
argent,#C0C0C0
bleu sarcelle,#008080
violet,#EE82EE
blanc,#FFFFFF
jaune,#FFFF00
aqua,#00FFFF
noir,#000000
bleu,#0000FF
marron,#A52A2A
cyan,#00FFFF
gris,#808080
vert,#008000
citron vert,#00FF00
magenta,#FF00FF
bordeaux,#800000
bleu marine,#000080
olive,#808000
orange,#FFA500
rose,#FFC0CB
violet,#800080
rouge,#FF0000
argent,#C0C0C0
bleu sarcelle,#008080
violet,#EE82EE
blanc,#FFFFFF
jaune,#FFFF00
aqua,#00FFFF
noir,#000000
bleu,#0000FF
marron,#A52A2A
cyan,#00FFFF
gris,#808080
vert,#008000
citron vert,#00FF00
magenta,#FF00FF
bordeaux,#800000
bleu marine,#000080
olive,#808000
orange,#FFA500
rose,#FFC0CB
violet,#800080
rouge,#FF0000
argent,#C0C0C0
bleu sarcelle,#008080
violet,#EE82EE
blanc,#FFFFFF
jaune,#FFFF00
aqua,#00FFFF
noir,#000000
bleu,#0000FF
marron,#A52A2A
cyan,#00FFFF
gris,#808080
vert,#008000
citron vert,#00FF00
magenta,#FF00FF
bordeaux,#800000
bleu marine,#000080
olive,#808000
orange,#FFA500
rose,#FFC0CB
violet,#800080
rouge,#FF0000
argent,#C0C0C0
bleu sarcelle,#008080
violet,#EE82EE
blanc,#FFFFFF
jaune,#FFFF00
aqua,#00FFFF
noir,#000000
bleu,#0000FF
marron,#A52A2A
cyan,#00FFFF
gris,#808080
vert,#008000
citron vert,#00FF00
magenta,#FF00FF
bordeaux,#800000
bleu marine,#000080
olive,#808000
orange,#FFA500
rose,#FFC0CB
violet,#800080
rouge,#FF0000
argent,#C0C0C0
bleu sarcelle,#008080
violet,#EE82EE
blanc,#FFFFFF
jaune,#FFFF00
aqua,#00FFFF
noir,#000000
bleu,#0000FF
marron,#A52A2A
cyan,#00FFFF
gris,#808080
vert,#008000
citron vert,#00FF00
magenta,#FF00FF
bordeaux,#800000
bleu marine,#000080
olive,#808000
orange,#FFA500
rose,#FFC0CB
violet,#800080
rouge,#FF0000
argent,#C0C0C0
bleu sarcelle,#008080
violet,#EE82EE
blanc,#FFFFFF
jaune,#FFFF00
aqua,#00FFFF
noir,#000000
bleu,#0000FF
marron,#A52A2A
cyan,#00FFFF
gris,#808080
vert,#008000
citron vert,#00FF00
magenta,#FF00FF
bordeaux,#800000
bleu marine,#000080
olive,#808000
orange,#FFA500
rose,#FFC0CB
violet,#800080
rouge,#FF0000
argent,#C0C0C0
bleu sarcelle,#008080
violet,#EE82EE
blanc,#FFFFFF
jaune,#FFFF00
aqua,#00FFFF
noir,#000000
bleu,#0000FF
marron,#A52A2A
cyan,#00FFFF
gris,#808080
vert,#008000
citron vert,#00FF00
magenta,#FF00FF
bordeaux,#800000
bleu marine,#000080
olive,#808000
orange,#FFA500
rose,#FFC0CB
violet,#800080
rouge,#FF0000
argent,#C0C0C0
bleu sarcelle,#008080
violet,#EE82EE
blanc,#FFFFFF
jaune,#FFFF00
aqua,#00FFFF
noir,#000000
bleu,#0000FF
marron,#A52A2A
cyan,#00FFFF
gris,#808080
vert,#008000
citron vert,#00FF00
magenta,#FF00FF
bordeaux,#800000
bleu marine,#000080
olive,#808000
orange,#FFA500
rose,#FFC0CB
violet,#800080
rouge,#FF0000
argent,#C0C0C0
bleu sarcelle,#008080
violet,#EE82EE
blanc,#FFFFFF
jaune,#FFFF00
aqua,#00FFFF
noir,#000000
bleu,#0000FF
marron,#A52A2A
cyan,#00FFFF
gris,#808080
vert,#008000
citron vert,#00FF00
magenta,#FF00FF
bordeaux,#800000
bleu marine,#000080
olive,#808000
orange,#FFA500
rose,#FFC0CB
violet,#800080
rouge,#FF0000
argent,#C0C0C0
bleu sarcelle,#008080
violet,#EE82EE
blanc,#FFFFFF
jaune,#FFFF00
aqua,#00FFFF
noir,#000000
bleu,#0000FF
marron,#A52A2A
cyan,#00FFFF
gris,#808080
vert,#008000
citron vert,#00FF00
magenta,#FF00FF
bordeaux,#800000
bleu marine,#000080
olive,#808000
orange,#FFA500
rose,#FFC0CB
violet,#800080
rouge,#FF0000
argent,#C0C0C0
bleu sarcelle,#008080
violet,#EE82EE
blanc,#FFFFFF
jaune,#FFFF00
aqua,#00FFFF
noir,#000000
bleu,#0000FF
marron,#A52A2A
cyan,#00FFFF
gris,#808080
vert,#008000
citron vert,#00FF00
magenta,#FF00FF
bordeaux,#800000
bleu marine,#000080
olive,#808000
orange,#FFA500
rose,#FFC0CB
violet,#800080
rouge,#FF0000
argent,#C0C0C0
bleu sarcelle,#008080
violet,#EE82EE
blanc,#FFFFFF
jaune,#FFFF00
aqua,#00FFFF
noir,#000000
bleu,#0000FF
marron,#A52A2A
cyan,#00FFFF
gris,#808080
vert,#008000
citron vert,#00FF00
magenta,#FF00FF
bordeaux,#800000
bleu marine,#000080
olive,#808000
orange,#FFA500
rose,#FFC0CB
violet,#800080
rouge,#FF0000
argent,#C0C0C0
bleu sarcelle,#008080
violet,#EE82EE
blanc,#FFFFFF
jaune,#FFFF00
aqua,#00FFFF
noir,#000000
bleu,#0000FF
marron,#A52A2A
cyan,#00FFFF
gris,#808080
vert,#008000
citron vert,#00FF00
magenta,#FF00FF
bordeaux,#800000
bleu marine,#000080
olive,#808000
orange,#FFA500
rose,#FFC0CB
violet,#800080
rouge,#FF0000
argent,#C0C0C0
bleu sarcelle,#008080
violet,#EE82EE
blanc,#FFFFFF
jaune,#FFFF00
aqua,#00FFFF
noir,#000000
bleu,#0000FF
marron,#A52A2A
cyan,#00FFFF
gris,#808080
vert,#008000
citron vert,#00FF00
magenta,#FF00FF
bordeaux,#800000
bleu marine,#000080
olive,#808000
orange,#FFA500
rose,#FFC0CB
violet,#800080
rouge,#FF0000
argent,#C0C0C0
bleu sarcelle,#008080
violet,#EE82EE
blanc,#FFFFFF
jaune,#FFFF00
aqua,#00FFFF
noir,#000000
bleu,#0000FF
marron,#A52A2A
cyan,#00FFFF
gris,#808080
vert,#008000
citron vert,#00FF00
magenta,#FF00FF
bordeaux,#800000
bleu marine,#000080
olive,#808000
orange,#FFA500
rose,#FFC0CB
violet,#800080
rouge,#FF0000
argent,#C0C0C0
bleu sarcelle,#008080
violet,#EE82EE
blanc,#FFFFFF
jaune,#FFFF00
aqua,#00FFFF
noir,#000000
bleu,#0000FF
marron,#A52A2A
cyan,#00FFFF
gris,#808080
vert,#008000
citron vert,#00FF00
magenta,#FF00FF
bordeaux,#800000
bleu marine,#000080
olive,#808000
orange,#FFA500
rose,#FFC0CB
violet,#800080
rouge,#FF0000
argent,#C0C0C0
bleu sarcelle,#008080
violet,#EE82EE
blanc,#FFFFFF
jaune,#FFFF00
aqua,#00FFFF
noir,#000000
bleu,#0000FF
marron,#A52A2A
cyan,#00FFFF
gris,#808080
vert,#008000
citron vert,#00FF00
magenta,#FF00FF
bordeaux,#800000
bleu marine,#000080
olive,#808000
orange,#FFA500
rose,#FFC0CB
violet,#800080
rouge,#FF0000
argent,#C0C0C0
bleu sarcelle,#008080
violet,#EE82EE
blanc,#FFFFFF
jaune,#FFFF00
aqua,#00FFFF
noir,#000000
bleu,#0000FF
marron,#A52A2A
cyan,#00FFFF
gris,#808080
vert,#008000
citron vert,#00FF00
magenta,#FF00FF
bordeaux,#800000
bleu marine,#000080
olive,#808000
orange,#FFA500
rose,#FFC0CB
violet,#800080
rouge,#FF0000
argent,#C0C0C0
bleu sarcelle,#008080
violet,#EE82EE
blanc,#FFFFFF
jaune,#FFFF00
aqua,#00FFFF
noir,#000000
bleu,#0000FF
marron,#A52A2A
cyan,#00FFFF
gris,#808080
vert,#008000
citron vert,#00FF00
magenta,#FF00FF
bordeaux,#800000
bleu marine,#000080
olive,#808000
orange,#FFA500
rose,#FFC0CB
violet,#800080
rouge,#FF0000
argent,#C0C0C0
bleu sarcelle,#008080
violet,#EE82EE
blanc,#FFFFFF
jaune,#FFFF00
aqua,#00FFFF
noir,#000000
bleu,#0000FF
marron,#A52A2A
cyan,#00FFFF
gris,#808080
vert,#008000
citron vert,#00FF00
magenta,#FF00FF
bordeaux,#800000
bleu marine,#000080
olive,#808000
orange,#FFA500
rose,#FFC0CB
violet,#800080
rouge,#FF0000
argent,#C0C0C0
bleu sarcelle,#008080
violet,#EE82EE
blanc,#FFFFFF
jaune,#FFFF00
aqua,#00FFFF
noir,#000000
bleu,#0000FF
marron,#A52A2A
cyan,#00FFFF
gris,#808080
vert,#008000
citron vert,#00FF00
magenta,#FF00FF
bordeaux,#800000
bleu marine,#000080
olive,#808000
orange,#FFA500
rose,#FFC0CB
violet,#800080
rouge,#FF0000
argent,#C0C0C0
bleu sarcelle,#008080
violet,#EE82EE
blanc,#FFFFFF
jaune,#FFFF00
aqua,#00FFFF
noir,#000000
bleu,#0000FF
marron,#A52A2A
cyan,#00FFFF
gris,#808080
vert,#008000
citron vert,#00FF00
magenta,#FF00FF
bordeaux,#800000
bleu marine,#000080
olive,#808000
orange,#FFA500
rose,#FFC0CB
violet,#800080
rouge,#FF0000
argent,#C0C0C0
bleu sarcelle,#008080
violet,#EE82EE
blanc,#FFFFFF
jaune,#FFFF00
aqua,#00FFFF
noir,#000000
bleu,#0000FF
marron,#A52A2A
cyan,#00FFFF
gris,#808080
vert,#008000
citron vert,#00FF00
magenta,#FF00FF
bordeaux,#800000
bleu marine,#000080
olive,#808000
orange,#FFA500
rose,#FFC0CB
violet,#800080
rouge,#FF0000
argent,#C0C0C0
bleu sarcelle,#008080
violet,#EE82EE
blanc,#FFFFFF
jaune,#FFFF00
aqua,#00FFFF
noir,#000000
bleu,#0000FF
marron,#A52A2A
cyan,#00FFFF
gris,#808080
vert,#008000
citron vert,#00FF00
magenta,#FF00FF
bordeaux,#800000
bleu marine,#000080
olive,#808000
orange,#FFA500
rose,#FFC0CB
violet,#800080
rouge,#FF0000
argent,#C0C0C0
bleu sarcelle,#008080
violet,#EE82EE
blanc,#FFFFFF
jaune,#FFFF00
aqua,#00FFFF
noir,#000000
bleu,#0000FF
marron,#A52A2A
cyan,#00FFFF
gris,#808080
vert,#008000
citron vert,#00FF00
magenta,#FF00FF
bordeaux,#800000
bleu marine,#000080
olive,#808000
orange,#FFA500
rose,#FFC0CB
violet,#800080
rouge,#FF0000
argent,#C0C0C0
bleu sarcelle,#008080
violet,#EE82EE
blanc,#FFFFFF
jaune,#FFFF00
aqua,#00FFFF
noir,#000000
bleu,#0000FF
marron,#A52A2A
cyan,#00FFFF
gris,#808080
vert,#008000
citron vert,#00FF00
magenta,#FF00FF
bordeaux,#800000
bleu marine,#000080
olive,#808000
orange,#FFA500
rose,#FFC0CB
violet,#800080
rouge,#FF0000
argent,#C0C0C0
bleu sarcelle,#008080
violet,#EE82EE
blanc,#FFFFFF
jaune,#FFFF00
aqua,#00FFFF
noir,#000000
bleu,#0000FF
marron,#A52A2A
cyan,#00FFFF
gris,#808080
vert,#008000
citron vert,#00FF00
magenta,#FF00FF
bordeaux,#800000
bleu marine,#000080
olive,#808000
orange,#FFA500
rose,#FFC0CB
violet,#800080
rouge,#FF0000
argent,#C0C0C0
bleu sarcelle,#008080
violet,#EE82EE
blanc,#FFFFFF
jaune,#FFFF00
aqua,#00FFFF
noir,#000000
bleu,#0000FF
marron,#A52A2A
cyan,#00FFFF
gris,#808080
vert,#008000
citron vert,#00FF00
magenta,#FF00FF
bordeaux,#800000
bleu marine,#000080
olive,#808000
orange,#FFA500
rose,#FFC0CB
violet,#800080
rouge,#FF0000
argent,#C0C0C0
bleu sarcelle,#008080
violet,#EE82EE
blanc,#FFFFFF
jaune,#FFFF00
aqua,#00FFFF
noir,#000000
bleu,#0000FF
marron,#A52A2A
cyan,#00FFFF
gris,#808080
vert,#008000
citron vert,#00FF00
magenta,#FF00FF
bordeaux,#800000
bleu marine,#000080
olive,#808000
orange,#FFA500
rose,#FFC0CB
violet,#800080
rouge,#FF0000
argent,#C0C0C0
bleu sarcelle,#008080
violet,#EE82EE
blanc,#FFFFFF
jaune,#FFFF00
aqua,#00FFFF
noir,#000000
bleu,#0000FF
marron,#A52A2A
cyan,#00FFFF
gris,#808080
vert,#008000
citron vert,#00FF00
magenta,#FF00FF
bordeaux,#800000
bleu marine,#000080
olive,#808000
orange,#FFA500
rose,#FFC0CB
violet,#800080
rouge,#FF0000
argent,#C0C0C0
bleu sarcelle,#008080
violet,#EE82EE
blanc,#FFFFFF
jaune,#FFFF00
aqua,#00FFFF
noir,#000000
bleu,#0000FF
marron,#A52A2A
cyan,#00FFFF
gris,#808080
vert,#008000
citron vert,#00FF00
magenta,#FF00FF
bordeaux,#800000
bleu marine,#000080
olive,#808000
orange,#FFA500
rose,#FFC0CB
violet,#800080
rouge,#FF0000
argent,#C0C0C0
bleu sarcelle,#008080
violet,#EE82EE
blanc,#FFFFFF
jaune,#FFFF00
aqua,#00FFFF
noir,#000000
bleu,#0000FF
marron,#A52A2A
cyan,#00FFFF
gris,#808080
vert,#008000
citron vert,#00FF00
magenta,#FF00FF
bordeaux,#800000
bleu marine,#000080
olive,#808000
orange,#FFA500
rose,#FFC0CB
violet,#800080
rouge,#FF0000
argent,#C0C0C0
bleu sarcelle,#008080
violet,#EE82EE
blanc,#FFFFFF
jaune,#FFFF00
aqua,#00FFFF
noir,#000000
bleu,#0000FF
marron,#A52A2A
cyan,#00FFFF
gris,#808080
vert,#008000
citron vert,#00FF00
magenta,#FF00FF
bordeaux,#800000
bleu marine,#000080
olive,#808000
orange,#FFA500
rose,#FFC0CB
violet,#800080
rouge,#FF0000
argent,#C0C0C0
bleu sarcelle,#008080
violet,#EE82EE
blanc,#FFFFFF
jaune,#FFFF00
aqua,#00FFFF
noir,#000000
bleu,#0000FF
marron,#A52A2A
cyan,#00FFFF
gris,#808080
vert,#008000
citron vert,#00FF00
magenta,#FF00FF
bordeaux,#800000
bleu marine,#000080
olive,#808000
orange,#FFA500
rose,#FFC0CB
violet,#800080
rouge,#FF0000
argent,#C0C0C0
bleu sarcelle,#008080
violet,#EE82EE
blanc,#FFFFFF
jaune,#FFFF00
aqua,#00FFFF
noir,#000000
bleu,#0000FF
marron,#A52A2A
cyan,#00FFFF
gris,#808080
vert,#008000
citron vert,#00FF00
magenta,#FF00FF
bordeaux,#800000
bleu marine,#000080
olive,#808000
orange,#FFA500
rose,#FFC0CB
violet,#800080
rouge,#FF0000
argent,#C0C0C0
bleu sarcelle,#008080
violet,#EE82EE
blanc,#FFFFFF
jaune,#FFFF00
aqua,#00FFFF
noir,#000000
bleu,#0000FF
marron,#A52A2A
cyan,#00FFFF
gris,#808080
vert,#008000
citron vert,#00FF00
magenta,#FF00FF
bordeaux,#800000
bleu marine,#000080
olive,#808000
orange,#FFA500
rose,#FFC0CB
violet,#800080
rouge,#FF0000
argent,#C0C0C0
bleu sarcelle,#008080
violet,#EE82EE
blanc,#FFFFFF
jaune,#FFFF00
aqua,#00FFFF
noir,#000000
bleu,#0000FF
marron,#A52A2A
cyan,#00FFFF
gris,#808080
vert,#008000
citron vert,#00FF00
magenta,#FF00FF
bordeaux,#800000
bleu marine,#000080
olive,#808000
orange,#FFA500
rose,#FFC0CB
violet,#800080
rouge,#FF0000
argent,#C0C0C0
bleu sarcelle,#008080
violet,#EE82EE
blanc,#FFFFFF
jaune,#FFFF00
aqua,#00FFFF
noir,#000000
bleu,#0000FF
marron,#A52A2A
cyan,#00FFFF
gris,#808080
vert,#008000
citron vert,#00FF00
magenta,#FF00FF
bordeaux,#800000
bleu marine,#000080
olive,#808000
orange,#FFA500
rose,#FFC0CB
violet,#800080
rouge,#FF0000
argent,#C0C0C0
bleu sarcelle,#008080
violet,#EE82EE
blanc,#FFFFFF
jaune,#FFFF00
aqua,#00FFFF
noir,#000000
bleu,#0000FF
marron,#A52A2A
cyan,#00FFFF
gris,#808080
vert,#008000
citron vert,#00FF00
magenta,#FF00FF
bordeaux,#800000
bleu marine,#000080
olive,#808000
orange,#FFA500
rose,#FFC0CB
violet,#800080
rouge,#FF0000
argent,#C0C0C0
bleu sarcelle,#008080
violet,#EE82EE
blanc,#FFFFFF
jaune,#FFFF00
aqua,#00FFFF
noir,#000000
bleu,#0000FF
marron,#A52A2A
cyan,#00FFFF
gris,#808080
vert,#008000
citron vert,#00FF00
magenta,#FF00FF
bordeaux,#800000
bleu marine,#000080
olive,#808000
orange,#FFA500
rose,#FFC0CB
violet,#800080
rouge,#FF0000
argent,#C0C0C0
bleu sarcelle,#008080
violet,#EE82EE
blanc,#FFFFFF
jaune,#FFFF00
aqua,#00FFFF
noir,#000000
bleu,#0000FF
marron,#A52A2A
cyan,#00FFFF
gris,#808080
vert,#008000
citron vert,#00FF00
magenta,#FF00FF
bordeaux,#800000
bleu marine,#000080
olive,#808000
orange,#FFA500
rose,#FFC0CB
violet,#800080
rouge,#FF0000
argent,#C0C0C0
bleu sarcelle,#008080
violet,#EE82EE
blanc,#FFFFFF
jaune,#FFFF00
aqua,#00FFFF
noir,#000000
bleu,#0000FF
marron,#A52A2A
cyan,#00FFFF
gris,#808080
vert,#008000
citron vert,#00FF00
magenta,#FF00FF
bordeaux,#800000
bleu marine,#000080
olive,#808000
orange,#FFA500
rose,#FFC0CB
violet,#800080
rouge,#FF0000
argent,#C0C0C0
bleu sarcelle,#008080
violet,#EE82EE
blanc,#FFFFFF
jaune,#FFFF00
aqua,#00FFFF
noir,#000000
bleu,#0000FF
marron,#A52A2A
cyan,#00FFFF
gris,#808080
vert,#008000
citron vert,#00FF00
magenta,#FF00FF
bordeaux,#800000
bleu marine,#000080
olive,#808000
orange,#FFA500
rose,#FFC0CB
violet,#800080
rouge,#FF0000
argent,#C0C0C0
bleu sarcelle,#008080
violet,#EE82EE
blanc,#FFFFFF
jaune,#FFFF00
aqua,#00FFFF
noir,#000000
bleu,#0000FF
marron,#A52A2A
cyan,#00FFFF
gris,#808080
vert,#008000
citron vert,#00FF00
magenta,#FF00FF
bordeaux,#800000
bleu marine,#000080
olive,#808000
orange,#FFA500
rose,#FFC0CB
violet,#800080
rouge,#FF0000
argent,#C0C0C0
bleu sarcelle,#008080
violet,#EE82EE
blanc,#FFFFFF
jaune,#FFFF00
aqua,#00FFFF
noir,#000000
bleu,#0000FF
marron,#A52A2A
cyan,#00FFFF
gris,#808080
vert,#008000
citron vert,#00FF00
magenta,#FF00FF
bordeaux,#800000
bleu marine,#000080
olive,#808000
orange,#FFA500
rose,#FFC0CB
violet,#800080
rouge,#FF0000
argent,#C0C0C0
bleu sarcelle,#008080
violet,#EE82EE
blanc,#FFFFFF
jaune,#FFFF00
aqua,#00FFFF
noir,#000000
bleu,#0000FF
marron,#A52A2A
cyan,#00FFFF
gris,#808080
vert,#008000
citron vert,#00FF00
magenta,#FF00FF
bordeaux,#800000
bleu marine,#000080
olive,#808000
orange,#FFA500
rose,#FFC0CB
violet,#800080
rouge,#FF0000
argent,#C0C0C0
bleu sarcelle,#008080
violet,#EE82EE
blanc,#FFFFFF
jaune,#FFFF00
aqua,#00FFFF
noir,#000000
bleu,#0000FF
marron,#A52A2A
cyan,#00FFFF
gris,#808080
vert,#008000
citron vert,#00FF00
magenta,#FF00FF
bordeaux,#800000
bleu marine,#000080
olive,#808000
orange,#FFA500
rose,#FFC0CB
violet,#800080
rouge,#FF0000
argent,#C0C0C0
bleu sarcelle,#008080
violet,#EE82EE
blanc,#FFFFFF
jaune,#FFFF00
aqua,#00FFFF
noir,#000000
bleu,#0000FF
marron,#A52A2A
cyan,#00FFFF
gris,#808080
vert,#008000
citron vert,#00FF00
magenta,#FF00FF
bordeaux,#800000
bleu marine,#000080
olive,#808000
orange,#FFA500
rose,#FFC0CB
violet,#800080
rouge,#FF0000
argent,#C0C0C0
bleu sarcelle,#008080
violet,#EE82EE
blanc,#FFFFFF
jaune,#FFFF00
aqua,#00FFFF
noir,#000000
bleu,#0000FF
marron,#A52A2A
cyan,#00FFFF
gris,#808080
vert,#008000
citron vert,#00FF00
magenta,#FF00FF
bordeaux,#800000
bleu marine,#000080
olive,#808000
orange,#FFA500
rose,#FFC0CB
violet,#800080
rouge,#FF0000
argent,#C0C0C0
bleu sarcelle,#008080
violet,#EE82EE
blanc,#FFFFFF
jaune,#FFFF00
aqua,#00FFFF
noir,#000000
bleu,#0000FF
marron,#A52A2A
cyan,#00FFFF
gris,#808080
vert,#008000
citron vert,#00FF00
magenta,#FF00FF
bordeaux,#800000
bleu marine,#000080
olive,#808000
orange,#FFA500
rose,#FFC0CB
violet,#800080
rouge,#FF0000
argent,#C0C0C0
bleu sarcelle,#008080
violet,#EE82EE
blanc,#FFFFFF
jaune,#FFFF00
aqua,#00FFFF
noir,#000000
bleu,#0000FF
marron,#A52A2A
cyan,#00FFFF
gris,#808080
vert,#008000
citron vert,#00FF00
magenta,#FF00FF
bordeaux,#800000
bleu marine,#000080
olive,#808000
orange,#FFA500
rose,#FFC0CB
violet,#800080
rouge,#FF0000
argent,#C0C0C0
bleu sarcelle,#008080
violet,#EE82EE
blanc,#FFFFFF
jaune,#FFFF00
aqua,#00FFFF
noir,#000000
bleu,#0000FF
marron,#A52A2A
cyan,#00FFFF
gris,#808080
vert,#008000
citron vert,#00FF00
magenta,#FF00FF
bordeaux,#800000
bleu marine,#000080
olive,#808000
orange,#FFA500
rose,#FFC0CB
violet,#800080
rouge,#FF0000
argent,#C0C0C0
bleu sarcelle,#008080
violet,#EE82EE
blanc,#FFFFFF
jaune,#FFFF00
aqua,#00FFFF
noir,#000000
bleu,#0000FF
marron,#A52A2A
cyan,#00FFFF
gris,#808080
vert,#008000
citron vert,#00FF00
magenta,#FF00FF
bordeaux,#800000
bleu marine,#000080
olive,#808000
orange,#FFA500
rose,#FFC0CB
violet,#800080
rouge,#FF0000
argent,#C0C0C0
bleu sarcelle,#008080
violet,#EE82EE
blanc,#FFFFFF
jaune,#FFFF00
aqua,#00FFFF
noir,#000000
bleu,#0000FF
marron,#A52A2A
cyan,#00FFFF
gris,#808080
vert,#008000
citron vert,#00FF00
magenta,#FF00FF
bordeaux,#800000
bleu marine,#000080
olive,#808000
orange,#FFA500
rose,#FFC0CB
violet,#800080
rouge,#FF0000
argent,#C0C0C0
bleu sarcelle,#008080
violet,#EE82EE
blanc,#FFFFFF
jaune,#FFFF00
aqua,#00FFFF
noir,#000000
bleu,#0000FF
marron,#A52A2A
cyan,#00FFFF
gris,#808080
vert,#008000
citron vert,#00FF00
magenta,#FF00FF
bordeaux,#800000
bleu marine,#000080
olive,#808000
orange,#FFA500
rose,#FFC0CB
violet,#800080
rouge,#FF0000
argent,#C0C0C0
bleu sarcelle,#008080
violet,#EE82EE
blanc,#FFFFFF
jaune,#FFFF00
aqua,#00FFFF
noir,#000000
bleu,#0000FF
marron,#A52A2A
cyan,#00FFFF
gris,#808080
vert,#008000
citron vert,#00FF00
magenta,#FF00FF
bordeaux,#800000
bleu marine,#000080
olive,#808000
orange,#FFA500
rose,#FFC0CB
violet,#800080
rouge,#FF0000
argent,#C0C0C0
bleu sarcelle,#008080
violet,#EE82EE
blanc,#FFFFFF
jaune,#FFFF00
aqua,#00FFFF
noir,#000000
bleu,#0000FF
marron,#A52A2A
cyan,#00FFFF
gris,#808080
vert,#008000
citron vert,#00FF00
magenta,#FF00FF
bordeaux,#800000
bleu marine,#000080
olive,#808000
orange,#FFA500
rose,#FFC0CB
violet,#800080
rouge,#FF0000
argent,#C0C0C0
bleu sarcelle,#008080
violet,#EE82EE
blanc,#FFFFFF
jaune,#FFFF00
aqua,#00FFFF
noir,#000000
bleu,#0000FF
marron,#A52A2A
cyan,#00FFFF
gris,#808080
vert,#008000
citron vert,#00FF00
magenta,#FF00FF
bordeaux,#800000
bleu marine,#000080
olive,#808000
orange,#FFA500
rose,#FFC0CB
violet,#800080
rouge,#FF0000
argent,#C0C0C0
bleu sarcelle,#008080
violet,#EE82EE
blanc,#FFFFFF
jaune,#FFFF00
aqua,#00FFFF
noir,#000000
bleu,#0000FF
marron,#A52A2A
cyan,#00FFFF
gris,#808080
vert,#008000
citron vert,#00FF00
magenta,#FF00FF
bordeaux,#800000
bleu marine,#000080
olive,#808000
orange,#FFA500
rose,#FFC0CB
violet,#800080
rouge,#FF0000
argent,#C0C0C0
bleu sarcelle,#008080
violet,#EE82EE
blanc,#FFFFFF
jaune,#FFFF00
aqua,#00FFFF
noir,#000000
bleu,#0000FF
marron,#A52A2A
cyan,#00FFFF
gris,#808080
vert,#008000
citron vert,#00FF00
magenta,#FF00FF
bordeaux,#800000
bleu marine,#000080
olive,#808000
orange,#FFA500
rose,#FFC0CB
violet,#800080
rouge,#FF0000
argent,#C0C0C0
bleu sarcelle,#008080
violet,#EE82EE
blanc,#FFFFFF
jaune,#FFFF00
aqua,#00FFFF
noir,#000000
bleu,#0000FF
marron,#A52A2A
cyan,#00FFFF
gris,#808080
vert,#008000
citron vert,#00FF00
magenta,#FF00FF
bordeaux,#800000
bleu marine,#000080
olive,#808000
orange,#FFA500
rose,#FFC0CB
violet,#800080
rouge,#FF0000
argent,#C0C0C0
bleu sarcelle,#008080
violet,#EE82EE
blanc,#FFFFFF
jaune,#FFFF00
aqua,#00FFFF
noir,#000000
bleu,#0000FF
marron,#A52A2A
cyan,#00FFFF
gris,#808080
vert,#008000
citron vert,#00FF00
magenta,#FF00FF
bordeaux,#800000
bleu marine,#000080
olive,#808000
orange,#FFA500
rose,#FFC0CB
violet,#800080
rouge,#FF0000
argent,#C0C0C0
bleu sarcelle,#008080
violet,#EE82EE
blanc,#FFFFFF
jaune,#FFFF00
aqua,#00FFFF
noir,#000000
bleu,#0000FF
marron,#A52A2A
cyan,#00FFFF
gris,#808080
vert,#008000
citron vert,#00FF00
magenta,#FF00FF
bordeaux,#800000
bleu marine,#000080
olive,#808000
orange,#FFA500
rose,#FFC0CB
violet,#800080
rouge,#FF0000
argent,#C0C0C0
bleu sarcelle,#008080
violet,#EE82EE
blanc,#FFFFFF
jaune,#FFFF00
aqua,#00FFFF
noir,#000000
bleu,#0000FF
marron,#A52A2A
cyan,#00FFFF
gris,#808080
vert,#008000
citron vert,#00FF00
magenta,#FF00FF
bordeaux,#800000
bleu marine,#000080
olive,#808000
orange,#FFA500
rose,#FFC0CB
violet,#800080
rouge,#FF0000
argent,#C0C0C0
bleu sarcelle,#008080
violet,#EE82EE
blanc,#FFFFFF
jaune,#FFFF00
aqua,#00FFFF
noir,#000000
bleu,#0000FF
marron,#A52A2A
cyan,#00FFFF
gris,#808080
vert,#008000
citron vert,#00FF00
magenta,#FF00FF
bordeaux,#800000
bleu marine,#000080
olive,#808000
orange,#FFA500
rose,#FFC0CB
violet,#800080
rouge,#FF0000
argent,#C0C0C0
bleu sarcelle,#008080
violet,#EE82EE
blanc,#FFFFFF
jaune,#FFFF00
aqua,#00FFFF
noir,#000000
bleu,#0000FF
marron,#A52A2A
cyan,#00FFFF
gris,#808080
vert,#008000
citron vert,#00FF00
magenta,#FF00FF
bordeaux,#800000
bleu marine,#000080
olive,#808000
orange,#FFA500
rose,#FFC0CB
violet,#800080
rouge,#FF0000
argent,#C0C0C0
bleu sarcelle,#008080
violet,#EE82EE
blanc,#FFFFFF
jaune,#FFFF00
aqua,#00FFFF
noir,#000000
bleu,#0000FF
marron,#A52A2A
cyan,#00FFFF
gris,#808080
vert,#008000
citron vert,#00FF00
magenta,#FF00FF
bordeaux,#800000
bleu marine,#000080
olive,#808000
orange,#FFA500
rose,#FFC0CB
violet,#800080
rouge,#FF0000
argent,#C0C0C0
bleu sarcelle,#008080
violet,#EE82EE
blanc,#FFFFFF
jaune,#FFFF00
aqua,#00FFFF
noir,#000000
bleu,#0000FF
marron,#A52A2A
cyan,#00FFFF
gris,#808080
vert,#008000
citron vert,#00FF00
magenta,#FF00FF
bordeaux,#800000
bleu marine,#000080
olive,#808000
orange,#FFA500
rose,#FFC0CB
violet,#800080
rouge,#FF0000
argent,#C0C0C0
bleu sarcelle,#008080
violet,#EE82EE
blanc,#FFFFFF
jaune,#FFFF00
aqua,#00FFFF
noir,#000000
bleu,#0000FF
marron,#A52A2A
cyan,#00FFFF
gris,#808080
vert,#008000
citron vert,#00FF00
magenta,#FF00FF
bordeaux,#800000
bleu marine,#000080
olive,#808000
orange,#FFA500
rose,#FFC0CB
violet,#800080
rouge,#FF0000
argent,#C0C0C0
bleu sarcelle,#008080
violet,#EE82EE
blanc,#FFFFFF
jaune,#FFFF00
aqua,#00FFFF
noir,#000000
bleu,#0000FF
marron,#A52A2A
cyan,#00FFFF
gris,#808080
vert,#008000
citron vert,#00FF00
magenta,#FF00FF
bordeaux,#800000
bleu marine,#000080
olive,#808000
orange,#FFA500
rose,#FFC0CB
violet,#800080
rouge,#FF0000
argent,#C0C0C0
bleu sarcelle,#008080
violet,#EE82EE
blanc,#FFFFFF
jaune,#FFFF00
aqua,#00FFFF
noir,#000000
bleu,#0000FF
marron,#A52A2A
cyan,#00FFFF
gris,#808080
vert,#008000
citron vert,#00FF00
magenta,#FF00FF
bordeaux,#800000
bleu marine,#000080
olive,#808000
orange,#FFA500
rose,#FFC0CB
violet,#800080
rouge,#FF0000
argent,#C0C0C0
bleu sarcelle,#008080
violet,#EE82EE
blanc,#FFFFFF
jaune,#FFFF00
aqua,#00FFFF
noir,#000000
bleu,#0000FF
marron,#A52A2A
cyan,#00FFFF
gris,#808080
vert,#008000
citron vert,#00FF00
magenta,#FF00FF
bordeaux,#800000
bleu marine,#000080
olive,#808000
orange,#FFA500
rose,#FFC0CB
violet,#800080
rouge,#FF0000
argent,#C0C0C0
bleu sarcelle,#008080
violet,#EE82EE
blanc,#FFFFFF
jaune,#FFFF00
aqua,#00FFFF
noir,#000000
bleu,#0000FF
marron,#A52A2A
cyan,#00FFFF
gris,#808080
vert,#008000
citron vert,#00FF00
magenta,#FF00FF
bordeaux,#800000
bleu marine,#000080
olive,#808000
orange,#FFA500
rose,#FFC0CB
violet,#800080
rouge,#FF0000
argent,#C0C0C0
bleu sarcelle,#008080
violet,#EE82EE
blanc,#FFFFFF
jaune,#FFFF00
aqua,#00FFFF
noir,#000000
bleu,#0000FF
marron,#A52A2A
cyan,#00FFFF
gris,#808080
vert,#008000
citron vert,#00FF00
magenta,#FF00FF
bordeaux,#800000
bleu marine,#000080
olive,#808000
orange,#FFA500
rose,#FFC0CB
violet,#800080
rouge,#FF0000
argent,#C0C0C0
bleu sarcelle,#008080
violet,#EE82EE
blanc,#FFFFFF
jaune,#FFFF00
aqua,#00FFFF
noir,#000000
bleu,#0000FF
marron,#A52A2A
cyan,#00FFFF
gris,#808080
vert,#008000
citron vert,#00FF00
magenta,#FF00FF
bordeaux,#800000
bleu marine,#000080
olive,#808000
orange,#FFA500
rose,#FFC0CB
violet,#800080
rouge,#FF0000
argent,#C0C0C0
bleu sarcelle,#008080
violet,#EE82EE
blanc,#FFFFFF
jaune,#FFFF00
aqua,#00FFFF
noir,#000000
bleu,#0000FF
marron,#A52A2A
cyan,#00FFFF
gris,#808080
vert,#008000
citron vert,#00FF00
magenta,#FF00FF
bordeaux,#800000
bleu marine,#000080
olive,#808000
orange,#FFA500
rose,#FFC0CB
violet,#800080
rouge,#FF0000
argent,#C0C0C0
bleu sarcelle,#008080
violet,#EE82EE
blanc,#FFFFFF
jaune,#FFFF00
aqua,#00FFFF
noir,#000000
bleu,#0000FF
marron,#A52A2A
cyan,#00FFFF
gris,#808080
vert,#008000
citron vert,#00FF00
magenta,#FF00FF
bordeaux,#800000
bleu marine,#000080
olive,#808000
orange,#FFA500
rose,#FFC0CB
violet,#800080
rouge,#FF0000
argent,#C0C0C0
bleu sarcelle,#008080
violet,#EE82EE
blanc,#FFFFFF
jaune,#FFFF00
aqua,#00FFFF
noir,#000000
bleu,#0000FF
marron,#A52A2A
cyan,#00FFFF
gris,#808080
vert,#008000
citron vert,#00FF00
magenta,#FF00FF
bordeaux,#800000
bleu marine,#000080
olive,#808000
orange,#FFA500
rose,#FFC0CB
violet,#800080
rouge,#FF0000
argent,#C0C0C0
bleu sarcelle,#008080
violet,#EE82EE
blanc,#FFFFFF
jaune,#FFFF00
aqua,#00FFFF
noir,#000000
bleu,#0000FF
marron,#A52A2A
cyan,#00FFFF
gris,#808080
vert,#008000
citron vert,#00FF00
magenta,#FF00FF
bordeaux,#800000
bleu marine,#000080
olive,#808000
orange,#FFA500
rose,#FFC0CB
violet,#800080
rouge,#FF0000
argent,#C0C0C0
bleu sarcelle,#008080
violet,#EE82EE
blanc,#FFFFFF
jaune,#FFFF00
aqua,#00FFFF
noir,#000000
bleu,#0000FF
marron,#A52A2A
cyan,#00FFFF
gris,#808080
vert,#008000
citron vert,#00FF00
magenta,#FF00FF
bordeaux,#800000
bleu marine,#000080
olive,#808000
orange,#FFA500
rose,#FFC0CB
violet,#800080
rouge,#FF0000
argent,#C0C0C0
bleu sarcelle,#008080
violet,#EE82EE
blanc,#FFFFFF
jaune,#FFFF00
aqua,#00FFFF
noir,#000000
bleu,#0000FF
marron,#A52A2A
cyan,#00FFFF
gris,#808080
vert,#008000
citron vert,#00FF00
magenta,#FF00FF
bordeaux,#800000
bleu marine,#000080
olive,#808000
orange,#FFA500
rose,#FFC0CB
violet,#800080
rouge,#FF0000
argent,#C0C0C0
bleu sarcelle,#008080
violet,#EE82EE
blanc,#FFFFFF
jaune,#FFFF00
aqua,#00FFFF
noir,#000000
bleu,#0000FF
marron,#A52A2A
cyan,#00FFFF
gris,#808080
vert,#008000
citron vert,#00FF00
magenta,#FF00FF
bordeaux,#800000
bleu marine,#000080
olive,#808000
orange,#FFA500
rose,#FFC0CB
violet,#800080
rouge,#FF0000
argent,#C0C0C0
bleu sarcelle,#008080
violet,#EE82EE
blanc,#FFFFFF
jaune,#FFFF00
aqua,#00FFFF
noir,#000000
bleu,#0000FF
marron,#A52A2A
cyan,#00FFFF
gris,#808080
vert,#008000
citron vert,#00FF00
magenta,#FF00FF
bordeaux,#800000
bleu marine,#000080
olive,#808000
orange,#FFA500
rose,#FFC0CB
violet,#800080
rouge,#FF0000
argent,#C0C0C0
bleu sarcelle,#008080
violet,#EE82EE
blanc,#FFFFFF
jaune,#FFFF00
aqua,#00FFFF
noir,#000000
bleu,#0000FF
marron,#A52A2A
cyan,#00FFFF
gris,#808080
vert,#008000
citron vert,#00FF00
magenta,#FF00FF
bordeaux,#800000
bleu marine,#000080
olive,#808000
orange,#FFA500
rose,#FFC0CB
violet,#800080
rouge,#FF0000
argent,#C0C0C0
bleu sarcelle,#008080
violet,#EE82EE
blanc,#FFFFFF
jaune,#FFFF00
aqua,#00FFFF
noir,#000000
bleu,#0000FF
marron,#A52A2A
cyan,#00FFFF
gris,#808080
vert,#008000
citron vert,#00FF00
magenta,#FF00FF
bordeaux,#800000
bleu marine,#000080
olive,#808000
orange,#FFA500
rose,#FFC0CB
violet,#800080
rouge,#FF0000
argent,#C0C0C0
bleu sarcelle,#008080
violet,#EE82EE
blanc,#FFFFFF
jaune,#FFFF00
aqua,#00FFFF
noir,#000000
bleu,#0000FF
marron,#A52A2A
cyan,#00FFFF
gris,#808080
vert,#008000
citron vert,#00FF00
magenta,#FF00FF
bordeaux,#800000
bleu marine,#000080
olive,#808000
orange,#FFA500
rose,#FFC0CB
violet,#800080
rouge,#FF0000
argent,#C0C0C0
bleu sarcelle,#008080
violet,#EE82EE
blanc,#FFFFFF
jaune,#FFFF00
aqua,#00FFFF
noir,#000000
bleu,#0000FF
marron,#A52A2A
cyan,#00FFFF
gris,#808080
vert,#008000
citron vert,#00FF00
magenta,#FF00FF
bordeaux,#800000
bleu marine,#000080
olive,#808000
orange,#FFA500
rose,#FFC0CB
violet,#800080
rouge,#FF0000
argent,#C0C0C0
bleu sarcelle,#008080
violet,#EE82EE
blanc,#FFFFFF
jaune,#FFFF00
aqua,#00FFFF
noir,#000000
bleu,#0000FF
marron,#A52A2A
cyan,#00FFFF
gris,#808080
vert,#008000
citron vert,#00FF00
magenta,#FF00FF
bordeaux,#800000
bleu marine,#000080
olive,#808000
orange,#FFA500
rose,#FFC0CB
violet,#800080
rouge,#FF0000
argent,#C0C0C0
bleu sarcelle,#008080
violet,#EE82EE
blanc,#FFFFFF
jaune,#FFFF00
aqua,#00FFFF
noir,#000000
bleu,#0000FF
marron,#A52A2A
cyan,#00FFFF
gris,#808080
vert,#008000
citron vert,#00FF00
magenta,#FF00FF
bordeaux,#800000
bleu marine,#000080
olive,#808000
orange,#FFA500
rose,#FFC0CB
violet,#800080
rouge,#FF0000
argent,#C0C0C0
bleu sarcelle,#008080
violet,#EE82EE
blanc,#FFFFFF
jaune,#FFFF00
aqua,#00FFFF
noir,#000000
bleu,#0000FF
marron,#A52A2A
cyan,#00FFFF
gris,#808080
vert,#008000
citron vert,#00FF00
magenta,#FF00FF
bordeaux,#800000
bleu marine,#000080
olive,#808000
orange,#FFA500
rose,#FFC0CB
violet,#800080
rouge,#FF0000
argent,#C0C0C0
bleu sarcelle,#008080
violet,#EE82EE
blanc,#FFFFFF
jaune,#FFFF00
aqua,#00FFFF
noir,#000000
bleu,#0000FF
marron,#A52A2A
cyan,#00FFFF
gris,#808080
vert,#008000
citron vert,#00FF00
magenta,#FF00FF
bordeaux,#800000
bleu marine,#000080
olive,#808000
orange,#FFA500
rose,#FFC0CB
violet,#800080
rouge,#FF0000
argent,#C0C0C0
bleu sarcelle,#008080
violet,#EE82EE
blanc,#FFFFFF
jaune,#FFFF00
aqua,#00FFFF
noir,#000000
bleu,#0000FF
marron,#A52A2A
cyan,#00FFFF
gris,#808080
vert,#008000
citron vert,#00FF00
magenta,#FF00FF
bordeaux,#800000
bleu marine,#000080
olive,#808000
orange,#FFA500
rose,#FFC0CB
violet,#800080
rouge,#FF0000
argent,#C0C0C0
bleu sarcelle,#008080
violet,#EE82EE
blanc,#FFFFFF
jaune,#FFFF00
aqua,#00FFFF
noir,#000000
bleu,#0000FF
marron,#A52A2A
cyan,#00FFFF
gris,#808080
vert,#008000
citron vert,#00FF00
magenta,#FF00FF
bordeaux,#800000
bleu marine,#000080
olive,#808000
orange,#FFA500
rose,#FFC0CB
violet,#800080
rouge,#FF0000
argent,#C0C0C0
bleu sarcelle,#008080
violet,#EE82EE
blanc,#FFFFFF
jaune,#FFFF00
aqua,#00FFFF
noir,#000000
bleu,#0000FF
marron,#A52A2A
cyan,#00FFFF
gris,#808080
vert,#008000
citron vert,#00FF00
magenta,#FF00FF
bordeaux,#800000
bleu marine,#000080
olive,#808000
orange,#FFA500
rose,#FFC0CB
violet,#800080
rouge,#FF0000
argent,#C0C0C0
bleu sarcelle,#008080
violet,#EE82EE
blanc,#FFFFFF
jaune,#FFFF00
aqua,#00FFFF
noir,#000000
bleu,#0000FF
marron,#A52A2A
cyan,#00FFFF
gris,#808080
vert,#008000
citron vert,#00FF00
magenta,#FF00FF
bordeaux,#800000
bleu marine,#000080
olive,#808000
orange,#FFA500
rose,#FFC0CB
violet,#800080
rouge,#FF0000
argent,#C0C0C0
bleu sarcelle,#008080
violet,#EE82EE
blanc,#FFFFFF
jaune,#FFFF00
aqua,#00FFFF
noir,#000000
bleu,#0000FF
marron,#A52A2A
cyan,#00FFFF
gris,#808080
vert,#008000
citron vert,#00FF00
magenta,#FF00FF
bordeaux,#800000
bleu marine,#000080
olive,#808000
orange,#FFA500
rose,#FFC0CB
violet,#800080
rouge,#FF0000
argent,#C0C0C0
bleu sarcelle,#008080
violet,#EE82EE
blanc,#FFFFFF
jaune,#FFFF00
aqua,#00FFFF
noir,#000000
bleu,#0000FF
marron,#A52A2A
cyan,#00FFFF
gris,#808080
vert,#008000
citron vert,#00FF00
magenta,#FF00FF
bordeaux,#800000
bleu marine,#000080
olive,#808000
orange,#FFA500
rose,#FFC0CB
violet,#800080
rouge,#FF0000
argent,#C0C0C0
bleu sarcelle,#008080
violet,#EE82EE
blanc,#FFFFFF
jaune,#FFFF00
aqua,#00FFFF
noir,#000000
bleu,#0000FF
marron,#A52A2A
cyan,#00FFFF
gris,#808080
vert,#008000
citron vert,#00FF00
magenta,#FF00FF
bordeaux,#800000
bleu marine,#000080
olive,#808000
orange,#FFA500
rose,#FFC0CB
violet,#800080
rouge,#FF0000
argent,#C0C0C0
bleu sarcelle,#008080
violet,#EE82EE
blanc,#FFFFFF
jaune,#FFFF00
aqua,#00FFFF
noir,#000000
bleu,#0000FF
marron,#A52A2A
cyan,#00FFFF
gris,#808080
vert,#008000
citron vert,#00FF00
magenta,#FF00FF
bordeaux,#800000
bleu marine,#000080
olive,#808000
orange,#FFA500
rose,#FFC0CB
violet,#800080
rouge,#FF0000
argent,#C0C0C0
bleu sarcelle,#008080
violet,#EE82EE
blanc,#FFFFFF
jaune,#FFFF00
aqua,#00FFFF
noir,#000000
bleu,#0000FF
marron,#A52A2A
cyan,#00FFFF
gris,#808080
vert,#008000
citron vert,#00FF00
magenta,#FF00FF
bordeaux,#800000
bleu marine,#000080
olive,#808000
orange,#FFA500
rose,#FFC0CB
violet,#800080
rouge,#FF0000
argent,#C0C0C0
bleu sarcelle,#008080
violet,#EE82EE
blanc,#FFFFFF
jaune,#FFFF00
aqua,#00FFFF
noir,#000000
bleu,#0000FF
marron,#A52A2A
cyan,#00FFFF
gris,#808080
vert,#008000
citron vert,#00FF00
magenta,#FF00FF
bordeaux,#800000
bleu marine,#000080
olive,#808000
orange,#FFA500
rose,#FFC0CB
violet,#800080
rouge,#FF0000
argent,#C0C0C0
bleu sarcelle,#008080
violet,#EE82EE
blanc,#FFFFFF
jaune,#FFFF00
aqua,#00FFFF
noir,#000000
bleu,#0000FF
marron,#A52A2A
cyan,#00FFFF
gris,#808080
vert,#008000
citron vert,#00FF00
magenta,#FF00FF
bordeaux,#800000
bleu marine,#000080
olive,#808000
orange,#FFA500
rose,#FFC0CB
violet,#800080
rouge,#FF0000
argent,#C0C0C0
bleu sarcelle,#008080
violet,#EE82EE
blanc,#FFFFFF
jaune,#FFFF00
aqua,#00FFFF
noir,#000000
bleu,#0000FF
marron,#A52A2A
cyan,#00FFFF
gris,#808080
vert,#008000
citron vert,#00FF00
magenta,#FF00FF
bordeaux,#800000
bleu marine,#000080
olive,#808000
orange,#FFA500
rose,#FFC0CB
violet,#800080
rouge,#FF0000
argent,#C0C0C0
bleu sarcelle,#008080
violet,#EE82EE
blanc,#FFFFFF
jaune,#FFFF00
aqua,#00FFFF
noir,#000000
bleu,#0000FF
marron,#A52A2A
cyan,#00FFFF
gris,#808080
vert,#008000
citron vert,#00FF00
magenta,#FF00FF
bordeaux,#800000
bleu marine,#000080
olive,#808000
orange,#FFA500
rose,#FFC0CB
violet,#800080
rouge,#FF0000
argent,#C0C0C0
bleu sarcelle,#008080
violet,#EE82EE
blanc,#FFFFFF
jaune,#FFFF00
aqua,#00FFFF
noir,#000000
bleu,#0000FF
marron,#A52A2A
cyan,#00FFFF
gris,#808080
vert,#008000
citron vert,#00FF00
magenta,#FF00FF
bordeaux,#800000
bleu marine,#000080
olive,#808000
orange,#FFA500
rose,#FFC0CB
violet,#800080
rouge,#FF0000
argent,#C0C0C0
bleu sarcelle,#008080
violet,#EE82EE
blanc,#FFFFFF
jaune,#FFFF00
aqua,#00FFFF
noir,#000000
bleu,#0000FF
marron,#A52A2A
cyan,#00FFFF
gris,#808080
vert,#008000
citron vert,#00FF00
magenta,#FF00FF
bordeaux,#800000
bleu marine,#000080
olive,#808000
orange,#FFA500
rose,#FFC0CB
violet,#800080
rouge,#FF0000
argent,#C0C0C0
bleu sarcelle,#008080
violet,#EE82EE
blanc,#FFFFFF
jaune,#FFFF00
aqua,#00FFFF
noir,#000000
bleu,#0000FF
marron,#A52A2A
cyan,#00FFFF
gris,#808080
vert,#008000
citron vert,#00FF00
magenta,#FF00FF
bordeaux,#800000
bleu marine,#000080
olive,#808000
orange,#FFA500
rose,#FFC0CB
violet,#800080
rouge,#FF0000
argent,#C0C0C0
bleu sarcelle,#008080
violet,#EE82EE
blanc,#FFFFFF
jaune,#FFFF00
aqua,#00FFFF
noir,#000000
bleu,#0000FF
marron,#A52A2A
cyan,#00FFFF
gris,#808080
vert,#008000
citron vert,#00FF00
magenta,#FF00FF
bordeaux,#800000
bleu marine,#000080
olive,#808000
orange,#FFA500
rose,#FFC0CB
violet,#800080
rouge,#FF0000
argent,#C0C0C0
bleu sarcelle,#008080
violet,#EE82EE
blanc,#FFFFFF
jaune,#FFFF00
aqua,#00FFFF
noir,#000000
bleu,#0000FF
marron,#A52A2A
cyan,#00FFFF
gris,#808080
vert,#008000
citron vert,#00FF00
magenta,#FF00FF
bordeaux,#800000
bleu marine,#000080
olive,#808000
orange,#FFA500
rose,#FFC0CB
violet,#800080
rouge,#FF0000
argent,#C0C0C0
bleu sarcelle,#008080
violet,#EE82EE
blanc,#FFFFFF
jaune,#FFFF00
aqua,#00FFFF
noir,#000000
bleu,#0000FF
marron,#A52A2A
cyan,#00FFFF
gris,#808080
vert,#008000
citron vert,#00FF00
magenta,#FF00FF
bordeaux,#800000
bleu marine,#000080
olive,#808000
orange,#FFA500
rose,#FFC0CB
violet,#800080
rouge,#FF0000
argent,#C0C0C0
bleu sarcelle,#008080
violet,#EE82EE
blanc,#FFFFFF
jaune,#FFFF00
aqua,#00FFFF
noir,#000000
bleu,#0000FF
marron,#A52A2A
cyan,#00FFFF
gris,#808080
vert,#008000
citron vert,#00FF00
magenta,#FF00FF
bordeaux,#800000
bleu marine,#000080
olive,#808000
orange,#FFA500
rose,#FFC0CB
violet,#800080
rouge,#FF0000
argent,#C0C0C0
bleu sarcelle,#008080
violet,#EE82EE
blanc,#FFFFFF
jaune,#FFFF00
aqua,#00FFFF
noir,#000000
bleu,#0000FF
marron,#A52A2A
cyan,#00FFFF
gris,#808080
vert,#008000
citron vert,#00FF00
magenta,#FF00FF
bordeaux,#800000
bleu marine,#000080
olive,#808000
orange,#FFA500
rose,#FFC0CB
violet,#800080
rouge,#FF0000
argent,#C0C0C0
bleu sarcelle,#008080
violet,#EE82EE
blanc,#FFFFFF
jaune,#FFFF00
aqua,#00FFFF
noir,#000000
bleu,#0000FF
marron,#A52A2A
cyan,#00FFFF
gris,#808080
vert,#008000
citron vert,#00FF00
magenta,#FF00FF
bordeaux,#800000
bleu marine,#000080
olive,#808000
orange,#FFA500
rose,#FFC0CB
violet,#800080
rouge,#FF0000
argent,#C0C0C0
bleu sarcelle,#008080
violet,#EE82EE
blanc,#FFFFFF
jaune,#FFFF00
aqua,#00FFFF
noir,#000000
bleu,#0000FF
marron,#A52A2A
cyan,#00FFFF
gris,#808080
vert,#008000
citron vert,#00FF00
magenta,#FF00FF
bordeaux,#800000
bleu marine,#000080
olive,#808000
orange,#FFA500
rose,#FFC0CB
violet,#800080
rouge,#FF0000
argent,#C0C0C0
bleu sarcelle,#008080
violet,#EE82EE
blanc,#FFFFFF
jaune,#FFFF00
aqua,#00FFFF
noir,#000000
bleu,#0000FF
marron,#A52A2A
cyan,#00FFFF
gris,#808080
vert,#008000
citron vert,#00FF00
magenta,#FF00FF
bordeaux,#800000
bleu marine,#000080
olive,#808000
orange,#FFA500
rose,#FFC0CB
violet,#800080
rouge,#FF0000
argent,#C0C0C0
bleu sarcelle,#008080
violet,#EE82EE
blanc,#FFFFFF
jaune,#FFFF00
aqua,#00FFFF
noir,#000000
bleu,#0000FF
marron,#A52A2A
cyan,#00FFFF
gris,#808080
vert,#008000
citron vert,#00FF00
magenta,#FF00FF
bordeaux,#800000
bleu marine,#000080
olive,#808000
orange,#FFA500
rose,#FFC0CB
violet,#800080
rouge,#FF0000
argent,#C0C0C0
bleu sarcelle,#008080
violet,#EE82EE
blanc,#FFFFFF
jaune,#FFFF00
aqua,#00FFFF
noir,#000000
bleu,#0000FF
marron,#A52A2A
cyan,#00FFFF
gris,#808080
vert,#008000
citron vert,#00FF00
magenta,#FF00FF
bordeaux,#800000
bleu marine,#000080
olive,#808000
orange,#FFA500
rose,#FFC0CB
violet,#800080
rouge,#FF0000
argent,#C0C0C0
bleu sarcelle,#008080
violet,#EE82EE
blanc,#FFFFFF
jaune,#FFFF00
aqua,#00FFFF
noir,#000000
bleu,#0000FF
marron,#A52A2A
cyan,#00FFFF
gris,#808080
vert,#008000
citron vert,#00FF00
magenta,#FF00FF
bordeaux,#800000
bleu marine,#000080
olive,#808000
orange,#FFA500
rose,#FFC0CB
violet,#800080
rouge,#FF0000
argent,#C0C0C0
bleu sarcelle,#008080
violet,#EE82EE
blanc,#FFFFFF
jaune,#FFFF00
aqua,#00FFFF
noir,#000000
bleu,#0000FF
marron,#A52A2A
cyan,#00FFFF
gris,#808080
vert,#008000
citron vert,#00FF00
magenta,#FF00FF
bordeaux,#800000
bleu marine,#000080
olive,#808000
orange,#FFA500
rose,#FFC0CB
violet,#800080
rouge,#FF0000
argent,#C0C0C0
bleu sarcelle,#008080
violet,#EE82EE
blanc,#FFFFFF
jaune,#FFFF00
aqua,#00FFFF
noir,#000000
bleu,#0000FF
marron,#A52A2A
cyan,#00FFFF
gris,#808080
vert,#008000
citron vert,#00FF00
magenta,#FF00FF
bordeaux,#800000
bleu marine,#000080
olive,#808000
orange,#FFA500
rose,#FFC0CB
violet,#800080
rouge,#FF0000
argent,#C0C0C0
bleu sarcelle,#008080
violet,#EE82EE
blanc,#FFFFFF
jaune,#FFFF00
aqua,#00FFFF
noir,#000000
bleu,#0000FF
marron,#A52A2A
cyan,#00FFFF
gris,#808080
vert,#008000
citron vert,#00FF00
magenta,#FF00FF
bordeaux,#800000
bleu marine,#000080
olive,#808000
orange,#FFA500
rose,#FFC0CB
violet,#800080
rouge,#FF0000
argent,#C0C0C0
bleu sarcelle,#008080
violet,#EE82EE
blanc,#FFFFFF
jaune,#FFFF00
aqua,#00FFFF
noir,#000000
bleu,#0000FF
marron,#A52A2A
cyan,#00FFFF
gris,#808080
vert,#008000
citron vert,#00FF00
magenta,#FF00FF
bordeaux,#800000
bleu marine,#000080
olive,#808000
orange,#FFA500
rose,#FFC0CB
violet,#800080
rouge,#FF0000
argent,#C0C0C0
bleu sarcelle,#008080
violet,#EE82EE
blanc,#FFFFFF
jaune,#FFFF00
aqua,#00FFFF
noir,#000000
bleu,#0000FF
marron,#A52A2A
cyan,#00FFFF
gris,#808080
vert,#008000
citron vert,#00FF00
magenta,#FF00FF
bordeaux,#800000
bleu marine,#000080
olive,#808000
orange,#FFA500
rose,#FFC0CB
violet,#800080
rouge,#FF0000
argent,#C0C0C0
bleu sarcelle,#008080
violet,#EE82EE
blanc,#FFFFFF
jaune,#FFFF00
aqua,#00FFFF
noir,#000000
bleu,#0000FF
marron,#A52A2A
cyan,#00FFFF
gris,#808080
vert,#008000
citron vert,#00FF00
magenta,#FF00FF
bordeaux,#800000
bleu marine,#000080
olive,#808000
orange,#FFA500
rose,#FFC0CB
violet,#800080
rouge,#FF0000
argent,#C0C0C0
bleu sarcelle,#008080
violet,#EE82EE
blanc,#FFFFFF
jaune,#FFFF00
aqua,#00FFFF
noir,#000000
bleu,#0000FF
marron,#A52A2A
cyan,#00FFFF
gris,#808080
vert,#008000
citron vert,#00FF00
magenta,#FF00FF
bordeaux,#800000
bleu marine,#000080
olive,#808000
orange,#FFA500
rose,#FFC0CB
violet,#800080
rouge,#FF0000
argent,#C0C0C0
bleu sarcelle,#008080
violet,#EE82EE
blanc,#FFFFFF
jaune,#FFFF00
aqua,#00FFFF
noir,#000000
bleu,#0000FF
marron,#A52A2A
cyan,#00FFFF
gris,#808080
vert,#008000
citron vert,#00FF00
magenta,#FF00FF
bordeaux,#800000
bleu marine,#000080
olive,#808000
orange,#FFA500
rose,#FFC0CB
violet,#800080
rouge,#FF0000
argent,#C0C0C0
bleu sarcelle,#008080
violet,#EE82EE
blanc,#FFFFFF
jaune,#FFFF00
aqua,#00FFFF
noir,#000000
bleu,#0000FF
marron,#A52A2A
cyan,#00FFFF
gris,#808080
vert,#008000
citron vert,#00FF00
magenta,#FF00FF
bordeaux,#800000
bleu marine,#000080
olive,#808000
orange,#FFA500
rose,#FFC0CB
violet,#800080
rouge,#FF0000
argent,#C0C0C0
bleu sarcelle,#008080
violet,#EE82EE
blanc,#FFFFFF
jaune,#FFFF00
aqua,#00FFFF
noir,#000000
bleu,#0000FF
marron,#A52A2A
cyan,#00FFFF
gris,#808080
vert,#008000
citron vert,#00FF00
magenta,#FF00FF
bordeaux,#800000
bleu marine,#000080
olive,#808000
orange,#FFA500
rose,#FFC0CB
violet,#800080
rouge,#FF0000
argent,#C0C0C0
bleu sarcelle,#008080
violet,#EE82EE
blanc,#FFFFFF
jaune,#FFFF00
aqua,#00FFFF
noir,#000000
bleu,#0000FF
marron,#A52A2A
cyan,#00FFFF
gris,#808080
vert,#008000
citron vert,#00FF00
magenta,#FF00FF
bordeaux,#800000
bleu marine,#000080
olive,#808000
orange,#FFA500
rose,#FFC0CB
violet,#800080
rouge,#FF0000
argent,#C0C0C0
bleu sarcelle,#008080
violet,#EE82EE
blanc,#FFFFFF
jaune,#FFFF00
aqua,#00FFFF
noir,#000000
bleu,#0000FF
marron,#A52A2A
cyan,#00FFFF
gris,#808080
vert,#008000
citron vert,#00FF00
magenta,#FF00FF
bordeaux,#800000
bleu marine,#000080
olive,#808000
orange,#FFA500
rose,#FFC0CB
violet,#800080
rouge,#FF0000
argent,#C0C0C0
bleu sarcelle,#008080
violet,#EE82EE
blanc,#FFFFFF
jaune,#FFFF00
aqua,#00FFFF
noir,#000000
bleu,#0000FF
marron,#A52A2A
cyan,#00FFFF
gris,#808080
vert,#008000
citron vert,#00FF00
magenta,#FF00FF
bordeaux,#800000
bleu marine,#000080
olive,#808000
orange,#FFA500
rose,#FFC0CB
violet,#800080
rouge,#FF0000
argent,#C0C0C0
bleu sarcelle,#008080
violet,#EE82EE
blanc,#FFFFFF
jaune,#FFFF00
aqua,#00FFFF
noir,#000000
bleu,#0000FF
marron,#A52A2A
cyan,#00FFFF
gris,#808080
vert,#008000
citron vert,#00FF00
magenta,#FF00FF
bordeaux,#800000
bleu marine,#000080
olive,#808000
orange,#FFA500
rose,#FFC0CB
violet,#800080
rouge,#FF0000
argent,#C0C0C0
bleu sarcelle,#008080
violet,#EE82EE
blanc,#FFFFFF
jaune,#FFFF00
aqua,#00FFFF
noir,#000000
bleu,#0000FF
marron,#A52A2A
cyan,#00FFFF
gris,#808080
vert,#008000
citron vert,#00FF00
magenta,#FF00FF
bordeaux,#800000
bleu marine,#000080
olive,#808000
orange,#FFA500
rose,#FFC0CB
violet,#800080
rouge,#FF0000
argent,#C0C0C0
bleu sarcelle,#008080
violet,#EE82EE
blanc,#FFFFFF
jaune,#FFFF00
aqua,#00FFFF
noir,#000000
bleu,#0000FF
marron,#A52A2A
cyan,#00FFFF
gris,#808080
vert,#008000
citron vert,#00FF00
magenta,#FF00FF
bordeaux,#800000
bleu marine,#000080
olive,#808000
orange,#FFA500
rose,#FFC0CB
violet,#800080
rouge,#FF0000
argent,#C0C0C0
bleu sarcelle,#008080
violet,#EE82EE
blanc,#FFFFFF
jaune,#FFFF00
aqua,#00FFFF
noir,#000000
bleu,#0000FF
marron,#A52A2A
cyan,#00FFFF
gris,#808080
vert,#008000
citron vert,#00FF00
magenta,#FF00FF
bordeaux,#800000
bleu marine,#000080
olive,#808000
orange,#FFA500
rose,#FFC0CB
violet,#800080
rouge,#FF0000
argent,#C0C0C0
bleu sarcelle,#008080
violet,#EE82EE
blanc,#FFFFFF
jaune,#FFFF00
aqua,#00FFFF
noir,#000000
bleu,#0000FF
marron,#A52A2A
cyan,#00FFFF
gris,#808080
vert,#008000
citron vert,#00FF00
magenta,#FF00FF
bordeaux,#800000
bleu marine,#000080
olive,#808000
orange,#FFA500
rose,#FFC0CB
violet,#800080
rouge,#FF0000
argent,#C0C0C0
bleu sarcelle,#008080
violet,#EE82EE
blanc,#FFFFFF
jaune,#FFFF00
aqua,#00FFFF
noir,#000000
bleu,#0000FF
marron,#A52A2A
cyan,#00FFFF
gris,#808080
vert,#008000
citron vert,#00FF00
magenta,#FF00FF
bordeaux,#800000
bleu marine,#000080
olive,#808000
orange,#FFA500
rose,#FFC0CB
violet,#800080
rouge,#FF0000
argent,#C0C0C0
bleu sarcelle,#008080
violet,#EE82EE
blanc,#FFFFFF
jaune,#FFFF00
aqua,#00FFFF
noir,#000000
bleu,#0000FF
marron,#A52A2A
cyan,#00FFFF
gris,#808080
vert,#008000
citron vert,#00FF00
magenta,#FF00FF
bordeaux,#800000
bleu marine,#000080
olive,#808000
orange,#FFA500
rose,#FFC0CB
violet,#800080
rouge,#FF0000
argent,#C0C0C0
bleu sarcelle,#008080
violet,#EE82EE
blanc,#FFFFFF
jaune,#FFFF00
aqua,#00FFFF
noir,#000000
bleu,#0000FF
marron,#A52A2A
cyan,#00FFFF
gris,#808080
vert,#008000
citron vert,#00FF00
magenta,#FF00FF
bordeaux,#800000
bleu marine,#000080
olive,#808000
orange,#FFA500
rose,#FFC0CB
violet,#800080
rouge,#FF0000
argent,#C0C0C0
bleu sarcelle,#008080
violet,#EE82EE
blanc,#FFFFFF
jaune,#FFFF00
aqua,#00FFFF
noir,#000000
bleu,#0000FF
marron,#A52A2A
cyan,#00FFFF
gris,#808080
vert,#008000
citron vert,#00FF00
magenta,#FF00FF
bordeaux,#800000
bleu marine,#000080
olive,#808000
orange,#FFA500
rose,#FFC0CB
violet,#800080
rouge,#FF0000
argent,#C0C0C0
bleu sarcelle,#008080
violet,#EE82EE
blanc,#FFFFFF
jaune,#FFFF00
aqua,#00FFFF
noir,#000000
bleu,#0000FF
marron,#A52A2A
cyan,#00FFFF
gris,#808080
vert,#008000
citron vert,#00FF00
magenta,#FF00FF
bordeaux,#800000
bleu marine,#000080
olive,#808000
orange,#FFA500
rose,#FFC0CB
violet,#800080
rouge,#FF0000
argent,#C0C0C0
bleu sarcelle,#008080
violet,#EE82EE
blanc,#FFFFFF
jaune,#FFFF00
aqua,#00FFFF
noir,#000000
bleu,#0000FF
marron,#A52A2A
cyan,#00FFFF
gris,#808080
vert,#008000
citron vert,#00FF00
magenta,#FF00FF
bordeaux,#800000
bleu marine,#000080
olive,#808000
orange,#FFA500
rose,#FFC0CB
violet,#800080
rouge,#FF0000
argent,#C0C0C0
bleu sarcelle,#008080
violet,#EE82EE
blanc,#FFFFFF
jaune,#FFFF00
aqua,#00FFFF
noir,#000000
bleu,#0000FF
marron,#A52A2A
cyan,#00FFFF
gris,#808080
vert,#008000
citron vert,#00FF00
magenta,#FF00FF
bordeaux,#800000
bleu marine,#000080
olive,#808000
orange,#FFA500
rose,#FFC0CB
violet,#800080
rouge,#FF0000
argent,#C0C0C0
bleu sarcelle,#008080
violet,#EE82EE
blanc,#FFFFFF
jaune,#FFFF00
aqua,#00FFFF
noir,#000000
bleu,#0000FF
marron,#A52A2A
cyan,#00FFFF
gris,#808080
vert,#008000
citron vert,#00FF00
magenta,#FF00FF
bordeaux,#800000
bleu marine,#000080
olive,#808000
orange,#FFA500
rose,#FFC0CB
violet,#800080
rouge,#FF0000
argent,#C0C0C0
bleu sarcelle,#008080
violet,#EE82EE
blanc,#FFFFFF
jaune,#FFFF00
aqua,#00FFFF
noir,#000000
bleu,#0000FF
marron,#A52A2A
cyan,#00FFFF
gris,#808080
vert,#008000
citron vert,#00FF00
magenta,#FF00FF
bordeaux,#800000
bleu marine,#000080
olive,#808000
orange,#FFA500
rose,#FFC0CB
violet,#800080
rouge,#FF0000
argent,#C0C0C0
bleu sarcelle,#008080
violet,#EE82EE
blanc,#FFFFFF
jaune,#FFFF00
aqua,#00FFFF
noir,#000000
bleu,#0000FF
marron,#A52A2A
cyan,#00FFFF
gris,#808080
vert,#008000
citron vert,#00FF00
magenta,#FF00FF
bordeaux,#800000
bleu marine,#000080
olive,#808000
orange,#FFA500
rose,#FFC0CB
violet,#800080
rouge,#FF0000
argent,#C0C0C0
bleu sarcelle,#008080
violet,#EE82EE
blanc,#FFFFFF
jaune,#FFFF00
aqua,#00FFFF
noir,#000000
bleu,#0000FF
marron,#A52A2A
cyan,#00FFFF
gris,#808080
vert,#008000
citron vert,#00FF00
magenta,#FF00FF
bordeaux,#800000
bleu marine,#000080
olive,#808000
orange,#FFA500
rose,#FFC0CB
violet,#800080
rouge,#FF0000
argent,#C0C0C0
bleu sarcelle,#008080
violet,#EE82EE
blanc,#FFFFFF
jaune,#FFFF00
aqua,#00FFFF
noir,#000000
bleu,#0000FF
marron,#A52A2A
cyan,#00FFFF
gris,#808080
vert,#008000
citron vert,#00FF00
magenta,#FF00FF
bordeaux,#800000
bleu marine,#000080
olive,#808000
orange,#FFA500
rose,#FFC0CB
violet,#800080
rouge,#FF0000
argent,#C0C0C0
bleu sarcelle,#008080
violet,#EE82EE
blanc,#FFFFFF
jaune,#FFFF00
aqua,#00FFFF
noir,#000000
bleu,#0000FF
marron,#A52A2A
cyan,#00FFFF
gris,#808080
vert,#008000
citron vert,#00FF00
magenta,#FF00FF
bordeaux,#800000
bleu marine,#000080
olive,#808000
orange,#FFA500
rose,#FFC0CB
violet,#800080
rouge,#FF0000
argent,#C0C0C0
bleu sarcelle,#008080
violet,#EE82EE
blanc,#FFFFFF
jaune,#FFFF00
aqua,#00FFFF
noir,#000000
bleu,#0000FF
marron,#A52A2A
cyan,#00FFFF
gris,#808080
vert,#008000
citron vert,#00FF00
magenta,#FF00FF
bordeaux,#800000
bleu marine,#000080
olive,#808000
orange,#FFA500
rose,#FFC0CB
violet,#800080
rouge,#FF0000
argent,#C0C0C0
bleu sarcelle,#008080
violet,#EE82EE
blanc,#FFFFFF
jaune,#FFFF00
aqua,#00FFFF
noir,#000000
bleu,#0000FF
marron,#A52A2A
cyan,#00FFFF
gris,#808080
vert,#008000
citron vert,#00FF00
magenta,#FF00FF
bordeaux,#800000
bleu marine,#000080
olive,#808000
orange,#FFA500
rose,#FFC0CB
violet,#800080
rouge,#FF0000
argent,#C0C0C0
bleu sarcelle,#008080
violet,#EE82EE
blanc,#FFFFFF
jaune,#FFFF00
aqua,#00FFFF
noir,#000000
bleu,#0000FF
marron,#A52A2A
cyan,#00FFFF
gris,#808080
vert,#008000
citron vert,#00FF00
magenta,#FF00FF
bordeaux,#800000
bleu marine,#000080
olive,#808000
orange,#FFA500
rose,#FFC0CB
violet,#800080
rouge,#FF0000
argent,#C0C0C0
bleu sarcelle,#008080
violet,#EE82EE
blanc,#FFFFFF
jaune,#FFFF00
aqua,#00FFFF
noir,#000000
bleu,#0000FF
marron,#A52A2A
cyan,#00FFFF
gris,#808080
vert,#008000
citron vert,#00FF00
magenta,#FF00FF
bordeaux,#800000
bleu marine,#000080
olive,#808000
orange,#FFA500
rose,#FFC0CB
violet,#800080
rouge,#FF0000
argent,#C0C0C0
bleu sarcelle,#008080
violet,#EE82EE
blanc,#FFFFFF
jaune,#FFFF00
aqua,#00FFFF
noir,#000000
bleu,#0000FF
marron,#A52A2A
cyan,#00FFFF
gris,#808080
vert,#008000
citron vert,#00FF00
magenta,#FF00FF
bordeaux,#800000
bleu marine,#000080
olive,#808000
orange,#FFA500
rose,#FFC0CB
violet,#800080
rouge,#FF0000
argent,#C0C0C0
bleu sarcelle,#008080
violet,#EE82EE
blanc,#FFFFFF
jaune,#FFFF00
aqua,#00FFFF
noir,#000000
bleu,#0000FF
marron,#A52A2A
cyan,#00FFFF
gris,#808080
vert,#008000
citron vert,#00FF00
magenta,#FF00FF
bordeaux,#800000
bleu marine,#000080
olive,#808000
orange,#FFA500
rose,#FFC0CB
violet,#800080
rouge,#FF0000
argent,#C0C0C0
bleu sarcelle,#008080
violet,#EE82EE
blanc,#FFFFFF
jaune,#FFFF00
aqua,#00FFFF
noir,#000000
bleu,#0000FF
marron,#A52A2A
cyan,#00FFFF
gris,#808080
vert,#008000
citron vert,#00FF00
magenta,#FF00FF
bordeaux,#800000
bleu marine,#000080
olive,#808000
orange,#FFA500
rose,#FFC0CB
violet,#800080
rouge,#FF0000
argent,#C0C0C0
bleu sarcelle,#008080
violet,#EE82EE
blanc,#FFFFFF
jaune,#FFFF00
aqua,#00FFFF
noir,#000000
bleu,#0000FF
marron,#A52A2A
cyan,#00FFFF
gris,#808080
vert,#008000
citron vert,#00FF00
magenta,#FF00FF
bordeaux,#800000
bleu marine,#000080
olive,#808000
orange,#FFA500
rose,#FFC0CB
violet,#800080
rouge,#FF0000
argent,#C0C0C0
bleu sarcelle,#008080
violet,#EE82EE
blanc,#FFFFFF
jaune,#FFFF00
aqua,#00FFFF
noir,#000000
bleu,#0000FF
marron,#A52A2A
cyan,#00FFFF
gris,#808080
vert,#008000
citron vert,#00FF00
magenta,#FF00FF
bordeaux,#800000
bleu marine,#000080
olive,#808000
orange,#FFA500
rose,#FFC0CB
violet,#800080
rouge,#FF0000
argent,#C0C0C0
bleu sarcelle,#008080
violet,#EE82EE
blanc,#FFFFFF
jaune,#FFFF00
aqua,#00FFFF
noir,#000000
bleu,#0000FF
marron,#A52A2A
cyan,#00FFFF
gris,#808080
vert,#008000
citron vert,#00FF00
magenta,#FF00FF
bordeaux,#800000
bleu marine,#000080
olive,#808000
orange,#FFA500
rose,#FFC0CB
violet,#800080
rouge,#FF0000
argent,#C0C0C0
bleu sarcelle,#008080
violet,#EE82EE
blanc,#FFFFFF
jaune,#FFFF00
aqua,#00FFFF
noir,#000000
bleu,#0000FF
marron,#A52A2A
cyan,#00FFFF
gris,#808080
vert,#008000
citron vert,#00FF00
magenta,#FF00FF
bordeaux,#800000
bleu marine,#000080
olive,#808000
orange,#FFA500
rose,#FFC0CB
violet,#800080
rouge,#FF0000
argent,#C0C0C0
bleu sarcelle,#008080
violet,#EE82EE
blanc,#FFFFFF
jaune,#FFFF00
aqua,#00FFFF
noir,#000000
bleu,#0000FF
marron,#A52A2A
cyan,#00FFFF
gris,#808080
vert,#008000
citron vert,#00FF00
magenta,#FF00FF
bordeaux,#800000
bleu marine,#000080
olive,#808000
orange,#FFA500
rose,#FFC0CB
violet,#800080
rouge,#FF0000
argent,#C0C0C0
bleu sarcelle,#008080
violet,#EE82EE
blanc,#FFFFFF
jaune,#FFFF00
aqua,#00FFFF
noir,#000000
bleu,#0000FF
marron,#A52A2A
cyan,#00FFFF
gris,#808080
vert,#008000
citron vert,#00FF00
magenta,#FF00FF
bordeaux,#800000
bleu marine,#000080
olive,#808000
orange,#FFA500
rose,#FFC0CB
violet,#800080
rouge,#FF0000
argent,#C0C0C0
bleu sarcelle,#008080
violet,#EE82EE
blanc,#FFFFFF
jaune,#FFFF00
aqua,#00FFFF
noir,#000000
bleu,#0000FF
marron,#A52A2A
cyan,#00FFFF
gris,#808080
vert,#008000
citron vert,#00FF00
magenta,#FF00FF
bordeaux,#800000
bleu marine,#000080
olive,#808000
orange,#FFA500
rose,#FFC0CB
violet,#800080
rouge,#FF0000
argent,#C0C0C0
bleu sarcelle,#008080
violet,#EE82EE
blanc,#FFFFFF
jaune,#FFFF00
aqua,#00FFFF
noir,#000000
bleu,#0000FF
marron,#A52A2A
cyan,#00FFFF
gris,#808080
vert,#008000
citron vert,#00FF00
magenta,#FF00FF
bordeaux,#800000
bleu marine,#000080
olive,#808000
orange,#FFA500
rose,#FFC0CB
violet,#800080
rouge,#FF0000
argent,#C0C0C0
bleu sarcelle,#008080
violet,#EE82EE
blanc,#FFFFFF
jaune,#FFFF00
aqua,#00FFFF
noir,#000000
bleu,#0000FF
marron,#A52A2A
cyan,#00FFFF
gris,#808080
vert,#008000
citron vert,#00FF00
magenta,#FF00FF
bordeaux,#800000
bleu marine,#000080
olive,#808000
orange,#FFA500
rose,#FFC0CB
violet,#800080
rouge,#FF0000
argent,#C0C0C0
bleu sarcelle,#008080
violet,#EE82EE
blanc,#FFFFFF
jaune,#FFFF00
aqua,#00FFFF
noir,#000000
bleu,#0000FF
marron,#A52A2A
cyan,#00FFFF
gris,#808080
vert,#008000
citron vert,#00FF00
magenta,#FF00FF
bordeaux,#800000
bleu marine,#000080
olive,#808000
orange,#FFA500
rose,#FFC0CB
violet,#800080
rouge,#FF0000
argent,#C0C0C0
bleu sarcelle,#008080
violet,#EE82EE
blanc,#FFFFFF
jaune,#FFFF00
aqua,#00FFFF
noir,#000000
bleu,#0000FF
marron,#A52A2A
cyan,#00FFFF
gris,#808080
vert,#008000
citron vert,#00FF00
magenta,#FF00FF
bordeaux,#800000
bleu marine,#000080
olive,#808000
orange,#FFA500
rose,#FFC0CB
violet,#800080
rouge,#FF0000
argent,#C0C0C0
bleu sarcelle,#008080
violet,#EE82EE
blanc,#FFFFFF
jaune,#FFFF00
aqua,#00FFFF
noir,#000000
bleu,#0000FF
marron,#A52A2A
cyan,#00FFFF
gris,#808080
vert,#008000
citron vert,#00FF00
magenta,#FF00FF
bordeaux,#800000
bleu marine,#000080
olive,#808000
orange,#FFA500
rose,#FFC0CB
violet,#800080
rouge,#FF0000
argent,#C0C0C0
bleu sarcelle,#008080
violet,#EE82EE
blanc,#FFFFFF
jaune,#FFFF00
aqua,#00FFFF
noir,#000000
bleu,#0000FF
marron,#A52A2A
cyan,#00FFFF
gris,#808080
vert,#008000
citron vert,#00FF00
magenta,#FF00FF
bordeaux,#800000
bleu marine,#000080
olive,#808000
orange,#FFA500
rose,#FFC0CB
violet,#800080
rouge,#FF0000
argent,#C0C0C0
bleu sarcelle,#008080
violet,#EE82EE
blanc,#FFFFFF
jaune,#FFFF00
aqua,#00FFFF
noir,#000000
bleu,#0000FF
marron,#A52A2A
cyan,#00FFFF
gris,#808080
vert,#008000
citron vert,#00FF00
magenta,#FF00FF
bordeaux,#800000
bleu marine,#000080
olive,#808000
orange,#FFA500
rose,#FFC0CB
violet,#800080
rouge,#FF0000
argent,#C0C0C0
bleu sarcelle,#008080
violet,#EE82EE
blanc,#FFFFFF
jaune,#FFFF00
aqua,#00FFFF
noir,#000000
bleu,#0000FF
marron,#A52A2A
cyan,#00FFFF
gris,#808080
vert,#008000
citron vert,#00FF00
magenta,#FF00FF
bordeaux,#800000
bleu marine,#000080
olive,#808000
orange,#FFA500
rose,#FFC0CB
violet,#800080
rouge,#FF0000
argent,#C0C0C0
bleu sarcelle,#008080
violet,#EE82EE
blanc,#FFFFFF
jaune,#FFFF00
aqua,#00FFFF
noir,#000000
bleu,#0000FF
marron,#A52A2A
cyan,#00FFFF
gris,#808080
vert,#008000
citron vert,#00FF00
magenta,#FF00FF
bordeaux,#800000
bleu marine,#000080
olive,#808000
orange,#FFA500
rose,#FFC0CB
violet,#800080
rouge,#FF0000
argent,#C0C0C0
bleu sarcelle,#008080
violet,#EE82EE
blanc,#FFFFFF
jaune,#FFFF00
aqua,#00FFFF
noir,#000000
bleu,#0000FF
marron,#A52A2A
cyan,#00FFFF
gris,#808080
vert,#008000
citron vert,#00FF00
magenta,#FF00FF
bordeaux,#800000
bleu marine,#000080
olive,#808000
orange,#FFA500
rose,#FFC0CB
violet,#800080
rouge,#FF0000
argent,#C0C0C0
bleu sarcelle,#008080
violet,#EE82EE
blanc,#FFFFFF
jaune,#FFFF00
aqua,#00FFFF
noir,#000000
bleu,#0000FF
marron,#A52A2A
cyan,#00FFFF
gris,#808080
vert,#008000
citron vert,#00FF00
magenta,#FF00FF
bordeaux,#800000
bleu marine,#000080
olive,#808000
orange,#FFA500
rose,#FFC0CB
violet,#800080
rouge,#FF0000
argent,#C0C0C0
bleu sarcelle,#008080
violet,#EE82EE
blanc,#FFFFFF
jaune,#FFFF00
aqua,#00FFFF
noir,#000000
bleu,#0000FF
marron,#A52A2A
cyan,#00FFFF
gris,#808080
vert,#008000
citron vert,#00FF00
magenta,#FF00FF
bordeaux,#800000
bleu marine,#000080
olive,#808000
orange,#FFA500
rose,#FFC0CB
violet,#800080
rouge,#FF0000
argent,#C0C0C0
bleu sarcelle,#008080
violet,#EE82EE
blanc,#FFFFFF
jaune,#FFFF00
aqua,#00FFFF
noir,#000000
bleu,#0000FF
marron,#A52A2A
cyan,#00FFFF
gris,#808080
vert,#008000
citron vert,#00FF00
magenta,#FF00FF
bordeaux,#800000
bleu marine,#000080
olive,#808000
orange,#FFA500
rose,#FFC0CB
violet,#800080
rouge,#FF0000
argent,#C0C0C0
bleu sarcelle,#008080
violet,#EE82EE
blanc,#FFFFFF
jaune,#FFFF00
aqua,#00FFFF
noir,#000000
bleu,#0000FF
marron,#A52A2A
cyan,#00FFFF
gris,#808080
vert,#008000
citron vert,#00FF00
magenta,#FF00FF
bordeaux,#800000
bleu marine,#000080
olive,#808000
orange,#FFA500
rose,#FFC0CB
violet,#800080
rouge,#FF0000
argent,#C0C0C0
bleu sarcelle,#008080
violet,#EE82EE
blanc,#FFFFFF
jaune,#FFFF00
aqua,#00FFFF
noir,#000000
bleu,#0000FF
marron,#A52A2A
cyan,#00FFFF
gris,#808080
vert,#008000
citron vert,#00FF00
magenta,#FF00FF
bordeaux,#800000
bleu marine,#000080
olive,#808000
orange,#FFA500
rose,#FFC0CB
violet,#800080
rouge,#FF0000
argent,#C0C0C0
bleu sarcelle,#008080
violet,#EE82EE
blanc,#FFFFFF
jaune,#FFFF00
aqua,#00FFFF
noir,#000000
bleu,#0000FF
marron,#A52A2A
cyan,#00FFFF
gris,#808080
vert,#008000
citron vert,#00FF00
magenta,#FF00FF
bordeaux,#800000
bleu marine,#000080
olive,#808000
orange,#FFA500
rose,#FFC0CB
violet,#800080
rouge,#FF0000
argent,#C0C0C0
bleu sarcelle,#008080
violet,#EE82EE
blanc,#FFFFFF
jaune,#FFFF00
aqua,#00FFFF
noir,#000000
bleu,#0000FF
marron,#A52A2A
cyan,#00FFFF
gris,#808080
vert,#008000
citron vert,#00FF00
magenta,#FF00FF
bordeaux,#800000
bleu marine,#000080
olive,#808000
orange,#FFA500
rose,#FFC0CB
violet,#800080
rouge,#FF0000
argent,#C0C0C0
bleu sarcelle,#008080
violet,#EE82EE
blanc,#FFFFFF
jaune,#FFFF00
aqua,#00FFFF
noir,#000000
bleu,#0000FF
marron,#A52A2A
cyan,#00FFFF
gris,#808080
vert,#008000
citron vert,#00FF00
magenta,#FF00FF
bordeaux,#800000
bleu marine,#000080
olive,#808000
orange,#FFA500
rose,#FFC0CB
violet,#800080
rouge,#FF0000
argent,#C0C0C0
bleu sarcelle,#008080
violet,#EE82EE
blanc,#FFFFFF
jaune,#FFFF00
aqua,#00FFFF
noir,#000000
bleu,#0000FF
marron,#A52A2A
cyan,#00FFFF
gris,#808080
vert,#008000
citron vert,#00FF00
magenta,#FF00FF
bordeaux,#800000
bleu marine,#000080
olive,#808000
orange,#FFA500
rose,#FFC0CB
violet,#800080
rouge,#FF0000
argent,#C0C0C0
bleu sarcelle,#008080
violet,#EE82EE
blanc,#FFFFFF
jaune,#FFFF00
aqua,#00FFFF
noir,#000000
bleu,#0000FF
marron,#A52A2A
cyan,#00FFFF
gris,#808080
vert,#008000
citron vert,#00FF00
magenta,#FF00FF
bordeaux,#800000
bleu marine,#000080
olive,#808000
orange,#FFA500
rose,#FFC0CB
violet,#800080
rouge,#FF0000
argent,#C0C0C0
bleu sarcelle,#008080
violet,#EE82EE
blanc,#FFFFFF
jaune,#FFFF00
aqua,#00FFFF
noir,#000000
bleu,#0000FF
marron,#A52A2A
cyan,#00FFFF
gris,#808080
vert,#008000
citron vert,#00FF00
magenta,#FF00FF
bordeaux,#800000
bleu marine,#000080
olive,#808000
orange,#FFA500
rose,#FFC0CB
violet,#800080
rouge,#FF0000
argent,#C0C0C0
bleu sarcelle,#008080
violet,#EE82EE
blanc,#FFFFFF
jaune,#FFFF00
aqua,#00FFFF
noir,#000000
bleu,#0000FF
marron,#A52A2A
cyan,#00FFFF
gris,#808080
vert,#008000
citron vert,#00FF00
magenta,#FF00FF
bordeaux,#800000
bleu marine,#000080
olive,#808000
orange,#FFA500
rose,#FFC0CB
violet,#800080
rouge,#FF0000
argent,#C0C0C0
bleu sarcelle,#008080
violet,#EE82EE
blanc,#FFFFFF
jaune,#FFFF00
aqua,#00FFFF
noir,#000000
bleu,#0000FF
marron,#A52A2A
cyan,#00FFFF
gris,#808080
vert,#008000
citron vert,#00FF00
magenta,#FF00FF
bordeaux,#800000
bleu marine,#000080
olive,#808000
orange,#FFA500
rose,#FFC0CB
violet,#800080
rouge,#FF0000
argent,#C0C0C0
bleu sarcelle,#008080
violet,#EE82EE
blanc,#FFFFFF
jaune,#FFFF00
aqua,#00FFFF
noir,#000000
bleu,#0000FF
marron,#A52A2A
cyan,#00FFFF
gris,#808080
vert,#008000
citron vert,#00FF00
magenta,#FF00FF
bordeaux,#800000
bleu marine,#000080
olive,#808000
orange,#FFA500
rose,#FFC0CB
violet,#800080
rouge,#FF0000
argent,#C0C0C0
bleu sarcelle,#008080
violet,#EE82EE
blanc,#FFFFFF
jaune,#FFFF00
aqua,#00FFFF
noir,#000000
bleu,#0000FF
marron,#A52A2A
cyan,#00FFFF
gris,#808080
vert,#008000
citron vert,#00FF00
magenta,#FF00FF
bordeaux,#800000
bleu marine,#000080
olive,#808000
orange,#FFA500
rose,#FFC0CB
violet,#800080
rouge,#FF0000
argent,#C0C0C0
bleu sarcelle,#008080
violet,#EE82EE
blanc,#FFFFFF
jaune,#FFFF00
aqua,#00FFFF
noir,#000000
bleu,#0000FF
marron,#A52A2A
cyan,#00FFFF
gris,#808080
vert,#008000
citron vert,#00FF00
magenta,#FF00FF
bordeaux,#800000
bleu marine,#000080
olive,#808000
orange,#FFA500
rose,#FFC0CB
violet,#800080
rouge,#FF0000
argent,#C0C0C0
bleu sarcelle,#008080
violet,#EE82EE
blanc,#FFFFFF
jaune,#FFFF00
aqua,#00FFFF
noir,#000000
bleu,#0000FF
marron,#A52A2A
cyan,#00FFFF
gris,#808080
vert,#008000
citron vert,#00FF00
magenta,#FF00FF
bordeaux,#800000
bleu marine,#000080
olive,#808000
orange,#FFA500
rose,#FFC0CB
violet,#800080
rouge,#FF0000
argent,#C0C0C0
bleu sarcelle,#008080
violet,#EE82EE
blanc,#FFFFFF
jaune,#FFFF00
aqua,#00FFFF
noir,#000000
bleu,#0000FF
marron,#A52A2A
cyan,#00FFFF
gris,#808080
vert,#008000
citron vert,#00FF00
magenta,#FF00FF
bordeaux,#800000
bleu marine,#000080
olive,#808000
orange,#FFA500
rose,#FFC0CB
violet,#800080
rouge,#FF0000
argent,#C0C0C0
bleu sarcelle,#008080
violet,#EE82EE
blanc,#FFFFFF
jaune,#FFFF00
aqua,#00FFFF
noir,#000000
bleu,#0000FF
marron,#A52A2A
cyan,#00FFFF
gris,#808080
vert,#008000
citron vert,#00FF00
magenta,#FF00FF
bordeaux,#800000
bleu marine,#000080
olive,#808000
orange,#FFA500
rose,#FFC0CB
violet,#800080
rouge,#FF0000
argent,#C0C0C0
bleu sarcelle,#008080
violet,#EE82EE
blanc,#FFFFFF
jaune,#FFFF00
aqua,#00FFFF
noir,#000000
bleu,#0000FF
marron,#A52A2A
cyan,#00FFFF
gris,#808080
vert,#008000
citron vert,#00FF00
magenta,#FF00FF
bordeaux,#800000
bleu marine,#000080
olive,#808000
orange,#FFA500
rose,#FFC0CB
violet,#800080
rouge,#FF0000
argent,#C0C0C0
bleu sarcelle,#008080
violet,#EE82EE
blanc,#FFFFFF
jaune,#FFFF00
aqua,#00FFFF
noir,#000000
bleu,#0000FF
marron,#A52A2A
cyan,#00FFFF
gris,#808080
vert,#008000
citron vert,#00FF00
magenta,#FF00FF
bordeaux,#800000
bleu marine,#000080
olive,#808000
orange,#FFA500
rose,#FFC0CB
violet,#800080
rouge,#FF0000
argent,#C0C0C0
bleu sarcelle,#008080
violet,#EE82EE
blanc,#FFFFFF
jaune,#FFFF00
aqua,#00FFFF
noir,#000000
bleu,#0000FF
marron,#A52A2A
cyan,#00FFFF
gris,#808080
vert,#008000
citron vert,#00FF00
magenta,#FF00FF
bordeaux,#800000
bleu marine,#000080
olive,#808000
orange,#FFA500
rose,#FFC0CB
violet,#800080
rouge,#FF0000
argent,#C0C0C0
bleu sarcelle,#008080
violet,#EE82EE
blanc,#FFFFFF
jaune,#FFFF00
aqua,#00FFFF
noir,#000000
bleu,#0000FF
marron,#A52A2A
cyan,#00FFFF
gris,#808080
vert,#008000
citron vert,#00FF00
magenta,#FF00FF
bordeaux,#800000
bleu marine,#000080
olive,#808000
orange,#FFA500
rose,#FFC0CB
violet,#800080
rouge,#FF0000
argent,#C0C0C0
bleu sarcelle,#008080
violet,#EE82EE
blanc,#FFFFFF
jaune,#FFFF00
aqua,#00FFFF
noir,#000000
bleu,#0000FF
marron,#A52A2A
cyan,#00FFFF
gris,#808080
vert,#008000
citron vert,#00FF00
magenta,#FF00FF
bordeaux,#800000
bleu marine,#000080
olive,#808000
orange,#FFA500
rose,#FFC0CB
violet,#800080
rouge,#FF0000
argent,#C0C0C0
bleu sarcelle,#008080
violet,#EE82EE
blanc,#FFFFFF
jaune,#FFFF00
aqua,#00FFFF
noir,#000000
bleu,#0000FF
marron,#A52A2A
cyan,#00FFFF
gris,#808080
vert,#008000
citron vert,#00FF00
magenta,#FF00FF
bordeaux,#800000
bleu marine,#000080
olive,#808000
orange,#FFA500
rose,#FFC0CB
violet,#800080
rouge,#FF0000
argent,#C0C0C0
bleu sarcelle,#008080
violet,#EE82EE
blanc,#FFFFFF
jaune,#FFFF00
aqua,#00FFFF
noir,#000000
bleu,#0000FF
marron,#A52A2A
cyan,#00FFFF
gris,#808080
vert,#008000
citron vert,#00FF00
magenta,#FF00FF
bordeaux,#800000
bleu marine,#000080
olive,#808000
orange,#FFA500
rose,#FFC0CB
violet,#800080
rouge,#FF0000
argent,#C0C0C0
bleu sarcelle,#008080
violet,#EE82EE
blanc,#FFFFFF
jaune,#FFFF00
aqua,#00FFFF
noir,#000000
bleu,#0000FF
marron,#A52A2A
cyan,#00FFFF
gris,#808080
vert,#008000
citron vert,#00FF00
magenta,#FF00FF
bordeaux,#800000
bleu marine,#000080
olive,#808000
orange,#FFA500
rose,#FFC0CB
violet,#800080
rouge,#FF0000
argent,#C0C0C0
bleu sarcelle,#008080
violet,#EE82EE
blanc,#FFFFFF
jaune,#FFFF00
aqua,#00FFFF
noir,#000000
bleu,#0000FF
marron,#A52A2A
cyan,#00FFFF
gris,#808080
vert,#008000
citron vert,#00FF00
magenta,#FF00FF
bordeaux,#800000
bleu marine,#000080
olive,#808000
orange,#FFA500
rose,#FFC0CB
violet,#800080
rouge,#FF0000
argent,#C0C0C0
bleu sarcelle,#008080
violet,#EE82EE
blanc,#FFFFFF
jaune,#FFFF00
aqua,#00FFFF
noir,#000000
bleu,#0000FF
marron,#A52A2A
cyan,#00FFFF
gris,#808080
vert,#008000
citron vert,#00FF00
magenta,#FF00FF
bordeaux,#800000
bleu marine,#000080
olive,#808000
orange,#FFA500
rose,#FFC0CB
violet,#800080
rouge,#FF0000
argent,#C0C0C0
bleu sarcelle,#008080
violet,#EE82EE
blanc,#FFFFFF
jaune,#FFFF00
aqua,#00FFFF
noir,#000000
bleu,#0000FF
marron,#A52A2A
cyan,#00FFFF
gris,#808080
vert,#008000
citron vert,#00FF00
magenta,#FF00FF
bordeaux,#800000
bleu marine,#000080
olive,#808000
orange,#FFA500
rose,#FFC0CB
violet,#800080
rouge,#FF0000
argent,#C0C0C0
bleu sarcelle,#008080
violet,#EE82EE
blanc,#FFFFFF
jaune,#FFFF00
aqua,#00FFFF
noir,#000000
bleu,#0000FF
marron,#A52A2A
cyan,#00FFFF
gris,#808080
vert,#008000
citron vert,#00FF00
magenta,#FF00FF
bordeaux,#800000
bleu marine,#000080
olive,#808000
orange,#FFA500
rose,#FFC0CB
violet,#800080
rouge,#FF0000
argent,#C0C0C0
bleu sarcelle,#008080
violet,#EE82EE
blanc,#FFFFFF
jaune,#FFFF00
aqua,#00FFFF
noir,#000000
bleu,#0000FF
marron,#A52A2A
cyan,#00FFFF
gris,#808080
vert,#008000
citron vert,#00FF00
magenta,#FF00FF
bordeaux,#800000
bleu marine,#000080
olive,#808000
orange,#FFA500
rose,#FFC0CB
violet,#800080
rouge,#FF0000
argent,#C0C0C0
bleu sarcelle,#008080
violet,#EE82EE
blanc,#FFFFFF
jaune,#FFFF00
aqua,#00FFFF
noir,#000000
bleu,#0000FF
marron,#A52A2A
cyan,#00FFFF
gris,#808080
vert,#008000
citron vert,#00FF00
magenta,#FF00FF
bordeaux,#800000
bleu marine,#000080
olive,#808000
orange,#FFA500
rose,#FFC0CB
violet,#800080
rouge,#FF0000
argent,#C0C0C0
bleu sarcelle,#008080
violet,#EE82EE
blanc,#FFFFFF
jaune,#FFFF00
aqua,#00FFFF
noir,#000000
bleu,#0000FF
marron,#A52A2A
cyan,#00FFFF
gris,#808080
vert,#008000
citron vert,#00FF00
magenta,#FF00FF
bordeaux,#800000
bleu marine,#000080
olive,#808000
orange,#FFA500
rose,#FFC0CB
violet,#800080
rouge,#FF0000
argent,#C0C0C0
bleu sarcelle,#008080
violet,#EE82EE
blanc,#FFFFFF
jaune,#FFFF00
aqua,#00FFFF
noir,#000000
bleu,#0000FF
marron,#A52A2A
cyan,#00FFFF
gris,#808080
vert,#008000
citron vert,#00FF00
magenta,#FF00FF
bordeaux,#800000
bleu marine,#000080
olive,#808000
orange,#FFA500
rose,#FFC0CB
violet,#800080
rouge,#FF0000
argent,#C0C0C0
bleu sarcelle,#008080
violet,#EE82EE
blanc,#FFFFFF
jaune,#FFFF00
aqua,#00FFFF
noir,#000000
bleu,#0000FF
marron,#A52A2A
cyan,#00FFFF
gris,#808080
vert,#008000
citron vert,#00FF00
magenta,#FF00FF
bordeaux,#800000
bleu marine,#000080
olive,#808000
orange,#FFA500
rose,#FFC0CB
violet,#800080
rouge,#FF0000
argent,#C0C0C0
bleu sarcelle,#008080
violet,#EE82EE
blanc,#FFFFFF
jaune,#FFFF00
aqua,#00FFFF
noir,#000000
bleu,#0000FF
marron,#A52A2A
cyan,#00FFFF
gris,#808080
vert,#008000
citron vert,#00FF00
magenta,#FF00FF
bordeaux,#800000
bleu marine,#000080
olive,#808000
orange,#FFA500
rose,#FFC0CB
violet,#800080
rouge,#FF0000
argent,#C0C0C0
bleu sarcelle,#008080
violet,#EE82EE
blanc,#FFFFFF
jaune,#FFFF00
aqua,#00FFFF
noir,#000000
bleu,#0000FF
marron,#A52A2A
cyan,#00FFFF
gris,#808080
vert,#008000
citron vert,#00FF00
magenta,#FF00FF
bordeaux,#800000
bleu marine,#000080
olive,#808000
orange,#FFA500
rose,#FFC0CB
violet,#800080
rouge,#FF0000
argent,#C0C0C0
bleu sarcelle,#008080
violet,#EE82EE
blanc,#FFFFFF
jaune,#FFFF00
aqua,#00FFFF
noir,#000000
bleu,#0000FF
marron,#A52A2A
cyan,#00FFFF
gris,#808080
vert,#008000
citron vert,#00FF00
magenta,#FF00FF
bordeaux,#800000
bleu marine,#000080
olive,#808000
orange,#FFA500
rose,#FFC0CB
violet,#800080
rouge,#FF0000
argent,#C0C0C0
bleu sarcelle,#008080
violet,#EE82EE
blanc,#FFFFFF
jaune,#FFFF00
aqua,#00FFFF
noir,#000000
bleu,#0000FF
marron,#A52A2A
cyan,#00FFFF
gris,#808080
vert,#008000
citron vert,#00FF00
magenta,#FF00FF
bordeaux,#800000
bleu marine,#000080
olive,#808000
orange,#FFA500
rose,#FFC0CB
violet,#800080
rouge,#FF0000
argent,#C0C0C0
bleu sarcelle,#008080
violet,#EE82EE
blanc,#FFFFFF
jaune,#FFFF00
aqua,#00FFFF
noir,#000000
bleu,#0000FF
marron,#A52A2A
cyan,#00FFFF
gris,#808080
vert,#008000
citron vert,#00FF00
magenta,#FF00FF
bordeaux,#800000
bleu marine,#000080
olive,#808000
orange,#FFA500
rose,#FFC0CB
violet,#800080
rouge,#FF0000
argent,#C0C0C0
bleu sarcelle,#008080
violet,#EE82EE
blanc,#FFFFFF
jaune,#FFFF00
aqua,#00FFFF
noir,#000000
bleu,#0000FF
marron,#A52A2A
cyan,#00FFFF
gris,#808080
vert,#008000
citron vert,#00FF00
magenta,#FF00FF
bordeaux,#800000
bleu marine,#000080
olive,#808000
orange,#FFA500
rose,#FFC0CB
violet,#800080
rouge,#FF0000
argent,#C0C0C0
bleu sarcelle,#008080
violet,#EE82EE
blanc,#FFFFFF
jaune,#FFFF00
aqua,#00FFFF
noir,#000000
bleu,#0000FF
marron,#A52A2A
cyan,#00FFFF
gris,#808080
vert,#008000
citron vert,#00FF00
magenta,#FF00FF
bordeaux,#800000
bleu marine,#000080
olive,#808000
orange,#FFA500
rose,#FFC0CB
violet,#800080
rouge,#FF0000
argent,#C0C0C0
bleu sarcelle,#008080
violet,#EE82EE
blanc,#FFFFFF
jaune,#FFFF00
aqua,#00FFFF
noir,#000000
bleu,#0000FF
marron,#A52A2A
cyan,#00FFFF
gris,#808080
vert,#008000
citron vert,#00FF00
magenta,#FF00FF
bordeaux,#800000
bleu marine,#000080
olive,#808000
orange,#FFA500
rose,#FFC0CB
violet,#800080
rouge,#FF0000
argent,#C0C0C0
bleu sarcelle,#008080
violet,#EE82EE
blanc,#FFFFFF
jaune,#FFFF00
aqua,#00FFFF
noir,#000000
bleu,#0000FF
marron,#A52A2A
cyan,#00FFFF
gris,#808080
vert,#008000
citron vert,#00FF00
magenta,#FF00FF
bordeaux,#800000
bleu marine,#000080
olive,#808000
orange,#FFA500
rose,#FFC0CB
violet,#800080
rouge,#FF0000
argent,#C0C0C0
bleu sarcelle,#008080
violet,#EE82EE
blanc,#FFFFFF
jaune,#FFFF00
aqua,#00FFFF
noir,#000000
bleu,#0000FF
marron,#A52A2A
cyan,#00FFFF
gris,#808080
vert,#008000
citron vert,#00FF00
magenta,#FF00FF
bordeaux,#800000
bleu marine,#000080
olive,#808000
orange,#FFA500
rose,#FFC0CB
violet,#800080
rouge,#FF0000
argent,#C0C0C0
bleu sarcelle,#008080
violet,#EE82EE
blanc,#FFFFFF
jaune,#FFFF00
aqua,#00FFFF
noir,#000000
bleu,#0000FF
marron,#A52A2A
cyan,#00FFFF
gris,#808080
vert,#008000
citron vert,#00FF00
magenta,#FF00FF
bordeaux,#800000
bleu marine,#000080
olive,#808000
orange,#FFA500
rose,#FFC0CB
violet,#800080
rouge,#FF0000
argent,#C0C0C0
bleu sarcelle,#008080
violet,#EE82EE
blanc,#FFFFFF
jaune,#FFFF00
aqua,#00FFFF
noir,#000000
bleu,#0000FF
marron,#A52A2A
cyan,#00FFFF
gris,#808080
vert,#008000
citron vert,#00FF00
magenta,#FF00FF
bordeaux,#800000
bleu marine,#000080
olive,#808000
orange,#FFA500
rose,#FFC0CB
violet,#800080
rouge,#FF0000
argent,#C0C0C0
bleu sarcelle,#008080
violet,#EE82EE
blanc,#FFFFFF
jaune,#FFFF00
aqua,#00FFFF
noir,#000000
bleu,#0000FF
marron,#A52A2A
cyan,#00FFFF
gris,#808080
vert,#008000
citron vert,#00FF00
magenta,#FF00FF
bordeaux,#800000
bleu marine,#000080
olive,#808000
orange,#FFA500
rose,#FFC0CB
violet,#800080
rouge,#FF0000
argent,#C0C0C0
bleu sarcelle,#008080
violet,#EE82EE
blanc,#FFFFFF
jaune,#FFFF00
aqua,#00FFFF
noir,#000000
bleu,#0000FF
marron,#A52A2A
cyan,#00FFFF
gris,#808080
vert,#008000
citron vert,#00FF00
magenta,#FF00FF
bordeaux,#800000
bleu marine,#000080
olive,#808000
orange,#FFA500
rose,#FFC0CB
violet,#800080
rouge,#FF0000
argent,#C0C0C0
bleu sarcelle,#008080
violet,#EE82EE
blanc,#FFFFFF
jaune,#FFFF00
aqua,#00FFFF
noir,#000000
bleu,#0000FF
marron,#A52A2A
cyan,#00FFFF
gris,#808080
vert,#008000
citron vert,#00FF00
magenta,#FF00FF
bordeaux,#800000
bleu marine,#000080
olive,#808000
orange,#FFA500
rose,#FFC0CB
violet,#800080
rouge,#FF0000
argent,#C0C0C0
bleu sarcelle,#008080
violet,#EE82EE
blanc,#FFFFFF
jaune,#FFFF00
aqua,#00FFFF
noir,#000000
bleu,#0000FF
marron,#A52A2A
cyan,#00FFFF
gris,#808080
vert,#008000
citron vert,#00FF00
magenta,#FF00FF
bordeaux,#800000
bleu marine,#000080
olive,#808000
orange,#FFA500
rose,#FFC0CB
violet,#800080
rouge,#FF0000
argent,#C0C0C0
bleu sarcelle,#008080
violet,#EE82EE
blanc,#FFFFFF
jaune,#FFFF00
aqua,#00FFFF
noir,#000000
bleu,#0000FF
marron,#A52A2A
cyan,#00FFFF
gris,#808080
vert,#008000
citron vert,#00FF00
magenta,#FF00FF
bordeaux,#800000
bleu marine,#000080
olive,#808000
orange,#FFA500
rose,#FFC0CB
violet,#800080
rouge,#FF0000
argent,#C0C0C0
bleu sarcelle,#008080
violet,#EE82EE
blanc,#FFFFFF
jaune,#FFFF00
aqua,#00FFFF
noir,#000000
bleu,#0000FF
marron,#A52A2A
cyan,#00FFFF
gris,#808080
vert,#008000
citron vert,#00FF00
magenta,#FF00FF
bordeaux,#800000
bleu marine,#000080
olive,#808000
orange,#FFA500
rose,#FFC0CB
violet,#800080
rouge,#FF0000
argent,#C0C0C0
bleu sarcelle,#008080
violet,#EE82EE
blanc,#FFFFFF
jaune,#FFFF00
aqua,#00FFFF
noir,#000000
bleu,#0000FF
marron,#A52A2A
cyan,#00FFFF
gris,#808080
vert,#008000
citron vert,#00FF00
magenta,#FF00FF
bordeaux,#800000
bleu marine,#000080
olive,#808000
orange,#FFA500
rose,#FFC0CB
violet,#800080
rouge,#FF0000
argent,#C0C0C0
bleu sarcelle,#008080
violet,#EE82EE
blanc,#FFFFFF
jaune,#FFFF00
aqua,#00FFFF
noir,#000000
bleu,#0000FF
marron,#A52A2A
cyan,#00FFFF
gris,#808080
vert,#008000
citron vert,#00FF00
magenta,#FF00FF
bordeaux,#800000
bleu marine,#000080
olive,#808000
orange,#FFA500
rose,#FFC0CB
violet,#800080
rouge,#FF0000
argent,#C0C0C0
bleu sarcelle,#008080
violet,#EE82EE
blanc,#FFFFFF
jaune,#FFFF00
aqua,#00FFFF
noir,#000000
bleu,#0000FF
marron,#A52A2A
cyan,#00FFFF
gris,#808080
vert,#008000
citron vert,#00FF00
magenta,#FF00FF
bordeaux,#800000
bleu marine,#000080
olive,#808000
orange,#FFA500
rose,#FFC0CB
violet,#800080
rouge,#FF0000
argent,#C0C0C0
bleu sarcelle,#008080
violet,#EE82EE
blanc,#FFFFFF
jaune,#FFFF00
aqua,#00FFFF
noir,#000000
bleu,#0000FF
marron,#A52A2A
cyan,#00FFFF
gris,#808080
vert,#008000
citron vert,#00FF00
magenta,#FF00FF
bordeaux,#800000
bleu marine,#000080
olive,#808000
orange,#FFA500
rose,#FFC0CB
violet,#800080
rouge,#FF0000
argent,#C0C0C0
bleu sarcelle,#008080
violet,#EE82EE
blanc,#FFFFFF
jaune,#FFFF00
aqua,#00FFFF
noir,#000000
bleu,#0000FF
marron,#A52A2A
cyan,#00FFFF
gris,#808080
vert,#008000
citron vert,#00FF00
magenta,#FF00FF
bordeaux,#800000
bleu marine,#000080
olive,#808000
orange,#FFA500
rose,#FFC0CB
violet,#800080
rouge,#FF0000
argent,#C0C0C0
bleu sarcelle,#008080
violet,#EE82EE
blanc,#FFFFFF
jaune,#FFFF00
aqua,#00FFFF
noir,#000000
bleu,#0000FF
marron,#A52A2A
cyan,#00FFFF
gris,#808080
vert,#008000
citron vert,#00FF00
magenta,#FF00FF
bordeaux,#800000
bleu marine,#000080
olive,#808000
orange,#FFA500
rose,#FFC0CB
violet,#800080
rouge,#FF0000
argent,#C0C0C0
bleu sarcelle,#008080
violet,#EE82EE
blanc,#FFFFFF
jaune,#FFFF00
aqua,#00FFFF
noir,#000000
bleu,#0000FF
marron,#A52A2A
cyan,#00FFFF
gris,#808080
vert,#008000
citron vert,#00FF00
magenta,#FF00FF
bordeaux,#800000
bleu marine,#000080
olive,#808000
orange,#FFA500
rose,#FFC0CB
violet,#800080
rouge,#FF0000
argent,#C0C0C0
bleu sarcelle,#008080
violet,#EE82EE
blanc,#FFFFFF
jaune,#FFFF00
aqua,#00FFFF
noir,#000000
bleu,#0000FF
marron,#A52A2A
cyan,#00FFFF
gris,#808080
vert,#008000
citron vert,#00FF00
magenta,#FF00FF
bordeaux,#800000
bleu marine,#000080
olive,#808000
orange,#FFA500
rose,#FFC0CB
violet,#800080
rouge,#FF0000
argent,#C0C0C0
bleu sarcelle,#008080
violet,#EE82EE
blanc,#FFFFFF
jaune,#FFFF00
aqua,#00FFFF
noir,#000000
bleu,#0000FF
marron,#A52A2A
cyan,#00FFFF
gris,#808080
vert,#008000
citron vert,#00FF00
magenta,#FF00FF
bordeaux,#800000
bleu marine,#000080
olive,#808000
orange,#FFA500
rose,#FFC0CB
violet,#800080
rouge,#FF0000
argent,#C0C0C0
bleu sarcelle,#008080
violet,#EE82EE
blanc,#FFFFFF
jaune,#FFFF00
aqua,#00FFFF
noir,#000000
bleu,#0000FF
marron,#A52A2A
cyan,#00FFFF
gris,#808080
vert,#008000
citron vert,#00FF00
magenta,#FF00FF
bordeaux,#800000
bleu marine,#000080
olive,#808000
orange,#FFA500
rose,#FFC0CB
violet,#800080
rouge,#FF0000
argent,#C0C0C0
bleu sarcelle,#008080
violet,#EE82EE
blanc,#FFFFFF
jaune,#FFFF00
aqua,#00FFFF
noir,#000000
bleu,#0000FF
marron,#A52A2A
cyan,#00FFFF
gris,#808080
vert,#008000
citron vert,#00FF00
magenta,#FF00FF
bordeaux,#800000
bleu marine,#000080
olive,#808000
orange,#FFA500
rose,#FFC0CB
violet,#800080
rouge,#FF0000
argent,#C0C0C0
bleu sarcelle,#008080
violet,#EE82EE
blanc,#FFFFFF
jaune,#FFFF00
aqua,#00FFFF
noir,#000000
bleu,#0000FF
marron,#A52A2A
cyan,#00FFFF
gris,#808080
vert,#008000
citron vert,#00FF00
magenta,#FF00FF
bordeaux,#800000
bleu marine,#000080
olive,#808000
orange,#FFA500
rose,#FFC0CB
violet,#800080
rouge,#FF0000
argent,#C0C0C0
bleu sarcelle,#008080
violet,#EE82EE
blanc,#FFFFFF
jaune,#FFFF00
aqua,#00FFFF
noir,#000000
bleu,#0000FF
marron,#A52A2A
cyan,#00FFFF
gris,#808080
vert,#008000
citron vert,#00FF00
magenta,#FF00FF
bordeaux,#800000
bleu marine,#000080
olive,#808000
orange,#FFA500
rose,#FFC0CB
violet,#800080
rouge,#FF0000
argent,#C0C0C0
bleu sarcelle,#008080
violet,#EE82EE
blanc,#FFFFFF
jaune,#FFFF00
aqua,#00FFFF
noir,#000000
bleu,#0000FF
marron,#A52A2A
cyan,#00FFFF
gris,#808080
vert,#008000
citron vert,#00FF00
magenta,#FF00FF
bordeaux,#800000
bleu marine,#000080
olive,#808000
orange,#FFA500
rose,#FFC0CB
violet,#800080
rouge,#FF0000
argent,#C0C0C0
bleu sarcelle,#008080
violet,#EE82EE
blanc,#FFFFFF
jaune,#FFFF00
aqua,#00FFFF
noir,#000000
bleu,#0000FF
marron,#A52A2A
cyan,#00FFFF
gris,#808080
vert,#008000
citron vert,#00FF00
magenta,#FF00FF
bordeaux,#800000
bleu marine,#000080
olive,#808000
orange,#FFA500
rose,#FFC0CB
violet,#800080
rouge,#FF0000
argent,#C0C0C0
bleu sarcelle,#008080
violet,#EE82EE
blanc,#FFFFFF
jaune,#FFFF00
aqua,#00FFFF
noir,#000000
bleu,#0000FF
marron,#A52A2A
cyan,#00FFFF
gris,#808080
vert,#008000
citron vert,#00FF00
magenta,#FF00FF
bordeaux,#800000
bleu marine,#000080
olive,#808000
orange,#FFA500
rose,#FFC0CB
violet,#800080
rouge,#FF0000
argent,#C0C0C0
bleu sarcelle,#008080
violet,#EE82EE
blanc,#FFFFFF
jaune,#FFFF00
aqua,#00FFFF
noir,#000000
bleu,#0000FF
marron,#A52A2A
cyan,#00FFFF
gris,#808080
vert,#008000
citron vert,#00FF00
magenta,#FF00FF
bordeaux,#800000
bleu marine,#000080
olive,#808000
orange,#FFA500
rose,#FFC0CB
violet,#800080
rouge,#FF0000
argent,#C0C0C0
bleu sarcelle,#008080
violet,#EE82EE
blanc,#FFFFFF
jaune,#FFFF00
aqua,#00FFFF
noir,#000000
bleu,#0000FF
marron,#A52A2A
cyan,#00FFFF
gris,#808080
vert,#008000
citron vert,#00FF00
magenta,#FF00FF
bordeaux,#800000
bleu marine,#000080
olive,#808000
orange,#FFA500
rose,#FFC0CB
violet,#800080
rouge,#FF0000
argent,#C0C0C0
bleu sarcelle,#008080
violet,#EE82EE
blanc,#FFFFFF
jaune,#FFFF00
aqua,#00FFFF
noir,#000000
bleu,#0000FF
marron,#A52A2A
cyan,#00FFFF
gris,#808080
vert,#008000
citron vert,#00FF00
magenta,#FF00FF
bordeaux,#800000
bleu marine,#000080
olive,#808000
orange,#FFA500
rose,#FFC0CB
violet,#800080
rouge,#FF0000
argent,#C0C0C0
bleu sarcelle,#008080
violet,#EE82EE
blanc,#FFFFFF
jaune,#FFFF00
aqua,#00FFFF
noir,#000000
bleu,#0000FF
marron,#A52A2A
cyan,#00FFFF
gris,#808080
vert,#008000
citron vert,#00FF00
magenta,#FF00FF
bordeaux,#800000
bleu marine,#000080
olive,#808000
orange,#FFA500
rose,#FFC0CB
violet,#800080
rouge,#FF0000
argent,#C0C0C0
bleu sarcelle,#008080
violet,#EE82EE
blanc,#FFFFFF
jaune,#FFFF00
aqua,#00FFFF
noir,#000000
bleu,#0000FF
marron,#A52A2A
cyan,#00FFFF
gris,#808080
vert,#008000
citron vert,#00FF00
magenta,#FF00FF
bordeaux,#800000
bleu marine,#000080
olive,#808000
orange,#FFA500
rose,#FFC0CB
violet,#800080
rouge,#FF0000
argent,#C0C0C0
bleu sarcelle,#008080
violet,#EE82EE
blanc,#FFFFFF
jaune,#FFFF00
aqua,#00FFFF
noir,#000000
bleu,#0000FF
marron,#A52A2A
cyan,#00FFFF
gris,#808080
vert,#008000
citron vert,#00FF00
magenta,#FF00FF
bordeaux,#800000
bleu marine,#000080
olive,#808000
orange,#FFA500
rose,#FFC0CB
violet,#800080
rouge,#FF0000
argent,#C0C0C0
bleu sarcelle,#008080
violet,#EE82EE
blanc,#FFFFFF
jaune,#FFFF00
aqua,#00FFFF
noir,#000000
bleu,#0000FF
marron,#A52A2A
cyan,#00FFFF
gris,#808080
vert,#008000
citron vert,#00FF00
magenta,#FF00FF
bordeaux,#800000
bleu marine,#000080
olive,#808000
orange,#FFA500
rose,#FFC0CB
violet,#800080
rouge,#FF0000
argent,#C0C0C0
bleu sarcelle,#008080
violet,#EE82EE
blanc,#FFFFFF
jaune,#FFFF00
aqua,#00FFFF
noir,#000000
bleu,#0000FF
marron,#A52A2A
cyan,#00FFFF
gris,#808080
vert,#008000
citron vert,#00FF00
magenta,#FF00FF
bordeaux,#800000
bleu marine,#000080
olive,#808000
orange,#FFA500
rose,#FFC0CB
violet,#800080
rouge,#FF0000
argent,#C0C0C0
bleu sarcelle,#008080
violet,#EE82EE
blanc,#FFFFFF
jaune,#FFFF00
aqua,#00FFFF
noir,#000000
bleu,#0000FF
marron,#A52A2A
cyan,#00FFFF
gris,#808080
vert,#008000
citron vert,#00FF00
magenta,#FF00FF
bordeaux,#800000
bleu marine,#000080
olive,#808000
orange,#FFA500
rose,#FFC0CB
violet,#800080
rouge,#FF0000
argent,#C0C0C0
bleu sarcelle,#008080
violet,#EE82EE
blanc,#FFFFFF
jaune,#FFFF00
aqua,#00FFFF
noir,#000000
bleu,#0000FF
marron,#A52A2A
cyan,#00FFFF
gris,#808080
vert,#008000
citron vert,#00FF00
magenta,#FF00FF
bordeaux,#800000
bleu marine,#000080
olive,#808000
orange,#FFA500
rose,#FFC0CB
violet,#800080
rouge,#FF0000
argent,#C0C0C0
bleu sarcelle,#008080
violet,#EE82EE
blanc,#FFFFFF
jaune,#FFFF00
aqua,#00FFFF
noir,#000000
bleu,#0000FF
marron,#A52A2A
cyan,#00FFFF
gris,#808080
vert,#008000
citron vert,#00FF00
magenta,#FF00FF
bordeaux,#800000
bleu marine,#000080
olive,#808000
orange,#FFA500
rose,#FFC0CB
violet,#800080
rouge,#FF0000
argent,#C0C0C0
bleu sarcelle,#008080
violet,#EE82EE
blanc,#FFFFFF
jaune,#FFFF00
aqua,#00FFFF
noir,#000000
bleu,#0000FF
marron,#A52A2A
cyan,#00FFFF
gris,#808080
vert,#008000
citron vert,#00FF00
magenta,#FF00FF
bordeaux,#800000
bleu marine,#000080
olive,#808000
orange,#FFA500
rose,#FFC0CB
violet,#800080
rouge,#FF0000
argent,#C0C0C0
bleu sarcelle,#008080
violet,#EE82EE
blanc,#FFFFFF
jaune,#FFFF00
aqua,#00FFFF
noir,#000000
bleu,#0000FF
marron,#A52A2A
cyan,#00FFFF
gris,#808080
vert,#008000
citron vert,#00FF00
magenta,#FF00FF
bordeaux,#800000
bleu marine,#000080
olive,#808000
orange,#FFA500
rose,#FFC0CB
violet,#800080
rouge,#FF0000
argent,#C0C0C0
bleu sarcelle,#008080
violet,#EE82EE
blanc,#FFFFFF
jaune,#FFFF00
aqua,#00FFFF
noir,#000000
bleu,#0000FF
marron,#A52A2A
cyan,#00FFFF
gris,#808080
vert,#008000
citron vert,#00FF00
magenta,#FF00FF
bordeaux,#800000
bleu marine,#000080
olive,#808000
orange,#FFA500
rose,#FFC0CB
violet,#800080
rouge,#FF0000
argent,#C0C0C0
bleu sarcelle,#008080
violet,#EE82EE
blanc,#FFFFFF
jaune,#FFFF00
aqua,#00FFFF
noir,#000000
bleu,#0000FF
marron,#A52A2A
cyan,#00FFFF
gris,#808080
vert,#008000
citron vert,#00FF00
magenta,#FF00FF
bordeaux,#800000
bleu marine,#000080
olive,#808000
orange,#FFA500
rose,#FFC0CB
violet,#800080
rouge,#FF0000
argent,#C0C0C0
bleu sarcelle,#008080
violet,#EE82EE
blanc,#FFFFFF
jaune,#FFFF00
aqua,#00FFFF
noir,#000000
bleu,#0000FF
marron,#A52A2A
cyan,#00FFFF
gris,#808080
vert,#008000
citron vert,#00FF00
magenta,#FF00FF
bordeaux,#800000
bleu marine,#000080
olive,#808000
orange,#FFA500
rose,#FFC0CB
violet,#800080
rouge,#FF0000
argent,#C0C0C0
bleu sarcelle,#008080
violet,#EE82EE
blanc,#FFFFFF
jaune,#FFFF00
aqua,#00FFFF
noir,#000000
bleu,#0000FF
marron,#A52A2A
cyan,#00FFFF
gris,#808080
vert,#008000
citron vert,#00FF00
magenta,#FF00FF
bordeaux,#800000
bleu marine,#000080
olive,#808000
orange,#FFA500
rose,#FFC0CB
violet,#800080
rouge,#FF0000
argent,#C0C0C0
bleu sarcelle,#008080
violet,#EE82EE
blanc,#FFFFFF
jaune,#FFFF00
aqua,#00FFFF
noir,#000000
bleu,#0000FF
marron,#A52A2A
cyan,#00FFFF
gris,#808080
vert,#008000
citron vert,#00FF00
magenta,#FF00FF
bordeaux,#800000
bleu marine,#000080
olive,#808000
orange,#FFA500
rose,#FFC0CB
violet,#800080
rouge,#FF0000
argent,#C0C0C0
bleu sarcelle,#008080
violet,#EE82EE
blanc,#FFFFFF
jaune,#FFFF00
aqua,#00FFFF
noir,#000000
bleu,#0000FF
marron,#A52A2A
cyan,#00FFFF
gris,#808080
vert,#008000
citron vert,#00FF00
magenta,#FF00FF
bordeaux,#800000
bleu marine,#000080
olive,#808000
orange,#FFA500
rose,#FFC0CB
violet,#800080
rouge,#FF0000
argent,#C0C0C0
bleu sarcelle,#008080
violet,#EE82EE
blanc,#FFFFFF
jaune,#FFFF00
aqua,#00FFFF
noir,#000000
bleu,#0000FF
marron,#A52A2A
cyan,#00FFFF
gris,#808080
vert,#008000
citron vert,#00FF00
magenta,#FF00FF
bordeaux,#800000
bleu marine,#000080
olive,#808000
orange,#FFA500
rose,#FFC0CB
violet,#800080
rouge,#FF0000
argent,#C0C0C0
bleu sarcelle,#008080
violet,#EE82EE
blanc,#FFFFFF
jaune,#FFFF00
aqua,#00FFFF
noir,#000000
bleu,#0000FF
marron,#A52A2A
cyan,#00FFFF
gris,#808080
vert,#008000
citron vert,#00FF00
magenta,#FF00FF
bordeaux,#800000
bleu marine,#000080
olive,#808000
orange,#FFA500
rose,#FFC0CB
violet,#800080
rouge,#FF0000
argent,#C0C0C0
bleu sarcelle,#008080
violet,#EE82EE
blanc,#FFFFFF
jaune,#FFFF00
aqua,#00FFFF
noir,#000000
bleu,#0000FF
marron,#A52A2A
cyan,#00FFFF
gris,#808080
vert,#008000
citron vert,#00FF00
magenta,#FF00FF
bordeaux,#800000
bleu marine,#000080
olive,#808000
orange,#FFA500
rose,#FFC0CB
violet,#800080
rouge,#FF0000
argent,#C0C0C0
bleu sarcelle,#008080
violet,#EE82EE
blanc,#FFFFFF
jaune,#FFFF00
aqua,#00FFFF
noir,#000000
bleu,#0000FF
marron,#A52A2A
cyan,#00FFFF
gris,#808080
vert,#008000
citron vert,#00FF00
magenta,#FF00FF
bordeaux,#800000
bleu marine,#000080
olive,#808000
orange,#FFA500
rose,#FFC0CB
violet,#800080
rouge,#FF0000
argent,#C0C0C0
bleu sarcelle,#008080
violet,#EE82EE
blanc,#FFFFFF
jaune,#FFFF00
aqua,#00FFFF
noir,#000000
bleu,#0000FF
marron,#A52A2A
cyan,#00FFFF
gris,#808080
vert,#008000
citron vert,#00FF00
magenta,#FF00FF
bordeaux,#800000
bleu marine,#000080
olive,#808000
orange,#FFA500
rose,#FFC0CB
violet,#800080
rouge,#FF0000
argent,#C0C0C0
bleu sarcelle,#008080
violet,#EE82EE
blanc,#FFFFFF
jaune,#FFFF00
aqua,#00FFFF
noir,#000000
bleu,#0000FF
marron,#A52A2A
cyan,#00FFFF
gris,#808080
vert,#008000
citron vert,#00FF00
magenta,#FF00FF
bordeaux,#800000
bleu marine,#000080
olive,#808000
orange,#FFA500
rose,#FFC0CB
violet,#800080
rouge,#FF0000
argent,#C0C0C0
bleu sarcelle,#008080
violet,#EE82EE
blanc,#FFFFFF
jaune,#FFFF00
aqua,#00FFFF
noir,#000000
bleu,#0000FF
marron,#A52A2A
cyan,#00FFFF
gris,#808080
vert,#008000
citron vert,#00FF00
magenta,#FF00FF
bordeaux,#800000
bleu marine,#000080
olive,#808000
orange,#FFA500
rose,#FFC0CB
violet,#800080
rouge,#FF0000
argent,#C0C0C0
bleu sarcelle,#008080
violet,#EE82EE
blanc,#FFFFFF
jaune,#FFFF00
aqua,#00FFFF
noir,#000000
bleu,#0000FF
marron,#A52A2A
cyan,#00FFFF
gris,#808080
vert,#008000
citron vert,#00FF00
magenta,#FF00FF
bordeaux,#800000
bleu marine,#000080
olive,#808000
orange,#FFA500
rose,#FFC0CB
violet,#800080
rouge,#FF0000
argent,#C0C0C0
bleu sarcelle,#008080
violet,#EE82EE
blanc,#FFFFFF
jaune,#FFFF00
aqua,#00FFFF
noir,#000000
bleu,#0000FF
marron,#A52A2A
cyan,#00FFFF
gris,#808080
vert,#008000
citron vert,#00FF00
magenta,#FF00FF
bordeaux,#800000
bleu marine,#000080
olive,#808000
orange,#FFA500
rose,#FFC0CB
violet,#800080
rouge,#FF0000
argent,#C0C0C0
bleu sarcelle,#008080
violet,#EE82EE
blanc,#FFFFFF
jaune,#FFFF00
aqua,#00FFFF
noir,#000000
bleu,#0000FF
marron,#A52A2A
cyan,#00FFFF
gris,#808080
vert,#008000
citron vert,#00FF00
magenta,#FF00FF
bordeaux,#800000
bleu marine,#000080
olive,#808000
orange,#FFA500
rose,#FFC0CB
violet,#800080
rouge,#FF0000
argent,#C0C0C0
bleu sarcelle,#008080
violet,#EE82EE
blanc,#FFFFFF
jaune,#FFFF00
aqua,#00FFFF
noir,#000000
bleu,#0000FF
marron,#A52A2A
cyan,#00FFFF
gris,#808080
vert,#008000
citron vert,#00FF00
magenta,#FF00FF
bordeaux,#800000
bleu marine,#000080
olive,#808000
orange,#FFA500
rose,#FFC0CB
violet,#800080
rouge,#FF0000
argent,#C0C0C0
bleu sarcelle,#008080
violet,#EE82EE
blanc,#FFFFFF
jaune,#FFFF00
aqua,#00FFFF
noir,#000000
bleu,#0000FF
marron,#A52A2A
cyan,#00FFFF
gris,#808080
vert,#008000
citron vert,#00FF00
magenta,#FF00FF
bordeaux,#800000
bleu marine,#000080
olive,#808000
orange,#FFA500
rose,#FFC0CB
violet,#800080
rouge,#FF0000
argent,#C0C0C0
bleu sarcelle,#008080
violet,#EE82EE
blanc,#FFFFFF
jaune,#FFFF00
aqua,#00FFFF
noir,#000000
bleu,#0000FF
marron,#A52A2A
cyan,#00FFFF
gris,#808080
vert,#008000
citron vert,#00FF00
magenta,#FF00FF
bordeaux,#800000
bleu marine,#000080
olive,#808000
orange,#FFA500
rose,#FFC0CB
violet,#800080
rouge,#FF0000
argent,#C0C0C0
bleu sarcelle,#008080
violet,#EE82EE
blanc,#FFFFFF
jaune,#FFFF00
aqua,#00FFFF
noir,#000000
bleu,#0000FF
marron,#A52A2A
cyan,#00FFFF
gris,#808080
vert,#008000
citron vert,#00FF00
magenta,#FF00FF
bordeaux,#800000
bleu marine,#000080
olive,#808000
orange,#FFA500
rose,#FFC0CB
violet,#800080
rouge,#FF0000
argent,#C0C0C0
bleu sarcelle,#008080
violet,#EE82EE
blanc,#FFFFFF
jaune,#FFFF00
aqua,#00FFFF
noir,#000000
bleu,#0000FF
marron,#A52A2A
cyan,#00FFFF
gris,#808080
vert,#008000
citron vert,#00FF00
magenta,#FF00FF
bordeaux,#800000
bleu marine,#000080
olive,#808000
orange,#FFA500
rose,#FFC0CB
violet,#800080
rouge,#FF0000
argent,#C0C0C0
bleu sarcelle,#008080
violet,#EE82EE
blanc,#FFFFFF
jaune,#FFFF00
aqua,#00FFFF
noir,#000000
bleu,#0000FF
marron,#A52A2A
cyan,#00FFFF
gris,#808080
vert,#008000
citron vert,#00FF00
magenta,#FF00FF
bordeaux,#800000
bleu marine,#000080
olive,#808000
orange,#FFA500
rose,#FFC0CB
violet,#800080
rouge,#FF0000
argent,#C0C0C0
bleu sarcelle,#008080
violet,#EE82EE
blanc,#FFFFFF
jaune,#FFFF00
aqua,#00FFFF
noir,#000000
bleu,#0000FF
marron,#A52A2A
cyan,#00FFFF
gris,#808080
vert,#008000
citron vert,#00FF00
magenta,#FF00FF
bordeaux,#800000
bleu marine,#000080
olive,#808000
orange,#FFA500
rose,#FFC0CB
violet,#800080
rouge,#FF0000
argent,#C0C0C0
bleu sarcelle,#008080
violet,#EE82EE
blanc,#FFFFFF
jaune,#FFFF00
aqua,#00FFFF
noir,#000000
bleu,#0000FF
marron,#A52A2A
cyan,#00FFFF
gris,#808080
vert,#008000
citron vert,#00FF00
magenta,#FF00FF
bordeaux,#800000
bleu marine,#000080
olive,#808000
orange,#FFA500
rose,#FFC0CB
violet,#800080
rouge,#FF0000
argent,#C0C0C0
bleu sarcelle,#008080
violet,#EE82EE
blanc,#FFFFFF
jaune,#FFFF00
aqua,#00FFFF
noir,#000000
bleu,#0000FF
marron,#A52A2A
cyan,#00FFFF
gris,#808080
vert,#008000
citron vert,#00FF00
magenta,#FF00FF
bordeaux,#800000
bleu marine,#000080
olive,#808000
orange,#FFA500
rose,#FFC0CB
violet,#800080
rouge,#FF0000
argent,#C0C0C0
bleu sarcelle,#008080
violet,#EE82EE
blanc,#FFFFFF
jaune,#FFFF00
aqua,#00FFFF
noir,#000000
bleu,#0000FF
marron,#A52A2A
cyan,#00FFFF
gris,#808080
vert,#008000
citron vert,#00FF00
magenta,#FF00FF
bordeaux,#800000
bleu marine,#000080
olive,#808000
orange,#FFA500
rose,#FFC0CB
violet,#800080
rouge,#FF0000
argent,#C0C0C0
bleu sarcelle,#008080
violet,#EE82EE
blanc,#FFFFFF
jaune,#FFFF00
aqua,#00FFFF
noir,#000000
bleu,#0000FF
marron,#A52A2A
cyan,#00FFFF
gris,#808080
vert,#008000
citron vert,#00FF00
magenta,#FF00FF
bordeaux,#800000
bleu marine,#000080
olive,#808000
orange,#FFA500
rose,#FFC0CB
violet,#800080
rouge,#FF0000
argent,#C0C0C0
bleu sarcelle,#008080
violet,#EE82EE
blanc,#FFFFFF
jaune,#FFFF00
aqua,#00FFFF
noir,#000000
bleu,#0000FF
marron,#A52A2A
cyan,#00FFFF
gris,#808080
vert,#008000
citron vert,#00FF00
magenta,#FF00FF
bordeaux,#800000
bleu marine,#000080
olive,#808000
orange,#FFA500
rose,#FFC0CB
violet,#800080
rouge,#FF0000
argent,#C0C0C0
bleu sarcelle,#008080
violet,#EE82EE
blanc,#FFFFFF
jaune,#FFFF00
aqua,#00FFFF
noir,#000000
bleu,#0000FF
marron,#A52A2A
cyan,#00FFFF
gris,#808080
vert,#008000
citron vert,#00FF00
magenta,#FF00FF
bordeaux,#800000
bleu marine,#000080
olive,#808000
orange,#FFA500
rose,#FFC0CB
violet,#800080
rouge,#FF0000
argent,#C0C0C0
bleu sarcelle,#008080
violet,#EE82EE
blanc,#FFFFFF
jaune,#FFFF00
aqua,#00FFFF
noir,#000000
bleu,#0000FF
marron,#A52A2A
cyan,#00FFFF
gris,#808080
vert,#008000
citron vert,#00FF00
magenta,#FF00FF
bordeaux,#800000
bleu marine,#000080
olive,#808000
orange,#FFA500
rose,#FFC0CB
violet,#800080
rouge,#FF0000
argent,#C0C0C0
bleu sarcelle,#008080
violet,#EE82EE
blanc,#FFFFFF
jaune,#FFFF00
aqua,#00FFFF
noir,#000000
bleu,#0000FF
marron,#A52A2A
cyan,#00FFFF
gris,#808080
vert,#008000
citron vert,#00FF00
magenta,#FF00FF
bordeaux,#800000
bleu marine,#000080
olive,#808000
orange,#FFA500
rose,#FFC0CB
violet,#800080
rouge,#FF0000
argent,#C0C0C0
bleu sarcelle,#008080
violet,#EE82EE
blanc,#FFFFFF
jaune,#FFFF00
aqua,#00FFFF
noir,#000000
bleu,#0000FF
marron,#A52A2A
cyan,#00FFFF
gris,#808080
vert,#008000
citron vert,#00FF00
magenta,#FF00FF
bordeaux,#800000
bleu marine,#000080
olive,#808000
orange,#FFA500
rose,#FFC0CB
violet,#800080
rouge,#FF0000
argent,#C0C0C0
bleu sarcelle,#008080
violet,#EE82EE
blanc,#FFFFFF
jaune,#FFFF00
aqua,#00FFFF
noir,#000000
bleu,#0000FF
marron,#A52A2A
cyan,#00FFFF
gris,#808080
vert,#008000
citron vert,#00FF00
magenta,#FF00FF
bordeaux,#800000
bleu marine,#000080
olive,#808000
orange,#FFA500
rose,#FFC0CB
violet,#800080
rouge,#FF0000
argent,#C0C0C0
bleu sarcelle,#008080
violet,#EE82EE
blanc,#FFFFFF
jaune,#FFFF00
aqua,#00FFFF
noir,#000000
bleu,#0000FF
marron,#A52A2A
azur,#0a7a0a
rubis,#46129c
sarcelle,#704105
cuivre,#c2b821
crème,#4c61d7
carmin,#f29138
mandarine,#be63b3
fuchsia,#59632b
azur,#0aed48
charbon,#35bb11
ambre,#10557f
obsidienne,#2fdd70
doré,#106855
obsidienne,#e39007
topaze,#0ada79
turquoise,#da1829
turquoise,#2c316b
céruléen,#d6dc12
obsidienne,#c1e16e
azur,#60a257
jade,#80d0ab
pin,#adecc1
obsidienne,#94b5e7
jade,#6f1b5b
marine,#7b48ce
lavande,#3f1642
ivoire,#20afdb
corail,#a977b8
ivoire,#32eca1
crème,#821c95
azur,#4dd802
céruléen,#2a8655
lavande,#b23ce7
baie,#f7f73e
cuivre,#35ead3
violette,#e7a0fd
bronze,#c4f2f5
pervenche,#f21c2d
crépuscule,#2fc890
crépuscule,#0a981a
rouille,#a49896
cuivre,#ac2f82
topaze,#f05899
moutarde,#f8b271
ardoise,#ca1bbf
crème,#d8adfe
platine,#daa642
cannelle,#04ecb8
olive,#9b0033
céruléen,#9fe201
ivoire,#f89d2b
obsidienne,#c8b378
magenta,#d33d6f
acajou,#1733bd
bois de rose,#fc39de
orchidée,#28a5db
corail,#98b6ac
bordeaux,#57cda9
moutarde,#695445
saumon,#7e13c3
jade,#b2d052
azur,#5ba3db
citron,#fd2122
pêche,#2fdd2e
marine,#8eaa98
pervenche,#4c9633
carmin,#95b95c
doré,#b13686
cobalt,#ee08c7
rubis,#b218e7
sarcelle,#12c224
rouille,#6ef6c3
baie,#8d38cc
olive,#a7ae78
écarlate,#92b104
citron,#5a3b93
indigo,#3d46af
jade,#a18fd6
cobalt,#f08daf
sable,#d32c74
charbon,#7b1635
rouille,#0eed7d
crépuscule,#e48e2d
pin,#7627e1
menthe,#960756
pervenche,#0d0374
ardoise,#1f5ceb
fuchsia,#3170d8
ardoise,#308f07
baie,#3c3404
obsidienne,#ce1eaa
orchidée,#7103e2
lavande,#29e382
bronze,#295bf5
corail,#aa4626
pêche,#4ff2c5
pêche,#b002bc
céruléen,#f2253b
fuchsia,#8438f8
baie,#a93685
cuivre,#e0063e
menthe,#1c8834
sépia,#d74267
platine,#db8b8a
bronze,#60d3cf
crépuscule,#d9bb44
orchidée,#a88e6b
ardoise,#344146
corail,#862e37
obsidienne,#eb757a
orchidée,#7f1e6f
fuchsia,#54b40e
corail,#ec7621
bois de rose,#aaa1c9
pin,#88aec5
cuivre,#a4515a
bois de rose,#1d5a1d
crème,#dabaa6
citron,#38edd7
citron,#9f9556
forêt,#97b1ec
rouille,#763633
mandarine,#c7644e
sable,#147cfc
cobalt,#4397ce
émeraude,#34fff2
bois de rose,#09fe34
rose pâle,#7ab0f0
forêt,#fd2ad8
violette,#c84574
violette,#319bcf
violette,#03f1f4
cuivre,#3e7780
olive,#7e22a2
forêt,#8caf3a
bois de rose,#86ec14
baie,#998ff9
ardoise,#7805b5
charbon,#79afbf
indigo,#d1df34
menthe,#e47894
ardoise,#17eedc
turquoise,#dc5e7e
ambre,#c5f05a
bois de rose,#0dbf53
sarcelle,#2c33ac
sépia,#2d80e3
charbon,#b85e25
sarcelle,#f8eaf1
charbon,#22fa93
acajou,#8a8dbf
bronze,#4bf822
bordeaux,#3b873e
bois de rose,#ea4f18
jade,#2b8144
moutarde,#ea0d88
pervenche,#e64e1c
citron,#63b2b3
bordeaux,#b6c0f4
ivoire,#68c10c
saumon,#4e829b
forêt,#4fc67c
pervenche,#42e476
écarlate,#efb39f
pin,#d0d4af
bronze,#c8389f
menthe,#abefb4
céruléen,#70dd1b
saphir,#178e29
citron,#6dbaff
carmin,#9f578a
citron,#32b92d
ambre,#0957b7
crème,#0301c2
cobalt,#fa89a5
rouille,#218b24
forêt,#d46b2c
bordeaux,#d66e13
violette,#f8a40e
sépia,#f7612f
orchidée,#33409c
obsidienne,#9b9326
saumon,#83dc57
charbon,#bc42bd
jade,#f9abc7
moutarde,#b43183
rouille,#732453
rubis,#f6c1a8
menthe,#69697b
moutarde,#c16979
fuchsia,#36019a
olive,#e8579e
cannelle,#d9c957
cannelle,#bff7c8
crépuscule,#6b1a31
sépia,#643abe
ambre,#f50c45
platine,#b1f0ee
sarcelle,#13b7a6
topaze,#ad2dd9
bois de rose,#934376
moutarde,#f19c8e
citron,#6a7f19
ardoise,#619094
carmin,#d54f7f
acajou,#bd4ad3
saumon,#e24252
saphir,#92f154
sable,#bf0442
sarcelle,#540026
baie,#69ccf3
sarcelle,#aefa97
pêche,#761182
citron,#bde545
moutarde,#5ff15c
rose pâle,#e666f7
ardoise,#29e037
émeraude,#6b86e0
menthe,#501ae6
doré,#5baaf2
bronze,#8c2801
sépia,#316ac2
platine,#006c9f
rubis,#9b98a2
sable,#108a67
saphir,#41092a
obsidienne,#abc4c8
sable,#8650d3
crème,#15444f
émeraude,#2c176c
baie,#d110f2
mandarine,#4fca06
orchidée,#858031
céruléen,#cc5b3c
azur,#f9d45f
carmin,#a320cc
cobalt,#589682
topaze,#b109af
cuivre,#6d09dc
cuivre,#e3ab00
violette,#7eaa58
indigo,#621227
azur,#8e753e
lavande,#c8b7a2
pervenche,#b077dd
bordeaux,#454969
cuivre,#a082ae
sable,#7da5f2
topaze,#d5b731
baie,#9497ae
orchidée,#b40031
ardoise,#f9d05a
corail,#aa4518
cuivre,#544202
forêt,#aeeb6e
écarlate,#f17c04
menthe,#b7528f
turquoise,#58fb52
marine,#848de5
bronze,#9486c3
indigo,#2b345b
bois de rose,#42e5e1
acajou,#e1d6f2
platine,#913c19
fuchsia,#8f1f08
sable,#a9a906
mandarine,#983b5e
émeraude,#9a4f2f
doré,#c64b76
bois de rose,#f28642
rouille,#2dc26c
ardoise,#2b3a1c
orchidée,#ec530d
forêt,#31cf82
corail,#f8ddf0
pêche,#e3a7c1
orchidée,#2ca0ef
pêche,#0bf003
jade,#89f93a
topaze,#ef6a5e
orchidée,#d496bc
rouille,#e40072
doré,#4bf030
charbon,#30bae5
cuivre,#4141e6
topaze,#859950
orchidée,#e2d82b
azur,#2f7d52
céruléen,#5dfce7
platine,#465d54
cannelle,#2541c3
cuivre,#66455b
pêche,#8a5714
pêche,#22a09f
écarlate,#7f8793
cannelle,#d5afac
rouille,#30f380
émeraude,#a51cc8
écarlate,#a2ed54
olive,#a9ae84
olive,#1946f0
topaze,#43946f
charbon,#4a9b4c
émeraude,#6f46d1
indigo,#a64c35
saumon,#a4681e
orchidée,#5c9547
azur,#b231f2
indigo,#6061ed
bordeaux,#c0da34
baie,#2762ee
rouille,#cd7171
rose pâle,#870af3
lavande,#859fdd
cuivre,#e85e11
charbon,#f80099
pin,#4deddd
menthe,#9101ce
sarcelle,#55f128
ardoise,#0de104
cobalt,#74cd4d
corail,#237b1a
bois de rose,#c50309
doré,#02ec53
émeraude,#04f755
sable,#e2bd69
rubis,#d1bb50
platine,#e985cc
acajou,#d227a1
sable,#7b4961
ambre,#1ca6ae
violette,#f3a1f4
saumon,#73a8c8
bronze,#0226b7
indigo,#88c261
ardoise,#6a1ba9
bois de rose,#d74dcf
saumon,#0f1d7d
turquoise,#f6ef58
obsidienne,#e75bbb
crème,#5d2690
doré,#1353e1
saphir,#b4b3af
menthe,#81e250
violette,#032dcd
écarlate,#374e35
saphir,#926d06
olive,#f5fdcf
rubis,#d32d20
saphir,#3418ff
rouille,#166135
mandarine,#1cc948
charbon,#5c5392
platine,#e9edd2
crépuscule,#98cf29
magenta,#1c2e39
ardoise,#4d8623
crépuscule,#c25292
obsidienne,#c5df8e
olive,#0462d3
jade,#91eecc
platine,#243374
cannelle,#b19f28
saumon,#b8660a
carmin,#f2ec03
azur,#c85b03
cobalt,#1aaac1
acajou,#c11e99
baie,#27e5cb
acajou,#8f8784
doré,#59743a
ambre,#f3d516
rubis,#43531d
rubis,#caa9fb
turquoise,#aeeb21
cannelle,#7edf6a
citron,#360e44
forêt,#98990a
bordeaux,#5d9cad
azur,#f42029
citron,#3793df
pervenche,#1302d5
charbon,#7ed0cf
doré,#deca52
obsidienne,#2c7cc9
rubis,#8c44f5
indigo,#5176e7
rose pâle,#a8f7f7
cuivre,#4abcfd
doré,#1ed564
mandarine,#56cb28
jade,#a48f72
ivoire,#dd5187
jade,#8c9eb6
bois de rose,#a55744
ardoise,#ad005e
platine,#f384c1
marine,#c41b1a
fuchsia,#5838c9
sarcelle,#9fd7fb
bronze,#9c6788
crème,#5ca172
bordeaux,#44e5a8
bois de rose,#7f6f5f
pêche,#2ada5b
rose pâle,#f85356
ardoise,#814236
menthe,#86d060
rose pâle,#836e86
corail,#a31dc9
bois de rose,#f3e86b
pervenche,#049cb3
turquoise,#d44a82
écarlate,#33ba8e
acajou,#5793cd
corail,#2c326e
cobalt,#57e618
ivoire,#6d4d43
saumon,#726b33
sable,#d2cf30
sarcelle,#ef9a6c
azur,#73dfa9
cannelle,#312911
céruléen,#88adce
crépuscule,#7ceba6
marine,#1fd28e
ardoise,#f0f2b8
jade,#b62214
céruléen,#c6cbb2
baie,#95a5a7
cobalt,#f8ef77
céruléen,#b90f42
charbon,#78765d
cannelle,#c75188
ardoise,#3bd28b
cobalt,#85175f
crépuscule,#d8881a
crépuscule,#41f623
sarcelle,#d3222c
turquoise,#d5a2c7
mandarine,#b65c30
écarlate,#e94f90
corail,#c0d5af
citron,#45c4f9
lavande,#a1af34
doré,#9743be
écarlate,#228838
azur,#15516c
acajou,#f9ab95
olive,#14877a
doré,#bd17b5
marine,#d14ac4
sable,#2713bb
sarcelle,#5ad22e
turquoise,#ddba32
corail,#e6b0a2
bronze,#9cde13
magenta,#e1ece8
cobalt,#a0a36d
magenta,#d68a29
sarcelle,#912277
cannelle,#b13f10
saphir,#d3be02
cobalt,#24b4e6
turquoise,#60c5d2
turquoise,#a6a115
mandarine,#e306b9
jade,#e9a5b4
platine,#477802
rouille,#16fa91
menthe,#d56073
sable,#0e0278
menthe,#5598b3
saumon,#ce1322
cuivre,#8ddf00
céruléen,#f6fb51
baie,#f71679
pêche,#074401
rouille,#6d74f7
topaze,#37eee8
indigo,#49b4e9
ivoire,#75ad50
pin,#ca8457
olive,#04b6c9
saumon,#c2d960
bronze,#43cdc2
sépia,#592737
corail,#ac8e9a
bordeaux,#969381
violette,#a42bc2
indigo,#06f22e
cobalt,#52c2b6
orchidée,#f78938
jade,#6f093f
ardoise,#84dc0d
crépuscule,#585b83
charbon,#511faa
olive,#a6d195
bronze,#e79514
ambre,#bcf39c
forêt,#6ba619
turquoise,#692586
olive,#b74fe9
rose pâle,#da8d0c
pin,#eea26d
obsidienne,#9c1c74
indigo,#855d98
platine,#8a7824
crépuscule,#191c4d
acajou,#083a93
azur,#707f31
pêche,#0f3a67
doré,#c9277a
mandarine,#9592de
rubis,#79c21e
acajou,#45000a
magenta,#ce7947
charbon,#7e2cd3
obsidienne,#ac2257
crème,#967e01
indigo,#6bac09
émeraude,#841436
obsidienne,#8fa9d9
écarlate,#108fea
moutarde,#86f05e
cobalt,#c9ea85
sarcelle,#67620f
cannelle,#18ec41
fuchsia,#2762d4
fuchsia,#da4834
rubis,#b9bfbf
céruléen,#7f8504
baie,#7ee94a
céruléen,#5ec018
céruléen,#2dcde5
cobalt,#3fe2cc
pêche,#2b7220
sépia,#8e1e28
ivoire,#4fc809
sarcelle,#3971b8
crépuscule,#b0d08e
platine,#c27de4
pin,#fd9de1
écarlate,#6da852
émeraude,#8b33cb
saphir,#2de5ec
bronze,#3e3ee7
topaze,#4bb343
pervenche,#24ad69
corail,#41544f
turquoise,#729b2f
sable,#30ee0b
violette,#5d7a4c
indigo,#7baf66
topaze,#6fbd43
lavande,#fdea02
indigo,#6681cf
saumon,#774e19
bois de rose,#b65fbd
acajou,#025dbb
rose pâle,#1669cc
bordeaux,#aa4eb4
orchidée,#f71dfd
magenta,#912987
ivoire,#1d51cd
bois de rose,#b60685
turquoise,#545dbf
rouille,#4535a0
sable,#7eae31
carmin,#c6e0e2
cuivre,#7e8814
pêche,#07822b
menthe,#43a5da
pêche,#b14fff
doré,#24e9b0
forêt,#3a34af
rose pâle,#342543
sépia,#e70762
cuivre,#2ddb9f
pêche,#b6fef8
indigo,#6cba3e
bronze,#92d119
charbon,#cc8c7c
saumon,#f1ba49
cannelle,#270ed7
marine,#87d827
moutarde,#5441f9
corail,#f4cbc4
doré,#55aeab
doré,#513c03
ivoire,#ac0116
ivoire,#0d9510
ambre,#f6eae2
céruléen,#9390a9
sable,#e33e42
ivoire,#d08862
topaze,#220a27
indigo,#dc1517
turquoise,#fd3e1a
violette,#247cea
olive,#08cb6e
fuchsia,#fbc1eb
topaze,#89d296
violette,#496f8e
sépia,#c8a576
fuchsia,#c3b5c7
céruléen,#b12bc2
lavande,#4da8cf
obsidienne,#909820
marine,#bd3931
indigo,#caad59
sarcelle,#66ce19
saphir,#c9cfa0
baie,#846292
pêche,#c20918
marine,#c2fe70
forêt,#c88868
topaze,#8279e8
turquoise,#4d1941
céruléen,#81c74c
baie,#c57797
bois de rose,#492809
citron,#c05451
sépia,#4ed994
pêche,#dc90af
acajou,#f6b8d6
topaze,#e57a28
lavande,#380565
ambre,#bf7d9f
baie,#f9dfa2
obsidienne,#ecd779
carmin,#700621
bronze,#1e8bf5
violette,#be440e
ambre,#730991
céruléen,#e86cc6
acajou,#6905e6
pervenche,#c49621
jade,#2f3341
bordeaux,#0f8456
rose pâle,#616cf2
cuivre,#cda4fa
saumon,#acdb4c
ambre,#fc2ef8
cuivre,#6dccdc
crépuscule,#fa427a
marine,#7cf777
écarlate,#b099fe
marine,#ec1789
acajou,#4ce246
bois de rose,#62df0d
azur,#ef6fed
crépuscule,#9494af
jade,#2c46e1
ardoise,#d885c6
carmin,#1f55b8
carmin,#a81d0c
ardoise,#accbff
indigo,#1f065c
forêt,#69b9b8
citron,#9185a5
céruléen,#0615c1
sépia,#398d6a
sarcelle,#52457a
fuchsia,#620693
acajou,#05c3f6
charbon,#2b214d
mandarine,#f12e31
platine,#dd8018
pervenche,#98a7c8
magenta,#0975f0
corail,#c5acb8
saphir,#da9811
magenta,#0302fa
olive,#89530a
pervenche,#9fd502
azur,#c29448
topaze,#112f3e
lavande,#ac624a
olive,#f85f5f
violette,#3109d5
rubis,#70bbcc
carmin,#6185e7
sarcelle,#70d253
écarlate,#284064
rouille,#ae40b7
forêt,#b53e16
céruléen,#430b89
azur,#d4007b
jade,#2272d1
saphir,#000193
écarlate,#04414b
acajou,#26c952
bois de rose,#a950d4
rouille,#b2af92
saphir,#7e8a9c
céruléen,#09824c
saumon,#52f6db
sépia,#d8f173
baie,#fe5891
rouille,#88be6c
pervenche,#611c87
magenta,#0b2a87
platine,#114f21
sable,#be3015
bois de rose,#6d4f01
ivoire,#e46bbc
olive,#f82772
magenta,#464e41
forêt,#f97070
magenta,#bdda69
céruléen,#8c721a
crépuscule,#e677ad
corail,#fe81a6
doré,#99180b
carmin,#dc0344
olive,#134b99
moutarde,#2a26b2
menthe,#ed87e4
bordeaux,#5943c3
sable,#b6809d
émeraude,#67ab27
émeraude,#8509d4
topaze,#123e95
bronze,#71806c
violette,#508238
pervenche,#9b0c0f
sable,#43616b
cuivre,#d8a65c
ambre,#8f9aae
fuchsia,#6f0b97
sable,#2ee59c
forêt,#9b9528
pêche,#d2f09b
mandarine,#50eb2c
sarcelle,#254ece
rouille,#2f20bf
menthe,#2787b0
saumon,#76d143
crépuscule,#b4903e
écarlate,#a7e804
mandarine,#e2b1ef
bronze,#189d91
rouille,#08049b
moutarde,#c2d692
moutarde,#29f820
pêche,#ddec8e
rubis,#225362
turquoise,#8b3858
crépuscule,#9fe01a
acajou,#cb5797
moutarde,#0f5c8f
jade,#69a207
olive,#830a37
azur,#815f12
sarcelle,#bd2648
mandarine,#e7c479
lavande,#59e24a
ivoire,#ff6a1b
écarlate,#f7f392
pervenche,#deaf27
cuivre,#91f1d6
saphir,#9bd3bd
corail,#5a4964
céruléen,#289c77
fuchsia,#ec68c9
crépuscule,#1c0210
moutarde,#dc600a
fuchsia,#2098dc
jade,#808ccc
topaze,#e76627
crépuscule,#ec11d3
obsidienne,#f694d3
charbon,#53d7f0
cuivre,#9bc672
indigo,#a4565c
rubis,#547966
menthe,#2bb5b3
ambre,#1d1cd5
orchidée,#e8bd7d
rose pâle,#49880a
platine,#5eb891
jade,#479594
lavande,#33ad5f
rouille,#c8e053
topaze,#fcb3e0
turquoise,#6fe4d4
lavande,#b67da1
carmin,#561ad8
acajou,#0cb2ee
orchidée,#1cc966
charbon,#e99371
marine,#4d46fd
menthe,#07b936
bordeaux,#30ec95
doré,#bee0da
rouille,#181063
fuchsia,#4aa658
rose pâle,#7fe9e3
carmin,#c21a0c
carmin,#8b33f4
citron,#584c4f
ambre,#e859d4
menthe,#7856a1
ivoire,#ee3315
saumon,#e450f2
orchidée,#bf09c2
pin,#06780b
olive,#7cbefd
corail,#4b03ee
baie,#ca5e12
saumon,#13798f
bronze,#ec2141
ambre,#f567b5
olive,#3de90b
cobalt,#eaa4d6
émeraude,#0ee958
cobalt,#677b36
sarcelle,#97bd5c
moutarde,#15ce82
saumon,#f30508
violette,#8dc628
mandarine,#aa0b74
topaze,#061c7a
topaze,#bb6beb
lavande,#dd386b
saumon,#3e39ef
carmin,#4b509c
saphir,#d45935
émeraude,#eb5c3e
sépia,#552506
bordeaux,#966846
menthe,#d6c75d
ardoise,#12f53a
forêt,#6b1f55
céruléen,#60cac4
cobalt,#ddc182
sable,#70d339
moutarde,#fc8a64
topaze,#fdf743
violette,#e28207
mandarine,#313d1a
fuchsia,#50cf90
magenta,#5bb6cd
bordeaux,#4088a9
pin,#6a74e1
sable,#67075f
indigo,#4ae785
pêche,#16efb3
acajou,#16a81e
obsidienne,#548bd5
sable,#252300
écarlate,#a46066
saumon,#d10f11
forêt,#041818
orchidée,#04228c
pin,#132172
rose pâle,#084a18
rubis,#e5e5f4
charbon,#13a76c
carmin,#2b5fbd
saphir,#850ed2
ambre,#1c4c93
olive,#6bbda9
mandarine,#9c5964
crépuscule,#51e586
rubis,#ceb4bf
citron,#730a45
doré,#e943e2
violette,#f6609e
ivoire,#044673
lavande,#0b5758
saumon,#5e77e1
pervenche,#4c6dbe
azur,#408b39
ardoise,#35c406
lavande,#806cc7
magenta,#12e278
pêche,#ae6ae5
indigo,#107093
écarlate,#addc25
acajou,#c6071e
carmin,#fd8f89
sable,#ce0934
pêche,#12acf9
rose pâle,#e9c2c7
baie,#8f61cb
orchidée,#2037ae
marine,#caea89
ivoire,#d4dbb5
platine,#f80797
indigo,#ee5eec
citron,#d7d827
baie,#d25be4
violette,#c0b0fc
rouille,#50c8ef
mandarine,#0c63fb
ardoise,#29fa48
marine,#9f0c85
obsidienne,#f5616c
carmin,#5e35ee
rouille,#1d7923
ambre,#739ce7
citron,#15e240
obsidienne,#799dcf
saphir,#ed455f
olive,#abf669
ardoise,#b90b59
bois de rose,#717f33
moutarde,#a1b74d
baie,#99113f
ambre,#739102
azur,#ea7c2d
crème,#31c5ae
baie,#ee96bc
sable,#70f2da
pêche,#2308f6
turquoise,#8552bf
ardoise,#7a4036
cobalt,#1a287b
menthe,#806457
sarcelle,#d7f98f
violette,#40880c
rubis,#8985c9
crème,#b280ea
carmin,#226ac7
charbon,#cb96de
bronze,#72fd51
olive,#01b85c
pin,#a00623
crépuscule,#0da791
bronze,#340419
citron,#e2c5d4
obsidienne,#fe1319
céruléen,#a6c58e
forêt,#bbd783
sépia,#6c32b8
bronze,#21983e
pervenche,#339bac
ivoire,#61a2c8
mandarine,#ed097f
pêche,#5c149c
bois de rose,#2a331a
acajou,#b54b16
lavande,#1d4783
cannelle,#18d658
citron,#4fd79c
turquoise,#ef3d53
cobalt,#f3bfc0
magenta,#5190b9
citron,#f701ef
bois de rose,#de7c62
ambre,#fec392
obsidienne,#35fe7e
olive,#e5245d
orchidée,#6b975a
saphir,#33fe54
sarcelle,#d0bb99
mandarine,#22111b
sépia,#3fe3be
saumon,#8a07ad
charbon,#ebaf27
indigo,#e6db55
violette,#f265d3
sépia,#2f868c
topaze,#3c46af
platine,#51ba42
acajou,#ed1953
indigo,#4ae742
magenta,#8a205a
jade,#1bb8c4
olive,#01bf35
ardoise,#80365b
cuivre,#4df1a8
menthe,#f9da2a
cuivre,#1ca897
crème,#11b122
pêche,#1a61eb
pervenche,#232b6a
ivoire,#77c9a2
magenta,#7557e3
turquoise,#f066d0
sarcelle,#c5b4e5
moutarde,#822b99
forêt,#45ce6d
turquoise,#efce59
orchidée,#af37da
bois de rose,#9d1421
écarlate,#a91f41
forêt,#3e0326
crème,#8e2405
émeraude,#20f77f
orchidée,#09976e
saphir,#5730c7
céruléen,#58b8de
turquoise,#de2b02
cobalt,#b5ccb7
fuchsia,#98a726
sable,#d563ee
ivoire,#24e494
violette,#f16b6f
pin,#d19cb5
sable,#05a8a7
pêche,#d67541
ivoire,#aba3c4
doré,#ef6a3f
forêt,#e26e07
rose pâle,#e590d5
platine,#07dc3a
saphir,#455c2b
fuchsia,#eb4e55
émeraude,#6a3dec
citron,#814074
doré,#18c143
violette,#20a220
crépuscule,#723a9e
violette,#97d7e1
topaze,#e7270e
saphir,#391b6e
orchidée,#09c8a7
menthe,#ca0407
ambre,#08c70b
ambre,#c77b1f
menthe,#f38c09
sépia,#26e6f8
rubis,#91e115
rouille,#ffc624
bordeaux,#f5722b
mandarine,#47903a
céruléen,#b30e11
pin,#ce27ee
obsidienne,#45a438
sable,#2c486f
rouille,#4a73a7
menthe,#b3434d
émeraude,#563df0
ambre,#2eab95
turquoise,#fa0961
jade,#4601ff
lavande,#45e14c
charbon,#aef008
sarcelle,#9930f7
marine,#e7ce33
turquoise,#9ae9d4
ambre,#8a92bc
rubis,#329c0f
écarlate,#40e36d
forêt,#d88abe
topaze,#b03833
crème,#9f6344
pin,#f2d5f7
violette,#dbfea5
cuivre,#a1cd5d
sarcelle,#ba8c3d
moutarde,#9d0809
cannelle,#63a056
doré,#d9a498
lavande,#7275e9
ardoise,#82f14a
pêche,#8748ad
doré,#2b077c
pin,#631032
rose pâle,#39f124
cobalt,#29c3e2
charbon,#0b3be7
céruléen,#5c9ee2
ivoire,#8688b7
bordeaux,#963daa
céruléen,#52a24b
citron,#fc4efc
doré,#a7c131
azur,#af66d9
menthe,#3a6479
cobalt,#1a839b
acajou,#5e5497
sépia,#a0cdab
rose pâle,#cafbb4
obsidienne,#2ccd13
bordeaux,#27ede3
pervenche,#69fe69
pin,#54097a
crème,#ce20c5
sarcelle,#4c50d6
turquoise,#bca537
violette,#5759c2
rubis,#5397bd
violette,#268652
turquoise,#2d8643
bordeaux,#c8f8d4
citron,#ce51d5
lavande,#5fd893
ivoire,#2f2300
doré,#8a243b
céruléen,#409bcb
moutarde,#2da2ce
pêche,#676637
rose pâle,#483ef9
carmin,#e32ec5
olive,#e2197b
corail,#69fb49
jade,#0b2b00
acajou,#ed14cb
acajou,#d2775e
crème,#bd791b
fuchsia,#a04e5c
sable,#f78f4d
sarcelle,#6311e1
turquoise,#6060c2
orchidée,#951a35
pêche,#4844c9
corail,#7fdc36
indigo,#07f457
sable,#eee68c
crème,#0cc968
doré,#610349
rose pâle,#0cf3b3
pervenche,#d05bd4
saphir,#50712f
pin,#3fd1a6
ardoise,#a83aea
ivoire,#13127a
cobalt,#8ee08d
corail,#22824e
céruléen,#c72f4d
ardoise,#342573
cannelle,#677d71
magenta,#069b12
corail,#b279b9
sarcelle,#52faf6
indigo,#8e5e34
sarcelle,#e83bc3
topaze,#158acd
cuivre,#898d9f
rose pâle,#aa4c80
saumon,#b825b3
menthe,#fec26d
doré,#068cb1
cannelle,#8e530c
violette,#85c23e
moutarde,#38295e
platine,#099186
jade,#638037
fuchsia,#d769ec
pervenche,#751ef5
ardoise,#90af62
topaze,#4d8832
cuivre,#1ce0d6
bois de rose,#2596e1
cannelle,#9c8faf
rouille,#db1ec4
sarcelle,#ab11dd
lavande,#d1fc27
menthe,#d9df14
rose pâle,#034226
citron,#648388
ardoise,#2baa7d
azur,#85d9e4
crème,#90bf36
sable,#99dd17
céruléen,#3ee81a
corail,#24bec7
saphir,#6f5b14
sable,#36eb61
azur,#8e7078
azur,#40cad8
cannelle,#48f03a
saumon,#3ed3c5
obsidienne,#17a735
bordeaux,#ca8368
indigo,#dc871f
baie,#3e5e12
topaze,#7c29ea
céruléen,#4068ab
citron,#f4009f
crépuscule,#7a7b40
rubis,#406469
cuivre,#c06998
saphir,#076cad
olive,#d5675b
forêt,#f84c45
ivoire,#69ef07
moutarde,#3033dd
jade,#50e70d
mandarine,#235a73
saumon,#eeca49
olive,#2d576f
corail,#1d758b
céruléen,#592840
magenta,#e3b6d6
pêche,#a54732
rose pâle,#b71656
doré,#ee8399
indigo,#dbc449
mandarine,#8c5e87
émeraude,#16c511
cuivre,#f76d88
fuchsia,#d854c9
crépuscule,#e58bca
écarlate,#426dfb
écarlate,#751ce6
bois de rose,#a48ae1
corail,#6a8525
sépia,#304efe
olive,#278f63
émeraude,#9f5f25
pin,#613e54
doré,#486342
citron,#206ccb
saphir,#e376f8
carmin,#7614e1
ambre,#a38acc
crème,#f62845
doré,#05c24b
crépuscule,#339838
citron,#7f3922
turquoise,#ed874f
sable,#1bbfd9
sépia,#ba01e1
saumon,#7d72ca
bois de rose,#0b1a73
cuivre,#f6747a
pin,#4c6f6f
bronze,#e77282
fuchsia,#5e834a
forêt,#fd135e
saumon,#9f34e6
jade,#446262
fuchsia,#df206d
platine,#4d377e
bronze,#1899ac
cobalt,#8ff364
sable,#bf45bc
violette,#e30d71
violette,#3ef43a
baie,#4ba067
corail,#5d03ee
doré,#cf1db7
platine,#e2a84f
rubis,#d30d35
platine,#0bde95
ivoire,#5b1198
carmin,#1aae22
rouille,#f641e4
rouille,#602dc3
cannelle,#06142f
menthe,#bea9c2
ivoire,#64a94e
bronze,#e35878
crépuscule,#0bba3c
fuchsia,#d2e88f
rose pâle,#1e3f53
pêche,#3b3230
sable,#6a7539
lavande,#951ddb
turquoise,#02484c
indigo,#478a9c
bois de rose,#4c5e68
mandarine,#97b4f1
cobalt,#274f52
sarcelle,#eda60b
obsidienne,#5e5536
cuivre,#93ab13
ardoise,#d2f9a9
moutarde,#741b40
pin,#29d4ac
ambre,#e0edf5
citron,#bbf4a1
menthe,#1bcee1
saumon,#9a15a9
sarcelle,#22eb98
acajou,#35fcd8
olive,#cdb140
ardoise,#8c043f
forêt,#970357
saumon,#d6ffea
indigo,#2501c8
corail,#e77ad6
corail,#6ae67f
sépia,#cfe80a
pêche,#807da8
sarcelle,#07df37
rubis,#0be78d
sarcelle,#da505f
citron,#573b6f
azur,#7e98d5
jade,#9a838b
turquoise,#b8e3c9
baie,#c94f81
carmin,#54b328
acajou,#63226f
bordeaux,#0f2d23
lavande,#a6040b
azur,#8ab506
mandarine,#87333b
cuivre,#d69f45
violette,#2e7fea
corail,#49ba47
sépia,#9cf0e4
bois de rose,#6719eb
cobalt,#a2acfc
bordeaux,#f4b754
mandarine,#0e8ed8
magenta,#595bde
rose pâle,#079c37
bordeaux,#eb142c
charbon,#32fb03
sépia,#4175eb
bordeaux,#c95658
cuivre,#014832
orchidée,#62b22c
ardoise,#64ee25
forêt,#d33b8f
rubis,#22fe5c
crépuscule,#d62405
platine,#04ad09
magenta,#9e2fc2
sarcelle,#db9145
indigo,#284fb0
ardoise,#e758a6
platine,#9c8c26
acajou,#ad2cc9
écarlate,#33ca79
saumon,#a07597
saumon,#b567f2
céruléen,#0e49fa
saumon,#522fc2
rose pâle,#2b5ca9
ivoire,#349fc4
obsidienne,#3d4951
sarcelle,#d8f2a9
magenta,#ea6d6f
citron,#c3fb54
sépia,#29e3d6
bois de rose,#320786
ardoise,#ba382c
sépia,#f8afb2
orchidée,#97d975
platine,#98dfdb
turquoise,#4f7b33
pêche,#5920c5
rubis,#7aefb8
baie,#752809
cannelle,#20cbec
rouille,#3f66e0
sépia,#327b30
obsidienne,#f74fb2
forêt,#bf17ac
bronze,#ec8853
émeraude,#59e949
bois de rose,#6fd794
bronze,#df4796
olive,#ffecc8
ambre,#d101f5
corail,#7e69f2
pêche,#d29200
rubis,#f6c22f
pervenche,#9d0a92
moutarde,#d67aff
sépia,#ebb616
émeraude,#00a3b7
bordeaux,#02eb99
menthe,#cd2f30
saumon,#6ffaf6
olive,#ed39b5
charbon,#98263f
mandarine,#7ee509
magenta,#9e9461
platine,#b83800
émeraude,#bf497f
cannelle,#23032f
ardoise,#06fe63
citron,#a48a48
crème,#d90451
forêt,#83e540
pervenche,#f96080
céruléen,#96b2c6
crépuscule,#9c1f39
rubis,#4db927
acajou,#363546
cuivre,#0c78aa
turquoise,#62d311
turquoise,#c53003
carmin,#b40a0a
topaze,#41916b
acajou,#af0d73
turquoise,#384cf3
bordeaux,#75b185
citron,#baf98f
ivoire,#7bc9c0
marine,#ff38d8
saphir,#02b57c
bordeaux,#23e5ea
corail,#23a6f9
moutarde,#306621
sable,#45a590
bordeaux,#2528d0
fuchsia,#fda9c1
sépia,#d496c5
turquoise,#8021c2
azur,#c96c2e
violette,#42e6c5
crème,#6db3a8
acajou,#6304d2
bronze,#b3b1ca
cobalt,#67583d
bordeaux,#b00474
cuivre,#d7138a
platine,#12e7ed
indigo,#435ba0
jade,#58e40c
indigo,#debcd4
cannelle,#3fe593
carmin,#135b53
pervenche,#51e163
bronze,#9f6d01
rouille,#a6f8db
doré,#46bd8c
pin,#d68ea8
pervenche,#3a9c7a
crépuscule,#b3ce1d
topaze,#b8aa9a
jade,#07b945
ardoise,#70e0b8
fuchsia,#bcc1a0
forêt,#99e0e9
doré,#f62163
carmin,#a62c25
indigo,#d4af7e
pêche,#710b3e
fuchsia,#99c6e8
écarlate,#b815ed
olive,#3b627a
ardoise,#f5ae78
indigo,#10182a
moutarde,#6ae8e5
cannelle,#ffa628
émeraude,#0079b7
cobalt,#3f179d
saumon,#709166
saumon,#86b99e
citron,#a6467a
lavande,#5fd57c
cobalt,#9fd3f8
crépuscule,#2f7ddb
crème,#261ec5
écarlate,#c25f43
cuivre,#92139b
olive,#c60093
jade,#e9f9bc
bordeaux,#4236e8
rubis,#eb7e38
ambre,#bd3cc1
cuivre,#048f5a
jade,#8cd313
magenta,#77f1be
orchidée,#c67a8e
pin,#ca595f
charbon,#fc4c78
rubis,#501eb1
platine,#784835
magenta,#418201
turquoise,#fe1f20
bronze,#66674b
ardoise,#e723d4
ardoise,#0266f9
crépuscule,#8dda16
magenta,#cba7d4
cobalt,#49406e
platine,#886d29
pêche,#b9299a
bois de rose,#8aaabc
cobalt,#565c6b
fuchsia,#d24c7a
sarcelle,#a5496d
carmin,#30f106
magenta,#575aee
carmin,#c301eb
écarlate,#1f94fb
olive,#f17fde
platine,#dd9328
céruléen,#b8d355
fuchsia,#674586
acajou,#02a1b7
crème,#5457ff
azur,#dc5693
cobalt,#643272
ardoise,#74dbf5
bois de rose,#90f289
indigo,#4a9b67
lavande,#2a15ef
forêt,#daff35
doré,#328a71
bordeaux,#fd315e
turquoise,#60a3d2
sarcelle,#62710b
turquoise,#7d3726
rubis,#1bce3e
pin,#93a005
crème,#2cd7e6
pin,#7b3583
azur,#d25514
sépia,#ef5d88
lavande,#4719f6
mandarine,#321314
moutarde,#1ac222
crème,#f788fe
ivoire,#ff7096
sépia,#7919e8
ivoire,#997cd8
turquoise,#4352eb
cannelle,#acc48d
turquoise,#ca024e
cannelle,#4b3f91
magenta,#589176
pin,#3ff809
obsidienne,#dc3a6c
crème,#f37700
violette,#64a756
pin,#f043ea
crépuscule,#c92ca0
bronze,#63113f
citron,#838593
carmin,#5ba81f
mandarine,#f5da89
baie,#4aa4e5
pin,#5dd58a
céruléen,#9a26e9
émeraude,#15d3c4
cobalt,#014a41
bois de rose,#58a8df
pin,#8a33eb
crépuscule,#e693af
violette,#c4014a
rose pâle,#cbc17e
bois de rose,#a40eb1
indigo,#6d7c4d
bois de rose,#5b0123
saumon,#86e580
émeraude,#a0d933
menthe,#6f93ac
émeraude,#a19ef6
mandarine,#a04ca0
doré,#6cf32f
crème,#2a2376
lavande,#682055
mandarine,#24a175
citron,#0862f1
céruléen,#7648e0
platine,#1563c2
ivoire,#21c4cd
azur,#5c4276
corail,#610901
doré,#7d0c3f
menthe,#6d3ea5
carmin,#3751da
ivoire,#fe4e8f
doré,#1203fd
carmin,#ed6d8c
azur,#4ca225
acajou,#849bb7
saphir,#633b2e
azur,#22c579
bois de rose,#06397b
ambre,#783ca3
magenta,#bc3a99
platine,#297b58
ivoire,#968ac1
jade,#04fae3
magenta,#b3c9d1
écarlate,#168f31
forêt,#4647ad
fuchsia,#ff60d2
rouille,#790391
écarlate,#9ce0b3
turquoise,#b58683
forêt,#12fe09
jade,#1ec40d
bronze,#c78ab5
sépia,#957932
ardoise,#3d8de6
crème,#c6aee9
olive,#e099d2
saumon,#4e7a7c
pêche,#780fab
ivoire,#f89e8d
moutarde,#e2d4d5
sarcelle,#385a91
marine,#9f9daa
bordeaux,#76f66e
céruléen,#85a907
bordeaux,#3d7128
olive,#39cad3
acajou,#3abe3a
topaze,#112832
fuchsia,#0ad8e0
jade,#798aec
acajou,#d2ee35
lavande,#0c968b
pêche,#9aa766
violette,#acbad5
cobalt,#bf1c8e
doré,#f5fcf6
cobalt,#d893e8
saumon,#858fd3
obsidienne,#084748
acajou,#24d188
cannelle,#9ec400
émeraude,#3d9f97
cuivre,#57ad25
sépia,#6f1094
orchidée,#a8d93c
crème,#b2f4ea
menthe,#eed4a2
cannelle,#702f28
doré,#7683b6
corail,#9e4c1a
platine,#1e306e
menthe,#8d00b9
céruléen,#18cc73
carmin,#6745a3
sépia,#f10593
turquoise,#bfaa32
ambre,#799abd
rouille,#1f7438
bois de rose,#213144
forêt,#17f98f
baie,#507c79
émeraude,#6bbbb6
corail,#55c705
saphir,#d6574e
rose pâle,#99034f
bois de rose,#04879e
ambre,#a784d7
jade,#3e43a2
rubis,#96f652
rose pâle,#5e6f10
orchidée,#9d3cb1
olive,#1974ad
ivoire,#7ad3f9
ambre,#b36b71
sable,#b6b9d5
olive,#b1420e
rubis,#3951d9
olive,#57fb23
orchidée,#b39a16
rose pâle,#1a6e78
sépia,#8a5efb
fuchsia,#2e7f45
acajou,#7adae2
crépuscule,#8b9515
crème,#9949f8
bronze,#d27735
cuivre,#5ba79a
azur,#c188cd
ardoise,#164039
azur,#284807
citron,#122ec7
violette,#2c9150
menthe,#9cfd87
forêt,#2943ec
rose pâle,#f29e04
rubis,#444368
sépia,#48ac92
cuivre,#7d1ee3
orchidée,#49726c
obsidienne,#0a684c
saumon,#5d3e82
marine,#51b2b7
menthe,#d8be34
violette,#cbc54e
menthe,#65b5a2
turquoise,#4d3e06
jade,#58fbcd
citron,#2cd48d
carmin,#42f1d5
cuivre,#7a49dd
émeraude,#d99150
crème,#51ed3f
azur,#ad8fe1
émeraude,#0a86e6
azur,#a6ed51
bois de rose,#c3f68d
saphir,#19a760
acajou,#a3e751
cobalt,#816c64
crème,#d1827c
acajou,#ff88f3
crème,#fcbeda
olive,#a143d2
mandarine,#2f160c
charbon,#06e2e4
bois de rose,#80ee03
mandarine,#5846c8
sépia,#477e1f
moutarde,#bf205a
rouille,#a5508f
obsidienne,#02516e
fuchsia,#ce6da9
céruléen,#cebe91
moutarde,#d475e3
doré,#dd8449
moutarde,#4d1d0a
bordeaux,#836af0
azur,#3ddf0b
écarlate,#63c0e5
ambre,#71b098
acajou,#b1140e
moutarde,#d71fac
crème,#e2d7d4
menthe,#2cd4c1
cannelle,#246397
céruléen,#e5f28a
charbon,#e4aecc
pêche,#2ef013
jade,#2a06ac
bronze,#594843
saphir,#5fb365
rose pâle,#576591
écarlate,#4c94b3
baie,#1e6644
lavande,#70cf9c
écarlate,#e790e8
cuivre,#c5aefb
citron,#3b2355
émeraude,#206aa9
saphir,#af704d
turquoise,#f9d768
olive,#d7ee36
forêt,#39713d
magenta,#df2be9
pervenche,#ac1c3f
violette,#adb6f7
charbon,#d1f45a
doré,#8f39b6
ivoire,#bdae49
cannelle,#0409c7
topaze,#7c80ea
sarcelle,#9186f5
saphir,#d52b2e
olive,#c3eb77
jade,#9f71f6
turquoise,#571c0c
ardoise,#4d16cd
turquoise,#9e6fd4
carmin,#cef78b
pin,#ed314f
obsidienne,#be5057
platine,#9196e3
indigo,#ca4aba
charbon,#a12cf3
sépia,#864fe8
baie,#c03e59
bronze,#3e4ae1
forêt,#c22145
crème,#f061b9
violette,#c18825
rubis,#c0bcfb
jade,#39285b
sépia,#82fe3b
obsidienne,#0ed37d
écarlate,#bc3a94
ardoise,#b6cc0b
ivoire,#6cdbef
ardoise,#89163f
cobalt,#192be5
olive,#55f222
bronze,#24139e
acajou,#d27a94
carmin,#29d1b7
fuchsia,#21efb5
bois de rose,#67d6b5
sable,#44314c
rose pâle,#fc7d66
obsidienne,#ac0518
forêt,#2ed0ea
sarcelle,#6ee83c
forêt,#13c953
rouille,#e711ee
bronze,#236018
ambre,#cf7bf5
doré,#585f49
émeraude,#ccbf82
doré,#6b2a37
olive,#2649c9
sépia,#117ad6
violette,#40b528
bordeaux,#5f9825
lavande,#8fa36b
turquoise,#cc8ffd
écarlate,#4c8f4a
bois de rose,#b61427
écarlate,#eb7d13
sépia,#2ae952
sable,#55f7a2
ambre,#8f7dde
ivoire,#52e3a9
écarlate,#5cfb1e
cannelle,#1d8322
indigo,#a68e17
bronze,#3cd185
acajou,#7dc01e
marine,#4ec11a
moutarde,#185db9
jade,#e877a3
violette,#62e6c7
bronze,#07f40e
citron,#11858e
corail,#e7461f
magenta,#0a28f2
lavande,#63374b
doré,#1254f1
olive,#0d5844
cannelle,#19cb27
turquoise,#dd4346
corail,#f2a476
violette,#b25497
carmin,#674bbb
turquoise,#a83f82
obsidienne,#d1135d
fuchsia,#b23338
olive,#632418
lavande,#b47317
platine,#3b0e00
acajou,#3fe6e6
citron,#e1da3a
menthe,#1ca819
jade,#312779
indigo,#3aa6cd
moutarde,#2b6e24
platine,#92ea03
forêt,#8e7d95
citron,#675902
jade,#0abf7c
marine,#97b2c8
saphir,#d7e30a
marine,#1d156f
carmin,#d41cf1
azur,#315f94
carmin,#c901ed
bois de rose,#8f6bf1
indigo,#baa81a
crème,#cf8440
ivoire,#5ba6ba
magenta,#a42958
fuchsia,#8bdc71
charbon,#76a2be
cuivre,#0b1d80
cannelle,#39f2dc
ambre,#4f87c7
pin,#a53bb2
doré,#a499a8
pin,#df0649
acajou,#784068
jade,#69624d
orchidée,#66de1c
obsidienne,#678034
obsidienne,#7000b8
ivoire,#c497e2
orchidée,#fd52ad
topaze,#040531
doré,#64edc7
menthe,#5bb436
émeraude,#388d23
corail,#a73112
olive,#1316c9
indigo,#fced4d
ivoire,#ad2fe9
baie,#ff5037
carmin,#f8ca85
crépuscule,#7091de
violette,#3dd0b7
azur,#031935
jade,#ae49ba
magenta,#b27fa8
indigo,#379088
rubis,#66a757
moutarde,#83489f
fuchsia,#db9984
pin,#309575
azur,#8efb6d
turquoise,#a227f6
forêt,#002ab0
sépia,#6ee56d
forêt,#964876
obsidienne,#d518fe
fuchsia,#f61943
olive,#36f0ea
sable,#756bd7
acajou,#d8ffe9
bordeaux,#e3d719
bordeaux,#042556
bronze,#2447fc
menthe,#150327
ambre,#9cbcae
sarcelle,#0178b0
ardoise,#9b0879
azur,#f83f3f
violette,#6d6c79
orchidée,#e19bb0
fuchsia,#b882d8
violette,#123cf8
pin,#638ac5
orchidée,#08fe57
céruléen,#6cc5d1
citron,#588f12
carmin,#c0a974
corail,#f3bf92
émeraude,#dc42f2
crépuscule,#2293f0
émeraude,#8098af
pervenche,#55e579
charbon,#9be39d
doré,#74404f
marine,#1bf0e2
olive,#93fcae
marine,#177f98
fuchsia,#209eb9
céruléen,#6b1e77
saumon,#dc9087
violette,#8f41d7
bordeaux,#f205a5
sépia,#99d879
bronze,#b19284
charbon,#923a8d
lavande,#07b242
sarcelle,#bb8aa3
ivoire,#c78472
platine,#48e7f9
émeraude,#82c65c
olive,#dc5b8f
bois de rose,#9fcf13
doré,#4f754d
émeraude,#755383
magenta,#d8fff3
moutarde,#6ad3f3
ardoise,#f76675
cobalt,#b6dbc4
ivoire,#9a0e0b
acajou,#622cb5
rose pâle,#93f4cd
bordeaux,#3ce209
crème,#52be90
saumon,#0066e6
ardoise,#61ca9f
magenta,#cfed12
olive,#d4a6ad
acajou,#179f0a
émeraude,#2feb5e
orchidée,#46877c
ardoise,#28c370
obsidienne,#ac867e
moutarde,#6097b2
azur,#20344f
menthe,#753a47
céruléen,#4704d7
pêche,#c68a8e
saphir,#64460b
azur,#4d7200
doré,#25b046
crème,#0fb3f5
sarcelle,#3b9979
céruléen,#035c9a
olive,#57a020
rubis,#657c69
platine,#355051
magenta,#0d645c
sable,#a783ef
olive,#941796
bois de rose,#76fb0d
moutarde,#65b60b
saumon,#e618df
bronze,#935075
pervenche,#7a4434
magenta,#3091e9
sable,#bfbce1
carmin,#58a0f2
sable,#376d39
jade,#346c3a
bordeaux,#082836
obsidienne,#16e9f0
menthe,#2fee3d
corail,#3f9284
sépia,#3bf4d3
forêt,#2e4d2b
bois de rose,#e4dfb3
crème,#05e557
rubis,#c8a694
olive,#44141b
mandarine,#1d47ef
carmin,#56b60a
cuivre,#75e2ab
pervenche,#e10585
bronze,#2dd3e8
fuchsia,#a0891c
charbon,#5acc4d
cobalt,#789549
pervenche,#b0aa34
azur,#c18b1c
doré,#d2591d
bronze,#5acc86
magenta,#d9fe9f
citron,#35e96e
indigo,#2483dc
pêche,#9d47fe
topaze,#0dc599
obsidienne,#abd8d7
orchidée,#6223c8
magenta,#6516f1
saphir,#804cc4
rubis,#fedf62
violette,#596bd0
pervenche,#a956fc
crépuscule,#1cb8ac
émeraude,#fe0d98
ambre,#16e8e0
cannelle,#d22ed4
bronze,#cab05f
saphir,#0268de
pervenche,#9f69f8
bois de rose,#34dfbb
crépuscule,#5013de
cobalt,#8fbd91
topaze,#9bf356
topaze,#2f5104
écarlate,#b06bbb
pin,#8df86a
rose pâle,#7f5e19
azur,#01b823
rubis,#2686ff
rouille,#f5bfa9
charbon,#c0ac19
cuivre,#d744ef
crépuscule,#5cc4f0
écarlate,#6dd9d1
bronze,#11dc29
ivoire,#744b67
obsidienne,#aef4da
charbon,#2eb57a
charbon,#7e1fa6
pin,#144e80
cannelle,#a96151
bronze,#a99bbc
crème,#9b48cc
ivoire,#63970f
jade,#89b411
citron,#12c6b0
saumon,#07d453
forêt,#eb6bdd
saumon,#3fd135
olive,#38459b
platine,#c0dd2e
bordeaux,#6836e7
baie,#1d8465
sarcelle,#152589
forêt,#07b211
charbon,#ef5724
rubis,#9df3c6
menthe,#714d23
saumon,#bc8c27
marine,#700cf4
bronze,#91fb6f
fuchsia,#ed8745
orchidée,#77a89e
rubis,#ea42e8
ardoise,#0d2b33
olive,#4c903b
carmin,#70e2fa
bordeaux,#2ea6ad
crème,#1c1056
crépuscule,#941cf2
baie,#97969b
azur,#50fa52
jade,#319013
saphir,#3c17e1
charbon,#24218e
menthe,#bbb32c
forêt,#2070c6
acajou,#5dfaef
pin,#6074a9
rose pâle,#8a2833
ambre,#d4c44d
charbon,#310d8e
lavande,#1056d6
carmin,#ea28ff
émeraude,#95aa7c
ardoise,#c9f015
azur,#0d2ee2
pin,#6a5d41
fuchsia,#8425b8
rubis,#11ae74
mandarine,#4331ee
écarlate,#877690
turquoise,#f84a3d
baie,#126444
indigo,#61e7a9
azur,#f3aa8c
obsidienne,#26dca6
cuivre,#c338c8
pin,#8814f3
olive,#5f3858
cobalt,#472389
fuchsia,#3f106b
bordeaux,#d8fd76
violette,#78b937
émeraude,#9f187d
sépia,#eca9a6
acajou,#7c2df9
indigo,#3d5064
bronze,#34b23c
obsidienne,#ff47ca
corail,#65fc06
cuivre,#19ce7d
pin,#160063
charbon,#cc9a3a
crème,#75b773
pervenche,#52afec
marine,#cabf39
saumon,#39b2b9
moutarde,#a8208b
rouille,#f62ba5
cuivre,#2172b2
azur,#1f937e
platine,#92ccda
saumon,#023d94
sépia,#bbfef5
émeraude,#cee159
céruléen,#da8e5f
moutarde,#40a501
ardoise,#45158f
baie,#e7e604
mandarine,#2d2b33
olive,#763692
émeraude,#60d63e
charbon,#ccdc9d
cuivre,#5f3023
cuivre,#005169
bois de rose,#33e62d
rose pâle,#192110
pin,#94f32f
crépuscule,#c72ba9
rose pâle,#27e151
marine,#f354e7
céruléen,#4f76b2
émeraude,#201da4
moutarde,#ee010e
charbon,#ed99c5
turquoise,#3f3bd8
citron,#f07fe5
pin,#13e337
lavande,#f10680
carmin,#796ea8
sépia,#ad6025
pêche,#a9fe3c
topaze,#a542b4
rouille,#b26b37
forêt,#aa0cbe
mandarine,#b1b062
fuchsia,#814f1e
violette,#a6e13c
obsidienne,#34e03b
azur,#597abe
magenta,#3e935d
lavande,#ba4243
forêt,#4a71c5
saumon,#9e4bd6
indigo,#d02ac8
rouille,#28544e
rubis,#ebf6e9
doré,#6abeaf
sépia,#65568d
carmin,#2a3870
magenta,#f3d745
sarcelle,#8da840
saumon,#c44fb1
saphir,#65bff6
cannelle,#36a514
rubis,#e9bd47
rose pâle,#96a9b9
ambre,#18fffa
topaze,#02e2c3
ambre,#78d5c6
pêche,#de91b5
pervenche,#cbcd47
ambre,#9acf59
rose pâle,#b1837b
sépia,#4b45bd
carmin,#594a66
pin,#921a29
charbon,#6f0c18
ardoise,#6bae27
corail,#f7308a
turquoise,#314f5a
corail,#0b9860
ivoire,#01f0ca
ivoire,#5b64a7
violette,#ab0ea0
acajou,#1f392e
ivoire,#07cfe4
bois de rose,#fa02a4
forêt,#539b25
menthe,#bf4755
sable,#b0dda3
rouille,#4ceb98
moutarde,#086a5a
pêche,#372504
sable,#0a357a
pervenche,#4ba154
obsidienne,#751d42
magenta,#0cb76d
pin,#096c90
mandarine,#5b8212
fuchsia,#1a3c73
ardoise,#1cac2f
bronze,#81c56e
turquoise,#90dffc
bois de rose,#40709f
bois de rose,#0a1239
rubis,#cd3ed1
forêt,#7d6e06
écarlate,#4ef3e8
olive,#ecc326
baie,#895d81
sépia,#7aa921
rouille,#99b570
crépuscule,#0e7b1d
saphir,#83d003
bordeaux,#a434a6
olive,#7469cc
rose pâle,#5a0b60
ambre,#6e91e9
rubis,#72999a
lavande,#40b79d
émeraude,#0e18b9
ambre,#6ae33e
carmin,#29da4f
baie,#8bf219
magenta,#8e2125
acajou,#e11cda
ambre,#7b4752
sarcelle,#1b4753
rose pâle,#117569
bordeaux,#94d116
mandarine,#908bf6
indigo,#b26554
marine,#feaec9
magenta,#176b4a
azur,#dab2e4
carmin,#094a65
acajou,#67f55e
orchidée,#60c020
crépuscule,#6e0aaf
cuivre,#6d6cd2
obsidienne,#80da99
saumon,#566166
ivoire,#1778fc
orchidée,#736c94
charbon,#dd1274
cuivre,#22053f
cuivre,#9e1073
rubis,#5646d0
turquoise,#794cd0
topaze,#be3b54
olive,#352f9f
corail,#fc8ff1
pin,#0deeca
violette,#406f4c
cuivre,#f46b00
platine,#d8f11f
bois de rose,#b53a65
indigo,#9ea952
écarlate,#49c778
bronze,#5dda91
rubis,#42b448
magenta,#80546e
azur,#b5d94f
saumon,#466118
bois de rose,#e4bbab
bordeaux,#d2f498
bois de rose,#3473c0
crépuscule,#786142
azur,#7df984
saumon,#49d427
indigo,#83c9a2
cannelle,#cbf0e6
pêche,#6e57e9
pin,#e1bf2d
olive,#d37f17
ivoire,#5dcbbf
écarlate,#a044a3
cobalt,#43f67e
rouille,#61bd65
azur,#1a2652
bordeaux,#fc4a4a
saumon,#729cb7
cobalt,#3018f8
marine,#58f83a
émeraude,#08893d
olive,#4f7ae4
rubis,#2a3c35
platine,#452444
saumon,#a86f66
indigo,#1b48fd
bois de rose,#c03ca5
obsidienne,#1803d4
pêche,#10dc0c
bois de rose,#54d04a
pin,#f42c37
obsidienne,#221427
pêche,#ffaed1
carmin,#3acffe
turquoise,#bfe816
azur,#efaddd
acajou,#6f6a36
citron,#5655ff
cuivre,#75faeb
pervenche,#f1409e
citron,#e4987c
acajou,#7d2d61
ivoire,#0e4d32
sarcelle,#78bd54
jade,#d26839
bois de rose,#898788
indigo,#64e60f
jade,#20ccb3
charbon,#369b40
platine,#9b4d55
jade,#1c56fd
carmin,#0ea0c4
sarcelle,#a2c781
fuchsia,#bc8bef
bois de rose,#c30ff4
mandarine,#f8e627
émeraude,#547f08
sépia,#8ebf66
moutarde,#bc77ce
mandarine,#aaa302
saphir,#42c185
ardoise,#37a3b1
baie,#0271b9
charbon,#1639c8
rose pâle,#c928d3
carmin,#4cdc04
crème,#e19f84
sarcelle,#717988
ardoise,#8dc34e
crépuscule,#fd1f8c
cobalt,#f552f4
sépia,#518cf6
pin,#5efe11
rouille,#957f6b
carmin,#772cb2
obsidienne,#0e2c3d
azur,#4a39c1
indigo,#4cd46a
pervenche,#6a27f9
sépia,#d8a199
lavande,#36e402
pin,#9f4c2e
ardoise,#1c3095
citron,#06150b
magenta,#b8d872
menthe,#56db5c
pervenche,#5ce63e
violette,#e6cb8f
violette,#5fbbf8
indigo,#cd447c
bordeaux,#57558e
pervenche,#bae1a5
topaze,#62fd6d
violette,#b2beac
crépuscule,#f3ecb0
cannelle,#d40572
rose pâle,#3a1a8f
orchidée,#274e09
violette,#1d8dff
sable,#a7fe09
charbon,#872f75
violette,#28dd22
topaze,#e099c5
rose pâle,#a72a9d
menthe,#93ae90
bronze,#497e0d
pervenche,#cc9a43
ivoire,#0f1696
menthe,#95da46
obsidienne,#b6d5a8
fuchsia,#d83c52
fuchsia,#d9dfe8
rouille,#edcaae
lavande,#8e15c9
ivoire,#f77ca8
émeraude,#185b8c
ardoise,#0b8830
acajou,#20c96e
céruléen,#fdead9
marine,#5414ca
ardoise,#718ada
sable,#8a38dd
menthe,#a5ba8c
olive,#6d42c8
obsidienne,#10bc2d
pervenche,#85ea6d
moutarde,#3a8597
lavande,#33db47
obsidienne,#5aee26
forêt,#a66bf8
menthe,#d317bb
ardoise,#7c8ae8
moutarde,#164a2d
sépia,#966522
forêt,#fde996
baie,#1b2eb5
écarlate,#a8eedb
violette,#e42abb
pêche,#1e0b08
forêt,#086f5f
sable,#d08b23
olive,#860923
bordeaux,#575525
fuchsia,#0d471d
cuivre,#b4101f
obsidienne,#66fc90
obsidienne,#33b1d8
bordeaux,#a8dab9
bordeaux,#3b5b49
crème,#a3f3fe
magenta,#af1526
ardoise,#954435
ambre,#38fd17
violette,#4565d4
sépia,#abbadd
topaze,#7d7502
sépia,#b0f426
moutarde,#2c31a3
moutarde,#28bdaa
rose pâle,#dfac05
cobalt,#54a071
olive,#075b84
citron,#e08f35
moutarde,#94d14c
forêt,#cb8244
crème,#045831
indigo,#7b91fb
mandarine,#90589f
ivoire,#25666a
violette,#dfeb62
citron,#f75495
acajou,#30a217
marine,#a7e77d
mandarine,#1efb67
bois de rose,#9f6c3e
corail,#99df70
acajou,#0194ee
cuivre,#cb4c7b
céruléen,#c4d825
orchidée,#6d129a
magenta,#6d5270
rouille,#565a3e
bordeaux,#f52176
platine,#e5ad12
bordeaux,#1c9b66
indigo,#0becdc
fuchsia,#e099b4
crépuscule,#df2c59
orchidée,#f4a2ee
magenta,#89e111
bronze,#f338b5
rose pâle,#8c2a1b
forêt,#da0938
ardoise,#18397b
sable,#38491f
jade,#a36053
rubis,#59918d
céruléen,#1eda4a
ivoire,#7c4281
doré,#e2b39f
sarcelle,#040f6a
ardoise,#c5bfd1
bois de rose,#ca47b1
émeraude,#66862d
sable,#3e4cdc
azur,#bfe156
pêche,#aa7f7f
olive,#7b7fc3
charbon,#42f27f
obsidienne,#06c6cf
pervenche,#532b14
marine,#9416cf
jade,#29fa5c
azur,#bdb31d
fuchsia,#e13d2a
émeraude,#dfd9ac
forêt,#dd1254
lavande,#8b3d10
baie,#f2706f
orchidée,#819cbf
pin,#ae401e
obsidienne,#747d63
charbon,#fb3c69
bordeaux,#d433c8
baie,#7dc381
cannelle,#6d1139
bronze,#b79813
carmin,#b23ce7
pin,#520920
carmin,#e5120c
acajou,#5f71c2
menthe,#5c32d9
obsidienne,#0f1e57
saumon,#44bdbd
ivoire,#51389c
doré,#e77090
sable,#a58541
marine,#101834
acajou,#74651c
bordeaux,#0407ff
mandarine,#6f8c0e
céruléen,#6c2330
topaze,#a97dc7
émeraude,#5d1b2e
écarlate,#4d1f98
bronze,#4aaf6d
violette,#ff4735
sable,#49ab22
rose pâle,#d4fe1d
platine,#c9d0b9
doré,#597d22
écarlate,#c4e57a
saumon,#7bfac0
citron,#a23990
marine,#bae702
citron,#cc03e6
obsidienne,#a469c0
ambre,#9c2840
cuivre,#bf4372
ambre,#a58e06
jade,#fcfe8f
turquoise,#03c711
citron,#5f9505
citron,#b39b5b
rubis,#8e4f1b
cobalt,#5f18a8
émeraude,#420873
carmin,#d44f18
platine,#900047
saphir,#c19ace
pervenche,#920147
moutarde,#d7b402
charbon,#751b62
émeraude,#afcccf
sarcelle,#65c46c
cobalt,#0817d2
turquoise,#617267
citron,#7c5ec6
moutarde,#97a95f
marine,#bc4472
bois de rose,#8cc076
olive,#6a0825
fuchsia,#889423
obsidienne,#47650e
crème,#d01647
forêt,#a6c7ad
marine,#b10051
ambre,#4b44d3
émeraude,#cbed29
rose pâle,#baef57
corail,#27e76a
baie,#9b4f6b
écarlate,#c0f27c
cobalt,#edfd65
acajou,#f9845b
corail,#d311b3
baie,#81d540
topaze,#52bc63
doré,#04f84b
ivoire,#3a0055
olive,#bf6e9f
orchidée,#7528f6
acajou,#526d96
émeraude,#8d26b3
mandarine,#192982
bois de rose,#ddbe64
fuchsia,#4ba3bb
menthe,#7a91e9
violette,#05e3f6
topaze,#bd6ba1
rubis,#099071
rose pâle,#9c270e
olive,#e62043
forêt,#31eb93
pervenche,#689fbc
sépia,#7e5758
écarlate,#aa8326
menthe,#6abda6
pêche,#b84e47
carmin,#ad8406
ambre,#a06853
topaze,#1681ca
citron,#ff2e61
baie,#63089f
olive,#686f22
émeraude,#885479
pervenche,#cef61d
sable,#ad51bf
sépia,#250306
rubis,#5c6bd8
émeraude,#b298fa
corail,#f61133
rouille,#b413b7
sépia,#212500
ivoire,#00beec
sépia,#a6a817
crème,#be1e7e
ivoire,#fd116d
menthe,#cb13b6
menthe,#26703d
sable,#3dfc4f
bois de rose,#a9b911
sépia,#36ac40
lavande,#bc212e
cuivre,#0aa344
bronze,#334de3
moutarde,#62e631
rouille,#65e39c
bois de rose,#a0d9d7
écarlate,#ebcf63
cobalt,#924118
acajou,#612e9c
forêt,#dbd1bc
rubis,#411bb1
rubis,#f8ad0e
crépuscule,#da4ec3
saumon,#0d3205
azur,#4c6596
crème,#45479b
sépia,#fd95e8
saphir,#cc7605
charbon,#f6c63b
saumon,#511494
marine,#e90778
magenta,#6ce94f
rubis,#455694
ivoire,#09e902
magenta,#e36b17
azur,#6c1e8d
violette,#f06a35
sable,#0c7ff3
violette,#dda495
mandarine,#2efb1e
violette,#7bfc5c
citron,#bdc78a
indigo,#5ff0f4
sable,#60cf6b
charbon,#8f03e7
écarlate,#4077a0
platine,#ca2128
cobalt,#7f8480
émeraude,#f1fcc3
pervenche,#ee06e7
carmin,#461fe8
marine,#2421e4
acajou,#ec111c
émeraude,#20e723
saumon,#1bf8ed
cannelle,#5764ae
moutarde,#e0e019
topaze,#c3ba41
sable,#7ad115
cobalt,#ec95b5
baie,#70dadf
rubis,#e4ccec
moutarde,#4a56ef
obsidienne,#588bf7
ivoire,#220446
saphir,#3913e2
orchidée,#970023
doré,#d1be59
mandarine,#6b9062
rouille,#8e13de
baie,#38fe91
jade,#a0ea75
saphir,#f90118
fuchsia,#6c0f89
cobalt,#33f052
écarlate,#cf8f8a
pin,#5acd56
obsidienne,#f21cd8
violette,#d93657
crépuscule,#bd87ca
cobalt,#edf359
ardoise,#04d5b2
mandarine,#e5084b
saumon,#a1495e
ambre,#31b627
marine,#001719
pêche,#8134eb
marine,#d75af5
cuivre,#f716c3
turquoise,#f3dfab
sépia,#62f3a9
crème,#9790ee
turquoise,#2d33e4
cuivre,#fd8290
jade,#6b6c9d
olive,#178dc3
violette,#3b6b03
rose pâle,#61a0d4
doré,#bf69a1
ardoise,#22036b
carmin,#b27093
moutarde,#42d19b
mandarine,#73a555
topaze,#71af8e
pin,#dcbc7a
rose pâle,#6e8e51
doré,#89ec95
cuivre,#91e079
orchidée,#305f0e
forêt,#40a244
sarcelle,#7ed12c
ambre,#121981
corail,#d9738c
topaze,#28495e
turquoise,#37ada7
marine,#3b17ae
écarlate,#ab4d2b
bois de rose,#f7fe97
azur,#825b3c
céruléen,#02d8d1
crépuscule,#b510dc
cuivre,#7461e9
doré,#d22aa3
sépia,#dde033
rubis,#27c58c
sépia,#261a2f
pin,#1730ea
charbon,#a4b46b
obsidienne,#464a32
olive,#735ce0
menthe,#c8953f
cuivre,#b451ae
lavande,#2df5f1
platine,#3e0aaa
cannelle,#bfba3c
olive,#f7994f
saphir,#9f2510
pervenche,#f09aed
corail,#0d3127
mandarine,#974429
corail,#3323dd
pin,#c7bb31
crème,#f0761a
saphir,#dd599b
doré,#a8ebf3
topaze,#5c6dfb
céruléen,#2c5c31
ambre,#cf38e9
baie,#ac09c3
corail,#224549
corail,#14fc93
saphir,#b20575
lavande,#1aca75
obsidienne,#3c5913
mandarine,#069b1c
orchidée,#e4ec0c
marine,#443927
saumon,#107003
rose pâle,#f49e8d
bordeaux,#9943de
forêt,#d35b9e
turquoise,#614eb3
carmin,#4712cf
bronze,#f0b29e
violette,#5ad0c3
ivoire,#2212af
fuchsia,#ebac09
émeraude,#6d0a08
rose pâle,#c8343f
rubis,#836d7a
azur,#a453bd
sarcelle,#f3e51c
turquoise,#5791ea
ivoire,#58664a
orchidée,#964375
jade,#face0b
émeraude,#24fd5b
doré,#24224e
marine,#cdce1f
saphir,#4fe2b2
rose pâle,#80348d
crème,#f9c46f
olive,#f3b655
ivoire,#1a7a2a
indigo,#5605d8
rose pâle,#3c095a
azur,#16bb21
ivoire,#0a4278
émeraude,#8f6bdb
saphir,#8d48f5
crème,#7b4bd5
pervenche,#e1114e
indigo,#974684
menthe,#070050
moutarde,#8f19ed
azur,#3de3c6
carmin,#453646
doré,#f057e7
bordeaux,#b570a5
saphir,#320015
rouille,#df9a32
lavande,#589f39
rubis,#221bf4
charbon,#cce3e3
obsidienne,#6585b2
pin,#72871b
saphir,#0f9522
mandarine,#d5447c
corail,#fbe512
moutarde,#d151a0
rubis,#c83b3c
corail,#36e143
orchidée,#ae5567
mandarine,#37b406
émeraude,#f70c3c
cuivre,#5bbe8e
ivoire,#0a6695
bordeaux,#7329e3
indigo,#7daae1
mandarine,#3bb465
turquoise,#9555ce
crème,#f7b1d4
rouille,#b7df61
pervenche,#07c201
acajou,#b1d186
ambre,#b3e6e9
ambre,#439778
platine,#bc972b
orchidée,#2ab3a0
charbon,#55b0ba
cannelle,#feef29
mandarine,#0e57e4
topaze,#fdf599
bordeaux,#61c89e
platine,#866eae
ardoise,#b9098c
cannelle,#ab200a
bordeaux,#aca3c1
orchidée,#035bda
saumon,#047993
crème,#cca9b5
baie,#82459d
menthe,#b6e6f5
charbon,#240f5e
ardoise,#e30cdd
platine,#0e35bf
saumon,#b9f18f
bronze,#3ff430
citron,#05f8d0
moutarde,#2b61ac
azur,#c1a231
sarcelle,#eb3155
rouille,#d2ecf9
violette,#a77112
bordeaux,#307717
marine,#570f56
cannelle,#a8ff0a
charbon,#ddf9c8
magenta,#984086
magenta,#b95e9c
corail,#f420c5
forêt,#45321f
obsidienne,#f61501
indigo,#82f32d
doré,#9ea56f
moutarde,#9c4e5a
rose pâle,#ca4ae0
doré,#9f81f7
pêche,#e85f4c
crépuscule,#836f84
acajou,#b2d745
ambre,#d11504
orchidée,#fed2ca
citron,#45608c
bois de rose,#8e900b
pêche,#b9f757
bois de rose,#513e34
saumon,#d07de7
émeraude,#bc2886
mandarine,#5c1bfc
azur,#87beeb
indigo,#0b8e14
bronze,#56425e
écarlate,#3a6edf
baie,#453652
mandarine,#2220ff
pervenche,#b8f3be
moutarde,#442e68
crépuscule,#cb7fcb
rouille,#4d98b6
crème,#6c192d
rose pâle,#656208
menthe,#e05ad2
céruléen,#7b1488
doré,#a70ea6
jade,#989086
sable,#7adec1
pin,#1ec990
rouille,#418e6d
platine,#d0ccaa
obsidienne,#3fc39e
acajou,#bfdfdc
ardoise,#37dbae
rubis,#fa4963
obsidienne,#f6ffde
pervenche,#53b204
sarcelle,#20c9d1
carmin,#996074
crépuscule,#740a5c
corail,#990596
acajou,#2fff7b
carmin,#98c712
lavande,#aba666
violette,#629964
acajou,#895a74
obsidienne,#778577
pêche,#174dc1
ivoire,#693f9b
menthe,#58082d
turquoise,#beebf9
jade,#8c25ce
carmin,#d38f11
sarcelle,#989684
turquoise,#9ad792
jade,#a1c8a3
saphir,#d1ec2e
bois de rose,#48a050
bordeaux,#1923eb
écarlate,#53c12c
olive,#479f3e
fuchsia,#a4857e
saphir,#59bbb8
ardoise,#92cc5c
citron,#cb74d0
obsidienne,#faf3c0
bronze,#60dd01
forêt,#0de813
ambre,#56a424
olive,#56c36e
azur,#b57277
platine,#c8ab6e
citron,#237619
mandarine,#59f4e2
ambre,#c0b861
cuivre,#dded92
mandarine,#3279a2
olive,#60db86
violette,#789ce8
lavande,#09cc63
obsidienne,#0deb7a
citron,#551c24
ivoire,#dedf1e
olive,#a9bf44
obsidienne,#6b5244
sarcelle,#7ff222
orchidée,#d94deb
cobalt,#01f5ea
violette,#02da65
lavande,#42ae11
crépuscule,#96a1b5
charbon,#5ef622
azur,#53fb02
baie,#0ba42b
sépia,#a5973f
jade,#70eae6
sable,#c0117f
sable,#cfed70
sarcelle,#df20d0
carmin,#92c801
carmin,#5f06af
céruléen,#86bb1e
azur,#9bae80
jade,#cb4fbf
magenta,#f75711
obsidienne,#12d044
saumon,#249841
cuivre,#7f609d
mandarine,#c72286
platine,#29c45a
charbon,#65e27e
ambre,#2c18d6
ivoire,#60b5f3
bordeaux,#e974cf
sépia,#c5ee24
pêche,#910ec9
jade,#683f7d
saumon,#dc237b
sable,#984708
sable,#e89766
ardoise,#7fe0ae
rouille,#231e52
pin,#406b25
baie,#bbe5b4
baie,#0e6f9f
bordeaux,#6d82e3
moutarde,#f756b1
bronze,#47d080
pêche,#77fb4b
cuivre,#db3072
citron,#2a4018
mandarine,#ee56c1
sarcelle,#6a02c8
indigo,#c77282
émeraude,#686aa8
bordeaux,#4a589b
pervenche,#376b4a
ardoise,#2b096a
mandarine,#4041a6
rouille,#accf8d
doré,#d84e30
lavande,#eaab2c
crème,#a42763
pin,#5f4de1
pervenche,#6454cf
crème,#ec508a
violette,#d5b24a
sarcelle,#0ed802
lavande,#06db99
cannelle,#1b9365
pervenche,#5279fd
pervenche,#ce6ca6
moutarde,#a72e61
crépuscule,#8139cf
émeraude,#c08568
lavande,#759a4a
orchidée,#a93a70
orchidée,#63f3d1
jade,#93ebae
bois de rose,#f924b8
menthe,#b3231d
mandarine,#ed1238
magenta,#507c11
rouille,#1bbf27
cuivre,#9eab84
pin,#b1a762
corail,#f569e8
forêt,#a54aa7
mandarine,#d5c59b
platine,#20c534
sarcelle,#a75312
moutarde,#d9ef89
topaze,#3be769
ivoire,#f4393a
fuchsia,#95d4aa
lavande,#13f57a
menthe,#c2b439
carmin,#f4f218
pervenche,#8ace7d
jade,#740af2
saumon,#0e0afd
émeraude,#b60459
céruléen,#ec5acf
mandarine,#64c2ce
saumon,#10367c
sarcelle,#ce3e1a
pervenche,#f9eabb
pin,#cfa930
moutarde,#fdc41f
orchidée,#9f138b
turquoise,#806e50
marine,#ce9113
rubis,#83ab42
rose pâle,#a12558
ivoire,#dd4f33
rouille,#329936
citron,#d30289
corail,#2cff2b
orchidée,#a53003
crépuscule,#9865e6
violette,#02af43
ambre,#25d7dc
sarcelle,#9d46a1
écarlate,#4ebebf
écarlate,#6f5a85
ivoire,#fec2f3
écarlate,#e0cad6
menthe,#46b3e5
acajou,#d073d8
citron,#24151b
ivoire,#0e15ba
jade,#03971e
bordeaux,#87d5e1
rouille,#ff1ebb
ardoise,#97b9db
ardoise,#9cc36b
carmin,#98ff44
sépia,#6c8c03
bronze,#751bb3
mandarine,#8da4aa
platine,#e950f5
écarlate,#ac1b9d
fuchsia,#3b18b4
marine,#2b26de
crème,#b1f212
orchidée,#3387dd
bordeaux,#d02622
orchidée,#deefe7
turquoise,#479fe7
écarlate,#fa52fd
moutarde,#7d78d5
cobalt,#a35998
corail,#621462
orchidée,#af264c
crème,#c67ffc
topaze,#5d3238
marine,#84ef69
charbon,#7c97c1
cannelle,#1b80c7
cobalt,#48fd54
citron,#d1f3cb
émeraude,#a52fef
charbon,#0aa8d0
olive,#04f366
violette,#fc1618
mandarine,#b31494
bois de rose,#603e21
saumon,#6cec2d
rouille,#85717a
sarcelle,#d1dd8b
bordeaux,#8b80b6
carmin,#58a98c
carmin,#b47b1e
platine,#b4157e
rubis,#af3648
sarcelle,#bf6c9d
écarlate,#75c5c9
forêt,#8834a3
ambre,#225aa9
obsidienne,#c1baf0
lavande,#7e69d6
pêche,#15d5d9
topaze,#3f3478
lavande,#0cb0ab
corail,#f1c28f
crème,#4e7ba5
crème,#923921
émeraude,#21286a
menthe,#f6cfd6
orchidée,#cda7b4
violette,#5811a2
orchidée,#86d53b
ivoire,#6b4039
acajou,#07e2ad
émeraude,#d16140
citron,#18ec23
cannelle,#6ccd51
émeraude,#ee3aa8
moutarde,#705b82
carmin,#856935
rose pâle,#d91cfa
menthe,#821a07
cannelle,#d874da
magenta,#7d14a0
topaze,#9051e3
pin,#60bc6d
lavande,#536e2d
magenta,#ae7233
pin,#cae60c
menthe,#a38381
cobalt,#e11485
céruléen,#0b9c58
sépia,#48f72a
émeraude,#6c1faa
menthe,#a233bb
lavande,#1f1b63
corail,#fa5514
topaze,#0a9691
sépia,#99be8a
forêt,#6fc421
turquoise,#1ec4ea
rose pâle,#c26a6c
corail,#55609c
obsidienne,#2ff1f6
ardoise,#87f7d7
rouille,#8f3a9b
jade,#8c3d2c
céruléen,#268988
olive,#dd0884
céruléen,#aebb66
cuivre,#8ebe44
écarlate,#6b6d6d
ivoire,#08a373
obsidienne,#31c46d
azur,#7f93fc
azur,#bde611
sable,#25094b
cuivre,#94e132
lavande,#aba346
baie,#06e1c1
menthe,#2d2a0c
menthe,#656c87
baie,#95f4c9
doré,#6a990a
doré,#77051c
pin,#f83248
fuchsia,#8e4369
crème,#18aeec
forêt,#0bd17f
cannelle,#daa57a
crème,#4ed2d9
rose pâle,#1fd774
violette,#919f4a
topaze,#fac43e
fuchsia,#e2eb18
ivoire,#4cc28b
sable,#4f7be3
orchidée,#8efc31
crépuscule,#714def
pêche,#70e57b
sépia,#b24428
platine,#f78fdf
topaze,#c0bb33
rouille,#afa295
rose pâle,#b6fdd3
moutarde,#b38781
violette,#3cf375
menthe,#dda525
violette,#752530
obsidienne,#72a3b4
fuchsia,#88bf06
orchidée,#ec75e4
violette,#25dade
cobalt,#57554d
forêt,#aa9471
lavande,#172661
crépuscule,#947ef0
pervenche,#355a06
lavande,#1ace81
pin,#be26a0
crème,#36e598
lavande,#d3a10d
ardoise,#b76b22
bordeaux,#ed4a59
marine,#aaf42e
pervenche,#83086a
magenta,#68fe8b
saumon,#c15493
magenta,#178917
sable,#4d7518
bois de rose,#cf9ab9
violette,#f37a5e
citron,#f1865c
rose pâle,#1eb004
cobalt,#f83ddb
moutarde,#901218
indigo,#a809c6
sépia,#d93b5c
jade,#5075c8
bois de rose,#c98317
céruléen,#7546b2
cannelle,#7f46b7
olive,#a1317c
olive,#124098
charbon,#c023f4
charbon,#a11a29
crépuscule,#b97562
fuchsia,#83a127
forêt,#083dec
menthe,#2dfa95
ivoire,#12700e
sarcelle,#7f60de
moutarde,#d5b1a0
ivoire,#aba925
rose pâle,#517e99
sépia,#352ecc
ardoise,#e4361d
corail,#9712c7
acajou,#3b83f5
émeraude,#9d599f
sarcelle,#1fcfc7
bois de rose,#5e3c7b
mandarine,#ac5266
céruléen,#65d09e
bronze,#1e48f0
moutarde,#cd3bb9
cobalt,#4a222e
mandarine,#2c920c
crème,#e43255
ivoire,#1b68a7
crépuscule,#81b0d7
corail,#84288f
turquoise,#bc2a68
sarcelle,#1a6bbd
cobalt,#8e001d
crème,#10351f
jade,#f2b6b7
platine,#db2abf
jade,#0e5641
turquoise,#bbf204
cannelle,#1bfa22
pin,#0c5aec
émeraude,#510bb9
magenta,#d9e245
bronze,#e48394
topaze,#ebdfc6
lavande,#9b6abe
sable,#6b1613
sarcelle,#84fee3
mandarine,#46f8b9
rouille,#736f0e
cuivre,#40212d
cuivre,#750f93
crème,#abf84d
forêt,#fcdb71
lavande,#4da43d
citron,#60b2b6
mandarine,#5296b2
obsidienne,#9aeca4
carmin,#589518
topaze,#ef16c9
ambre,#eaa750
pin,#7cb9c2
turquoise,#63f827
carmin,#9530a9
forêt,#6a7455
azur,#f3f996
rose pâle,#359739
cobalt,#90321d
céruléen,#1e5740
pervenche,#8d7c53
violette,#612970
azur,#91e26d
pêche,#94c7af
écarlate,#db35d3
écarlate,#3769d2
cobalt,#a3ee12
rouille,#3a8394
mandarine,#e34d18
doré,#23e986
saphir,#9132c0
bois de rose,#f338be
pin,#ddb847
turquoise,#6373fd
sépia,#9196ab
émeraude,#f91ccb
crème,#2afb4c
moutarde,#614f23
fuchsia,#7f87c1
crème,#05998e
rubis,#357b54
bronze,#62702b
moutarde,#196262
ambre,#d189c9
pêche,#a161c3
bronze,#fc09c6
acajou,#97cd35
marine,#973cce
cuivre,#525270
écarlate,#01913f
ardoise,#03c6b9
émeraude,#763787
charbon,#4b6bf8
bordeaux,#fb61db
acajou,#4253b2
cannelle,#9fa324
forêt,#b35bb7
citron,#157e6d
ambre,#40da21
pervenche,#607f17
rubis,#6dfa05
platine,#861ab9
corail,#340c78
saumon,#dcbaf5
doré,#7974aa
fuchsia,#8bb700
saumon,#d415c0
pin,#a2d025
menthe,#6c461a
platine,#808435
azur,#4d2c4c
bordeaux,#2574d9
jade,#256053
obsidienne,#caf778
orchidée,#6562f2
citron,#188e97
sable,#34a956
ardoise,#206990
topaze,#e8809b
bois de rose,#64f945
rubis,#3b6e66
saphir,#befc82
pêche,#be8a5d
sable,#50fac1
saumon,#68a5bc
magenta,#1ac7eb
sarcelle,#0858b5
crème,#e7e260
sarcelle,#7a89ad
citron,#754267
menthe,#bca3c4
pin,#95f191
azur,#fd10ba
rubis,#a910c8
sable,#930917
écarlate,#5c3faf
bordeaux,#2b18da
marine,#1b97df
jade,#119e81
azur,#cfd74a
saumon,#fe922e
jade,#4d28b9
violette,#8f6a48
cannelle,#5bbe0b
fuchsia,#aac448
cuivre,#4f6126
indigo,#1ece3d
doré,#6daa54
ambre,#5e388f
menthe,#162c0d
citron,#988677
baie,#24536d
forêt,#35561b
forêt,#ca3911
marine,#00c849
pervenche,#f9584c
pin,#c0505b
obsidienne,#00c6d8
topaze,#d2c4f4
ivoire,#d153f8
émeraude,#28c77f
rose pâle,#6b22c2
bois de rose,#b9b227
ambre,#5e4100
moutarde,#4e363b
cuivre,#a4f837
marine,#a4082b
topaze,#4f5f73
bronze,#d23860
bois de rose,#2f29f7
forêt,#2cd76d
rubis,#8aa955
ivoire,#c906b2
crépuscule,#ed799c
indigo,#15d34f
ivoire,#b24d20
violette,#8e4030
céruléen,#fa582a
lavande,#ee3e54
crème,#730797
sable,#631c72
saphir,#a6b37b
ardoise,#084f11
topaze,#b6fcfa
fuchsia,#0cfddf
corail,#bd450d
pêche,#5f9d18
fuchsia,#ea4cdb
magenta,#959777
topaze,#884efc
turquoise,#b33575
cuivre,#ee560f
cuivre,#f5b55f
ivoire,#f25bf7
émeraude,#2eca8f
cuivre,#125e14
bois de rose,#42e132
céruléen,#0b92b0
magenta,#2b4a25
charbon,#3ef07a
olive,#8e9360
baie,#6a87f1
obsidienne,#ff62fc
menthe,#9bcb79
rouille,#23267a
orchidée,#7f2874
ambre,#b05e6f
écarlate,#5397b5
émeraude,#c7f552
pêche,#2e599b
ardoise,#a684ba
marine,#23d1e6
menthe,#fe56d8
céruléen,#1e1b8e
fuchsia,#b9c5c9
violette,#e61097
pervenche,#e58fdd
violette,#fc458f
bois de rose,#fb144d
baie,#caf671
doré,#db4143
crème,#5096c9
sarcelle,#03f1f3
bois de rose,#fe906c
sarcelle,#6e6644
céruléen,#5063f7
baie,#efe181
écarlate,#86b8f3
baie,#e1857f
doré,#df0ce9
baie,#54b0f7
carmin,#fea024
crépuscule,#21bc7b
sépia,#895b72
orchidée,#b7b64e
écarlate,#13d795
céruléen,#d0a1b2
magenta,#ff8fe3
émeraude,#bd3214
platine,#836055
ardoise,#9bd747
orchidée,#859209
ardoise,#e1e5d0
baie,#29578f
lavande,#1c43ce
bronze,#a32baa
acajou,#eae8d3
bois de rose,#d7caf7
orchidée,#555266
rose pâle,#3a1700
pervenche,#a26575
jade,#8c5b68
sépia,#275bf9
bronze,#87c1ee
fuchsia,#0a4846
fuchsia,#d21d70
émeraude,#3e6acd
sarcelle,#5ec317
pervenche,#2bee2f
écarlate,#df1d9e
doré,#54dc3f
menthe,#7baa3a
crème,#5a63b5
lavande,#bbff94
charbon,#8af5b1
citron,#505487
cuivre,#61066b
violette,#764c7a
olive,#a8e689
cuivre,#10bd13
céruléen,#ad5bbf
saumon,#c3558d
bordeaux,#5e458a
platine,#3845ee
émeraude,#21045f
rose pâle,#f4f2d2
forêt,#f3cbf7
saphir,#42dbd3
ambre,#8114fa
bois de rose,#91e09f
rouille,#037b5d
marine,#25d433
cobalt,#0705aa
bois de rose,#bf3871
cobalt,#69595c
baie,#8e91ec
citron,#a9494a
corail,#405288
saumon,#6a035f
carmin,#2b9dde
crépuscule,#0a5122
bronze,#2f284a
cobalt,#4dfd93
orchidée,#7d61aa
crème,#330073
saumon,#1badcd
bois de rose,#848873
ardoise,#f73aee
marine,#7dd692
lavande,#20670e
carmin,#a5aa37
azur,#68f4f7
menthe,#92a698
ardoise,#07461a
obsidienne,#bf664e
sarcelle,#e81f90
émeraude,#8f1ed4
lavande,#bcec46
crépuscule,#fcb534
rouille,#a984da
citron,#1bc5ab
fuchsia,#25d712
doré,#4f3aa0
carmin,#1ff3cb
crème,#81d218
bronze,#46018d
platine,#d1c088
bois de rose,#0b36b4
cobalt,#9235bd
baie,#3a384f
rouille,#2f76bb
pêche,#12576f
baie,#7cc02c
forêt,#2f2156
ambre,#b4749d
pêche,#5e9302
indigo,#657fe6
violette,#8d30a8
rose pâle,#620c2a
pêche,#a7e86a
écarlate,#8a6800
olive,#d865f4
ambre,#7199d0
baie,#45d02f
turquoise,#d98391
ardoise,#618d9a
sépia,#af05ee
sable,#1b2995
sable,#414fcb
céruléen,#23281d
moutarde,#008ec2
ivoire,#fb4cd9
ambre,#9c5b60
olive,#afabce
ardoise,#7d7b4e
menthe,#fdc702
cobalt,#a23e01
indigo,#67f452
bordeaux,#fb0af5
céruléen,#ddd6a8
ivoire,#ae838d
crème,#03d25e
orchidée,#4dfee3
corail,#2a94b0
violette,#fc6dc3
corail,#e4d53b
jade,#260be7
forêt,#f2b8ec
azur,#22f94f
pervenche,#256ede
cobalt,#0973bd
rouille,#989b5c
platine,#6608d5
bois de rose,#d4f4cf
crème,#9972b6
crème,#8e650f
topaze,#456566
indigo,#a71645
corail,#1062b3
magenta,#f512c7
bronze,#f6dad0
pêche,#cf1f3c
carmin,#4017e6
jade,#b8773e
écarlate,#b39231
olive,#964268
carmin,#0d3773
obsidienne,#70ab47
sépia,#8eccab
saphir,#327e5b
indigo,#63049b
olive,#fc10f7
citron,#34b6bf
orchidée,#64501b
cobalt,#53a973
topaze,#293e59
saphir,#8f54e2
platine,#a816d9
mandarine,#1980bd
doré,#5040aa
cuivre,#293b85
bordeaux,#6e2636
écarlate,#655f17
cuivre,#987dbb
pin,#e7ba0c
jade,#66d1e4
fuchsia,#94f785
orchidée,#bb5c14
violette,#fdb926
orchidée,#8d6d00
sarcelle,#f37928
violette,#69a3fb
pêche,#94dc0c
pin,#e1ddbb
mandarine,#578f20
obsidienne,#15920c
carmin,#6b2f48
baie,#150065
bronze,#5b8997
forêt,#eb81e9
sarcelle,#feb350
bronze,#56b38a
forêt,#83640d
violette,#511365
ambre,#5a4c44
baie,#93fb9e
baie,#6a0cbc
obsidienne,#26681d
bois de rose,#120b74
sépia,#77eb74
platine,#c01381
doré,#e83427
bronze,#237291
jade,#d35fb5
marine,#2d965c
indigo,#e2c8ae
sarcelle,#e50307
acajou,#e0656e
menthe,#9029b2
ivoire,#c9d45c
cannelle,#3d41b6
crépuscule,#6d8963
doré,#b0e00f
sarcelle,#f14eda
mandarine,#f567e7
olive,#7a068a
pervenche,#9e76cb
marine,#7b21d2
rubis,#7bd4f0
sépia,#524ea3
baie,#add369
forêt,#aa3f04
rose pâle,#0b68ad
violette,#dfb892
menthe,#a9ff0d
olive,#dff569
turquoise,#7d6c4a
marine,#05acb1
lavande,#7a01f7
pin,#830f72
crépuscule,#baaf8a
marine,#5fc376
saphir,#35e94c
ivoire,#eafe31
ivoire,#324582
crépuscule,#2a8347
rouille,#884023
pervenche,#86cddc
sépia,#683e2e
rose pâle,#b74768
ambre,#9520c2
sépia,#5b7dbb
acajou,#34352b
crépuscule,#63f8b2
citron,#d682fb
topaze,#2e76ed
ambre,#3e8e99
saphir,#596f4d
marine,#58bd74
rubis,#f67d56
émeraude,#98cb81
jade,#da723c
rouille,#0a1511
ardoise,#3b96d4
doré,#1b69cc
sable,#706a7a
obsidienne,#df1af8
ardoise,#1c771c
turquoise,#38ee99
olive,#049e06
indigo,#901610
sépia,#ca47c1
platine,#a8e451
bronze,#999c13
menthe,#42c499
bronze,#d019ea
azur,#4e6623
pervenche,#4e2c32
bronze,#2006f8
saphir,#646212
sépia,#a5f81e
forêt,#c60e3f
crépuscule,#e84691
indigo,#fd6310
olive,#c4d36d
jade,#ee937f
charbon,#e2df57
jade,#4e7987
cannelle,#b06f4b
rubis,#8908e5
fuchsia,#f9eb15
sable,#c4d562
lavande,#e89bca
obsidienne,#5a94ca
acajou,#906ef5
rubis,#4b8d29
corail,#67c79e
marine,#bbb706
turquoise,#00f6e2
doré,#b1fe55
ambre,#f6dfab
saphir,#7b555e
pêche,#8e05fe
citron,#51e91b
corail,#f2eecb
baie,#1ab881
doré,#2a450b
sarcelle,#ccac82
rubis,#be674b
bois de rose,#42bc62
écarlate,#ff21ed
charbon,#b2bd4a
indigo,#6308ac
pin,#4bf559
mandarine,#c39f57
rose pâle,#5a2b57
céruléen,#91cc93
crème,#70e882
jade,#d9c23e
pin,#79a58d
marine,#c132b8
rouille,#551b7c
bois de rose,#893c37
turquoise,#bb0f5e
cannelle,#3bfe0c
rose pâle,#c58115
carmin,#5a830b
rose pâle,#564b03
sable,#80b330
orchidée,#ee65b6
crépuscule,#4f9ce7
cuivre,#300846
saphir,#51585b
doré,#52b6f4
cuivre,#8114fe
ardoise,#f50be6
sépia,#47a710
crépuscule,#8f9b99
cuivre,#69cf48
baie,#139e0f
marine,#0d6661
baie,#8035ce
violette,#46d263
turquoise,#648720
citron,#004d2c
charbon,#df6bd2
jade,#da8648
carmin,#bfd058
lavande,#76f35d
ivoire,#6d7293
charbon,#3ce62e
corail,#b680cd
émeraude,#4c1ed0
topaze,#4d2c02
pervenche,#165ae6
carmin,#4509c2
sarcelle,#cebcfd
mandarine,#103411
acajou,#0f32b3
bordeaux,#99b23a
pin,#44137f
ambre,#5e7c35
menthe,#a14a3a
cannelle,#b209cb
crépuscule,#6834c8
corail,#5c5f41
saumon,#449dba
acajou,#d8914b
ambre,#f9bab4
marine,#1c0cea
crème,#292117
menthe,#304f66
violette,#878203
citron,#001b40
émeraude,#286b95
olive,#9971ca
saphir,#c387f0
ivoire,#371ff5
citron,#c10754
sable,#e54521
citron,#19be90
sépia,#be87d3
cuivre,#c09b40
indigo,#04f47f
bois de rose,#e7dc3d
rose pâle,#d0986d
cuivre,#bfd38c
fuchsia,#1e0a92
azur,#6ccb60
obsidienne,#11fd9d
écarlate,#46440c
menthe,#270741
saumon,#b5f4f1
rose pâle,#349d27
écarlate,#e605bc
écarlate,#e13c81
doré,#de1953
saphir,#1b88a7
moutarde,#0b2991
fuchsia,#c136d2
crépuscule,#16ab60
bois de rose,#94294c
crème,#79d40e
magenta,#db90c1
doré,#43c588
citron,#e45a18
forêt,#e42636
sarcelle,#a6e359
cobalt,#cdaebf
bronze,#0b8a6f
topaze,#846015
sépia,#9a0cec
platine,#f46809
moutarde,#2d9e2f
menthe,#24abdb
violette,#ecc137
violette,#f9d70c
baie,#e78e91
indigo,#0c3d09
bois de rose,#085eff
menthe,#3ba968
sarcelle,#f35d48
menthe,#cf7b9a
rose pâle,#7b9cf8
indigo,#592706
orchidée,#df9642
saumon,#290ada
moutarde,#262907
ardoise,#645cc4
platine,#9b05bb
pin,#664441
olive,#c49299
sarcelle,#ba2055
cannelle,#45e0f4
céruléen,#1844f8
orchidée,#c1e3d2
baie,#8513e0
rouille,#895299
jade,#893752
charbon,#74ad8d
indigo,#a7763f
obsidienne,#2a40fc
ardoise,#bfeef1
saumon,#04d9bd
lavande,#a245de
crème,#6ac6be
mandarine,#d81383
corail,#0c1d1e
azur,#05a5e3
pin,#e44d86
pêche,#dd341f
bois de rose,#e8acfc
cobalt,#87c303
ardoise,#16af23
sépia,#104b26
pin,#5c1936
bordeaux,#501e5a
platine,#edd08e
saphir,#9617ad
saphir,#ce2423
cobalt,#b2c46f
sarcelle,#52306a
marine,#3a2038
rouille,#9bf0bd
céruléen,#f98608
olive,#e8281f
sépia,#4b0495
fuchsia,#ab31b7
obsidienne,#eaf98a
émeraude,#68c449
écarlate,#20f29c
pin,#7175c2
mandarine,#9eaab6
pin,#921a87
carmin,#57f940
écarlate,#72161f
bordeaux,#2e4d03
corail,#dbd928
émeraude,#74bd09
lavande,#349466
turquoise,#1d5713
cobalt,#741044
azur,#a65595
cannelle,#ea48fa
menthe,#a44f82
carmin,#cfff95
cobalt,#74d970
saphir,#e248a5
ardoise,#6f1621
carmin,#fffae1
azur,#f1b2f1
cuivre,#e38c80
ardoise,#56df0e
baie,#22477a
cannelle,#562e9f
azur,#681a5d
rouille,#fb153a
turquoise,#73bc9a
saumon,#32e64f
olive,#96a680
émeraude,#508459
lavande,#8eb469
ardoise,#128ec7
platine,#fc0de3
acajou,#fb7ef9
crépuscule,#06d228
violette,#cbc917
ivoire,#068b1c
rouille,#9c713b
crépuscule,#95e8ac
indigo,#5d3621
pervenche,#4f8e2d
cannelle,#5f3b86
marine,#08f87d
lavande,#848999
rose pâle,#314582
saumon,#ac97a1
ivoire,#bf7af3
carmin,#094f7c
sarcelle,#939d2e
cobalt,#30c5f1
émeraude,#020e43
corail,#4964c6
acajou,#c0d9e0
cuivre,#b82b72
topaze,#5fe1ba
carmin,#10cbff
écarlate,#438fbc
sépia,#edafde
acajou,#55a0a2
acajou,#5615f2
fuchsia,#bb1975
crépuscule,#a3e2c6
forêt,#c709bc
jade,#a3523b
pin,#841897
indigo,#4c19c9
saumon,#3a314b
cuivre,#ed108f
mandarine,#774ec3
citron,#7c28fe
azur,#87231c
pin,#cb0dc4
topaze,#541100
ivoire,#6b273c
platine,#ba011a
magenta,#e5880c
émeraude,#4fd4e8
écarlate,#c049da
écarlate,#242a32
céruléen,#220bf5
jade,#9533b5
fuchsia,#ccd423
baie,#21edd0
cuivre,#87527e
ambre,#0b261f
doré,#7462ab
crépuscule,#849bca
ivoire,#79a707
sépia,#8e72a1
moutarde,#3abab8
citron,#1e9f3a
citron,#f0b320
bois de rose,#18269a
sable,#ec651d
violette,#642d0d
indigo,#7b4ba3
fuchsia,#36d5df
cuivre,#5a47dc
pin,#40cff8
cannelle,#d359dd
turquoise,#8923e4
platine,#23d243
acajou,#a0cd84
sable,#a7e239
pêche,#d84288
écarlate,#232d5e
pin,#f3de3a
azur,#5fd69e
orchidée,#2484f3
doré,#0e6690
doré,#f6e797
céruléen,#497b18
rose pâle,#386971
menthe,#36dfd2
jade,#083a11
saphir,#d25eca
orchidée,#a727ca
sépia,#e05dbd
pin,#51daf4
indigo,#426f61
indigo,#be9222
cuivre,#31ab56
sable,#7a247b
obsidienne,#297baf
mandarine,#7a1f1f
cuivre,#721edc
pervenche,#2af8a7
sarcelle,#11317e
bordeaux,#32c807
bronze,#18ff69
charbon,#96dbdb
doré,#f135cb
mandarine,#72097d
ivoire,#eb92a4
mandarine,#089c8c
citron,#a575c9
cobalt,#e354a3
platine,#f2d8b6
corail,#0f7ba7
moutarde,#77e9c2
platine,#9a74b5
menthe,#4cedb5
bois de rose,#070e39
menthe,#a2e4b3
violette,#32dadb
platine,#20fb07
émeraude,#cf359d
corail,#abd291
platine,#5898ac
céruléen,#059dec
cuivre,#d8786a
carmin,#2f75ed
azur,#d0bf1b
mandarine,#32107c
forêt,#8c2fcb
moutarde,#bbc1c9
corail,#32ac7b
marine,#4966d7
émeraude,#a4c11f
turquoise,#7cd89d
azur,#a9f111
pêche,#02ae9b
saphir,#0c092e
rubis,#4a9ae8
émeraude,#8fea84
pervenche,#678494
saphir,#d0b48f
sable,#d9dbd4
citron,#bc706e
jade,#039ea0
céruléen,#a41452
bronze,#93764a
ambre,#28e829
charbon,#5bf74e
corail,#c61873
citron,#035d40
rubis,#795301
saumon,#cb573e
moutarde,#d16872
saphir,#4b6ced
crème,#5f98ea
cobalt,#eb80c2
moutarde,#a33479
lavande,#caa589
platine,#5679fe
rubis,#016807
violette,#2ca5b1
crépuscule,#c0d020
sépia,#1a6bd1
crème,#4d40d5
crème,#dca7fa
bronze,#d98bd3
azur,#b642e4
bois de rose,#b87062
sarcelle,#d2f3b8
indigo,#b90aed
corail,#d8f8ac
cuivre,#a74086
sarcelle,#479440
rouille,#760779
fuchsia,#644502
rouille,#e70eec
saphir,#5ecc16
rubis,#130d63
pin,#0b7ba6
corail,#ec7ffc
citron,#0cd8e0
charbon,#96a059
saphir,#344a98
saumon,#376afa
cobalt,#318d0d
cobalt,#82ea30
marine,#edfd9f
forêt,#f3da68
cobalt,#5ee466
turquoise,#2757fb
ivoire,#890198
obsidienne,#895d8f
forêt,#d4ce0f
magenta,#b3ff4a
obsidienne,#6ea6c7
bordeaux,#e70275
citron,#f016fe
mandarine,#f9b0ca
bronze,#8d258c
rubis,#24a102
olive,#0d30a9
ardoise,#f6f70a
azur,#c13d80
azur,#eed37c
bronze,#659d7d
saphir,#24302c
marine,#e6fea3
bronze,#6f2cce
olive,#073192
lavande,#43b460
jade,#5df0c5
platine,#a8736a
pin,#fa0267
jade,#7886af
bordeaux,#273043
écarlate,#5c4cec
turquoise,#ee9f9b
pin,#fd6e09
platine,#ea61fb
carmin,#425f89
bordeaux,#608f26
sépia,#488c8a
ivoire,#75b618
forêt,#30a969
pin,#113177
violette,#057598
sable,#33da07
cobalt,#c5951e
olive,#7bf8a6
rubis,#03ad0f
citron,#1f5dcb
ardoise,#014efd
platine,#111908
corail,#0b609c
bordeaux,#6511ce
émeraude,#0c53b5
crème,#bb7259
ardoise,#848c87
écarlate,#9ad35a
platine,#8c1f60
jade,#4993de
crème,#b1ecbc
carmin,#9510e2
céruléen,#83005b
menthe,#6f0ca8
bordeaux,#0fd857
sépia,#4e0f93
azur,#85a5ca
obsidienne,#2b4d14
écarlate,#bc0295
crème,#8cab29
carmin,#d7ff98
olive,#aa2880
obsidienne,#d42290
rouille,#aed49c
crème,#f8eb8c
baie,#fe253c
céruléen,#00e840
rose pâle,#059784
sarcelle,#0aaf08
cannelle,#1fe5a6
écarlate,#4ee75b
crème,#754b97
saumon,#56527b
ivoire,#8f07d2
rubis,#fb4d03
carmin,#2f38d1
bronze,#021f9a
ivoire,#c0a676
pervenche,#3b85e4
cannelle,#78c2f7
émeraude,#b4a8a3
orchidée,#a6b9b2
rose pâle,#36b3ed
orchidée,#16f30e
ivoire,#fe936c
bois de rose,#23cab5
saphir,#be4bb2
saphir,#bd6c97
cannelle,#3edfec
baie,#bb7eaf
sable,#764cbf
forêt,#8dbd09
rouille,#dbcde9
sable,#329fec
magenta,#e43f17
sépia,#b0c566
forêt,#74af1b
bordeaux,#1cffbc
sarcelle,#3a2d3a
citron,#9a7721
moutarde,#a7b14a
crème,#46759b
magenta,#413628
bois de rose,#1666b9
pêche,#7cedc6
cobalt,#0c9b21
magenta,#4e8c81
sable,#b13c2b
doré,#736f0c
azur,#3ae8e7
sépia,#4264ea
orchidée,#433682
sable,#2754be
jade,#8d96cc
sépia,#28b2d1
ambre,#119ed8
bronze,#faa3f9
bois de rose,#771c0f
turquoise,#159697
topaze,#1895a3
pêche,#2f4c7f
écarlate,#f7071a
écarlate,#ddc404
rose pâle,#c2fb6e
topaze,#22837f
azur,#026f38
émeraude,#f91262
cuivre,#1a6fd1
bois de rose,#9aac1f
lavande,#58a78e
cuivre,#bed677
bronze,#b89ec7
cannelle,#da9664
cannelle,#879ca5
citron,#05d73f
sépia,#9349ee
platine,#bd0283
céruléen,#f11641
magenta,#48b64c
topaze,#4be26e
fuchsia,#0dda84
topaze,#06b5da
obsidienne,#a0e78e
menthe,#ec5aa7
bronze,#2894fa
turquoise,#e33726
saphir,#93bcc5
crépuscule,#14805e
platine,#aca4c5
azur,#f6a885
rubis,#6d0299
turquoise,#495bbe
charbon,#bd70b1
rouille,#889f4e
bronze,#929cb1
marine,#8336c1
pin,#f641fb
émeraude,#1423ed
turquoise,#ea6ad8
ivoire,#027f1b
citron,#61f185
acajou,#36c351
citron,#0f9637
corail,#ae58b9
sable,#9cae7c
émeraude,#8f5086
pin,#8dae91
bronze,#60d052
ivoire,#d3f4c8
sépia,#4ad113
carmin,#d95f21
bois de rose,#ad3518
moutarde,#9a44a2
crépuscule,#607344
cuivre,#60894b
olive,#3d61d7
sarcelle,#3732b4
ivoire,#9c42a7
charbon,#2d3e7e
corail,#3e919e
rouille,#c9e575
sépia,#68a879
saumon,#7c7b38
baie,#67f0cc
bois de rose,#cff79a
corail,#730d8c
marine,#4fa431
rose pâle,#228de1
topaze,#248bbe
émeraude,#002060
crépuscule,#0f2136
acajou,#f9457c
cuivre,#94a418
rubis,#7ed422
rouille,#4cc153
turquoise,#aef472
ardoise,#98ed50
platine,#c5530a
cannelle,#f1371e
baie,#39a279
violette,#3c38da
platine,#dc6961
topaze,#f3cbea
ardoise,#4632ae
fuchsia,#8151a8
crème,#7e18bf
pêche,#e1d708
olive,#a5af0e
doré,#388106
moutarde,#76a3c2
magenta,#f5997f
platine,#d2298f
sarcelle,#962372
turquoise,#b14fac
topaze,#07bf5d
acajou,#c7d0fa
menthe,#0c8f44
fuchsia,#208e3e
bois de rose,#6d6d89
lavande,#d6fecb
cuivre,#e71708
marine,#fd4206
sarcelle,#5f6f24
pin,#8b21b3
céruléen,#b95db7
menthe,#7fd190
cannelle,#1bf00e
olive,#c473fa
pervenche,#b5e6d3
carmin,#553f9d
saumon,#6647ea
ivoire,#cb6788
orchidée,#1337cd
sarcelle,#de1304
rouille,#432c56
carmin,#9bab6b
pervenche,#7f2a72
ivoire,#0e58f1
carmin,#3f7c46
charbon,#65ad32
rouille,#dc3000
crépuscule,#64bd4a
bordeaux,#49f8b0
écarlate,#efc072
jade,#0c67b9
acajou,#287ecd
sable,#4f558e
rouille,#6ce18c
ivoire,#294445
bordeaux,#bb5653
crépuscule,#d2a508
ardoise,#ce4f86
indigo,#69f23c
émeraude,#ac0561
moutarde,#aa05cf
indigo,#aa6800
baie,#c04423
rouille,#3e8c0a
platine,#6ffe64
ardoise,#e1622d
pin,#cf1bf4
violette,#ce62b1
pin,#ab8c1e
charbon,#431f0b
sépia,#81bdf7
doré,#7ed8b9
bronze,#e13d27
bordeaux,#4027d3
sable,#e74a0b
citron,#1355a3
forêt,#2fc3a2
acajou,#6985c0
ardoise,#1c848a
céruléen,#823bd4
crépuscule,#c42649
rose pâle,#7df4cb
olive,#f56f35
cannelle,#6c9aa0
forêt,#365798
cuivre,#5f92e8
moutarde,#b2f4ae
pêche,#fe3ee8
mandarine,#d96fa1
ardoise,#be70d4
platine,#132840
sépia,#770ba1
pin,#56e334
doré,#aa70a9
saumon,#492706
sable,#fb39fb
sarcelle,#5068eb
lavande,#57869a
turquoise,#5495fe
turquoise,#0e7209
pin,#bb529a
bois de rose,#35ebae
rouille,#d1f5e8
violette,#8cedfc
violette,#23ef55
obsidienne,#ec8303
crépuscule,#3dd5f8
rose pâle,#962851
marine,#f8450d
sépia,#46d01a
obsidienne,#57f960
magenta,#26a506
menthe,#eb7c4a
acajou,#649ef9
rose pâle,#85d1b5
azur,#3b8892
écarlate,#df8e07
topaze,#882dbc
crépuscule,#f18c47
bronze,#bc9258
saumon,#7917e7
céruléen,#240e04
cuivre,#f2aa25
marine,#0f0158
cannelle,#2d8192
rose pâle,#26c36b
rose pâle,#9426e3
écarlate,#2ac547
sable,#a4f5f5
bordeaux,#764c19
marine,#c9463f
rose pâle,#b28dfa
ivoire,#0eaa24
ardoise,#ac88da
citron,#8ba7e1
mandarine,#248c65
rose pâle,#8918ba
ivoire,#836adb
cuivre,#189d3a
cuivre,#6f32b1
rubis,#5414fe
topaze,#f20957
obsidienne,#b5e244
carmin,#7b5f4d
sépia,#f55734
forêt,#e354a7
platine,#277206
azur,#c67e26
ivoire,#34bf65
rouille,#55dc55
crépuscule,#429f0e
fuchsia,#dd054d
bronze,#50166e
violette,#9ebe61
bois de rose,#545294
topaze,#3aa992
cobalt,#ba86ca
pervenche,#dd0edf
jade,#25e33e
saphir,#a4a7d2
crépuscule,#1fe928
indigo,#1e6238
pin,#1f92f8
écarlate,#f2efa7
bordeaux,#671a63
menthe,#a29616
fuchsia,#15c6dc
écarlate,#3840ab
charbon,#0d3407
olive,#f04d34
corail,#8bed46
charbon,#a4e405
forêt,#46a31f
olive,#fe61ae
cobalt,#2d3332
pin,#5561da
crème,#60e7fa
moutarde,#e991cb
crépuscule,#c13ee8
baie,#21cc27
ambre,#840a79
ardoise,#2bb88d
mandarine,#ba8732
topaze,#3c1633
charbon,#a27998
platine,#ea2c2a
topaze,#77f9d0
corail,#036f70
topaze,#e4b1bb
cobalt,#f12ba7
mandarine,#941bb1
bordeaux,#13c0bf
platine,#400772
platine,#ad6858
marine,#46d9be
carmin,#93f249
moutarde,#7a9e6c
azur,#e4806b
pin,#e2d088
ardoise,#e20b5c
turquoise,#4b21f5
rouille,#1da9db
mandarine,#a216fc
bois de rose,#e8e4fd
cannelle,#804fee
rose pâle,#6f5f4d
sépia,#30b262
jade,#6908ec
sarcelle,#fc4b8a
pêche,#4ba87b
bois de rose,#9bf0cd
azur,#3487be
ardoise,#c38c95
cannelle,#6ce47c
cobalt,#0a6f7f
ivoire,#aa72e2
baie,#d48dcd
sarcelle,#9cabf7
écarlate,#329d47
bronze,#07db22
émeraude,#0ae67e
ivoire,#8103ee
sarcelle,#b19322
menthe,#9d2e01
obsidienne,#fb3a83
pervenche,#e7ac83
cobalt,#a6dc84
indigo,#f13810
jade,#ea936d
cannelle,#c24b20
carmin,#314133
cobalt,#fc2b16
magenta,#5296d3
charbon,#7be28d
saphir,#1c0d58
indigo,#7a2d5a
menthe,#4f6fdb
rose pâle,#386318
marine,#013109
indigo,#661dab
saphir,#db2e81
jade,#d9c799
saphir,#b1e0a9
platine,#cac019
charbon,#66c8b6
doré,#edae6c
corail,#9da996
saphir,#e5befe
obsidienne,#24e550
violette,#fe4404
cuivre,#396095
crème,#9ca4e4
pin,#bab30c
topaze,#19af3e
sarcelle,#7f4630
pin,#a41b38
turquoise,#e01270
émeraude,#21b1cb
lavande,#a05d6f
sépia,#e7a275
rouille,#58f689
bordeaux,#9ed490
ivoire,#83dce1
ambre,#a9fdd7
fuchsia,#6f6a40
bordeaux,#6f774b
corail,#fe7a00
rose pâle,#e0cedc
ivoire,#66e5ef
moutarde,#fad20e
doré,#f9fc61
carmin,#994b31
crépuscule,#d24ede
rouille,#f64970
pin,#c9048d
cannelle,#72794b
lavande,#52dc38
orchidée,#287e92
cuivre,#1b1eca
carmin,#21fc94
bronze,#e14e5a
mandarine,#9b12cb
olive,#c8f8e9
platine,#9f6e23
cuivre,#9659fb
corail,#9263f3
céruléen,#cc9f82
marine,#0e08ae
sépia,#0105ec
magenta,#ee7dde
saphir,#e32d29
magenta,#249d67
sépia,#f47ea2
forêt,#cec71f
bronze,#edd0d5
acajou,#9b0be9
rubis,#e1760d
platine,#8bf574
bronze,#d42660
orchidée,#fc9805
rubis,#b9d885
platine,#01e1a2
ambre,#e932c7
bois de rose,#ebfc9f
rouille,#d78a2e
platine,#af6b8c
menthe,#005106
indigo,#bf25ff
citron,#f9a7cc
rouille,#b310e5
rose pâle,#5d292b
émeraude,#3dfe35
sable,#83aac8
sarcelle,#20d292
forêt,#8529b4
cobalt,#904531
pêche,#167be5
sépia,#c080b5
rubis,#9cc735
mandarine,#4102df
pin,#301aee
baie,#c0a56b
orchidée,#78d9f6
bois de rose,#3b3149
saphir,#c7095e
citron,#c034a5
cannelle,#111286
orchidée,#164008
rouille,#888d64
ivoire,#6611bf
magenta,#5dc4b1
pin,#f296b2
rouille,#7dea70
jade,#a7de6b
cobalt,#f024da
saphir,#4b3261
cuivre,#0e813e
lavande,#081034
saumon,#35740e
crépuscule,#7b9c37
rubis,#1b4932
lavande,#3050f5
écarlate,#e62efb
bronze,#2882af
cuivre,#07ef11
moutarde,#c0b57d
rouille,#0cf5ba
sarcelle,#e834ec
émeraude,#f1d213
violette,#5e8d5b
sarcelle,#c2a2e2
émeraude,#154a64
baie,#066202
rouille,#54151c
sépia,#700c39
pin,#a769ef
violette,#ad1d0d
émeraude,#8da781
charbon,#2e6250
marine,#a6316a
topaze,#54697a
rouille,#226786
pêche,#3b18fc
mandarine,#fa7605
cobalt,#3afc03
violette,#5a0b61
bordeaux,#122d48
rubis,#c528fe
azur,#bd8638
topaze,#68c1b0
bois de rose,#ff7fbc
sable,#031f67
ardoise,#fab097
indigo,#530677
sépia,#c5ed02
bronze,#756ac7
ivoire,#dbbcd1
carmin,#f143d8
citron,#0a2150
orchidée,#b954f0
turquoise,#560fd2
émeraude,#880296
corail,#5ee94d
mandarine,#b031c9
platine,#a63e4b
ivoire,#15c831
pervenche,#86f74b
bois de rose,#77e538
rubis,#dd76b4
pervenche,#f24fe3
lavande,#6a599b
écarlate,#67879d
cuivre,#88a6e3
magenta,#66cf38
bronze,#c8c326
violette,#69eebf
écarlate,#116a7b
carmin,#ce3b69
baie,#5c3557
turquoise,#93d209
rouille,#9f93ff
rubis,#310163
fuchsia,#92ad7f
orchidée,#a96ded
lavande,#ab085f
marine,#ce31ba
sépia,#d9572d
doré,#1c43a4
céruléen,#7a8535
lavande,#6b6a16
olive,#dd99a5
bois de rose,#2bad82
cobalt,#a16d64
carmin,#1097c5
lavande,#7fa088
jade,#6c4584
obsidienne,#b1fd54
cannelle,#15d931
jade,#ebb14b
jade,#52f302
forêt,#a1e7dc
corail,#1d0c25
marine,#6332dc
ambre,#68f5dc
sarcelle,#183c72
forêt,#7709c0
violette,#7c98d3
baie,#2a59cb
sépia,#04dd2e
pervenche,#cae94a
doré,#b1f971
forêt,#bde952
céruléen,#61b7d5
saumon,#681899
lavande,#408356
bordeaux,#0a2319
forêt,#b7129d
obsidienne,#3c31b3
crème,#86bdd8
crème,#4849d3
charbon,#c52c71
mandarine,#69d347
corail,#8147b0
saumon,#af49fb
violette,#796664
menthe,#21adc0
acajou,#83a0c1
bordeaux,#fe525f
citron,#98b11c
marine,#c2dda2
ardoise,#43a1b2
sarcelle,#b5f5a8
saumon,#7be7a6
carmin,#9cc324
émeraude,#0b9866
pervenche,#a59b55
bronze,#e59d75
marine,#587e0f
bordeaux,#2e18ba
bois de rose,#265228
menthe,#b7f1df
baie,#0cedaf
turquoise,#dc729e
carmin,#a3be45
sable,#643650
rouille,#965258
saumon,#b41bb3
olive,#6fd1e0
rubis,#d28a53
violette,#3b806e
obsidienne,#4195d5
rose pâle,#7d655e
corail,#dfc347
cuivre,#652061
cobalt,#b9de0c
menthe,#be0ca2
céruléen,#845277
ardoise,#90c6c9
lavande,#33eb76
ardoise,#a3fac5
forêt,#fe100a
corail,#5b74f7
ambre,#b7c6ff
magenta,#7782e3
turquoise,#bbd1e1
azur,#fa96fe
marine,#d6ad66
doré,#8568f4
magenta,#a2fd7f
rose pâle,#944e98
crème,#beabde
cuivre,#00bb2e
rose pâle,#48a13b
mandarine,#e16628
rose pâle,#c2424c
sarcelle,#4eacf6
obsidienne,#fdb5fe
violette,#edb98d
pêche,#cd043e
ivoire,#1199b9
saphir,#529dd0
fuchsia,#4cd1e3
émeraude,#7f6969
acajou,#bfb501
mandarine,#fbaf06
ardoise,#f4e641
mandarine,#cc7b11
topaze,#03a1b3
pervenche,#6ca2ca
lavande,#8502c3
cuivre,#d1dd0f
pêche,#fef2b4
sépia,#bcddc2
obsidienne,#99e10e
violette,#1d88d8
corail,#eb5d16
magenta,#cddae4
cuivre,#787ff3
acajou,#87f5de
cannelle,#e7e43d
turquoise,#10a5bd
saumon,#a54cbe
carmin,#82a5eb
fuchsia,#f571b9
pêche,#fc2151
turquoise,#bed492
bois de rose,#cf0584
turquoise,#21d1fa
émeraude,#ca6582
pervenche,#b127b8
charbon,#e8d091
lavande,#765aae
pin,#8cdd07
cobalt,#503ea1
orchidée,#8ca987
azur,#9d67c1
fuchsia,#bf3f02
pêche,#957b1c
forêt,#a4c240
écarlate,#b72b0e
cannelle,#6ec3e7
sarcelle,#749a1c
azur,#2c4c5d
obsidienne,#a9d090
pin,#5b28da
sépia,#b20f75
orchidée,#027ece
citron,#31575f
ambre,#3147ac
fuchsia,#9259c6
jade,#a18d2c
platine,#962ef9
crépuscule,#c2260e
bordeaux,#ed1823
saumon,#12edb0
indigo,#6f3c3c
citron,#99cb07
moutarde,#d6c75e
crème,#118036
orchidée,#e80a82
citron,#7dc320
rose pâle,#e2a786
carmin,#e6b35d
indigo,#35551b
citron,#0c1ab6
sépia,#c07e4f
jade,#0e6af8
platine,#698171
carmin,#fdc125
rubis,#692ae9
sarcelle,#018eb0
rose pâle,#839b37
azur,#577638
forêt,#27232e
crépuscule,#cba6ff
bois de rose,#7e1723
corail,#dc8a39
rubis,#4d4022
ivoire,#c3348c
baie,#930f27
fuchsia,#3e2da8
citron,#dbca4f
bordeaux,#69809e
pervenche,#7706e9
violette,#c912a2
forêt,#7083c1
topaze,#e1bdd3
bordeaux,#1ba0f7
rouille,#325f14
rubis,#5cb1fd
rubis,#5f5dbb
carmin,#2c78a4
magenta,#614af2
azur,#4348b8
céruléen,#af1060
crépuscule,#fb06e4
sarcelle,#e770c6
forêt,#63b623
charbon,#28aa18
menthe,#fde505
charbon,#c1e020
pêche,#65ca31
topaze,#d5216f
platine,#f2c454
crème,#3a1ec9
baie,#abb659
acajou,#777ed8
bordeaux,#314871
platine,#9c0f79
ardoise,#75c024
magenta,#19d0d4
crème,#faa865
carmin,#12ec2a
cannelle,#c260a5
crème,#d65295
cannelle,#02fb2e
violette,#f492a8
menthe,#26ecde
sépia,#0a35cf
rubis,#57008f
obsidienne,#fbbf02
doré,#9d9b4e
azur,#a3be51
marine,#53ceab
sépia,#fb97da
azur,#fd4c5c
turquoise,#93531f
charbon,#47b96c
jade,#7b82fc
menthe,#7551af
crème,#e96d56
bordeaux,#1cb425
forêt,#f79754
baie,#79ccba
moutarde,#66741a
sarcelle,#0d9293
ambre,#3a0541
ardoise,#d38850
ivoire,#4aed9b
marine,#ae55ce
platine,#e538c0
menthe,#b0cdc2
indigo,#1707e8
magenta,#020dd3
turquoise,#85b9b3
platine,#1dee5d
turquoise,#e97322
ambre,#7c5ae2
bois de rose,#857036
obsidienne,#66a48d
pervenche,#703fd8
lavande,#117ca1
bois de rose,#2663f5
pêche,#7fc041
cannelle,#02f065
indigo,#35514c
pervenche,#5a6019
bronze,#d9714d
saphir,#176cd7
topaze,#7f34a2
pin,#1de9b7
pin,#a82537
saphir,#56d3c5
céruléen,#5bc70d
turquoise,#c5fc41
rouille,#74447d
rose pâle,#f604c4
rose pâle,#a8423e
moutarde,#f26291
moutarde,#ac4d97
marine,#0bbeea
carmin,#fd9df5
acajou,#d6e19c
olive,#5f2cb6
sépia,#198307
mandarine,#f8fabe
carmin,#330ef8
lavande,#73d18b
baie,#f059c5
violette,#5d836c
rose pâle,#00f963
rubis,#5f9e51
céruléen,#d93a3c
ivoire,#587db2
pêche,#df26b3
lavande,#10a042
rubis,#fe0042
lavande,#c98911
marine,#f87086
carmin,#6ed518
ivoire,#ac7d50
azur,#64760f
platine,#aa32f2
fuchsia,#a122ea
sable,#8288ec
saphir,#cbd978
mandarine,#1a737a
lavande,#5074ed
fuchsia,#5d2752
cannelle,#899bd0
menthe,#fa4ae1
mandarine,#858d7b
carmin,#5d6570
corail,#00f040
ivoire,#2dc364
rose pâle,#b72c00
bordeaux,#f196b4
bois de rose,#b8ac72
bois de rose,#e58b0f
azur,#d06063
fuchsia,#f63a8a
crème,#cc3557
crépuscule,#d11597
céruléen,#262348
jade,#d31e35
baie,#f2ef8b
baie,#ad981f
sable,#704a4b
moutarde,#a22038
azur,#f89e5a
magenta,#35d1dd
menthe,#258530
citron,#d2acdf
fuchsia,#8a3ff7
cannelle,#361e2b
émeraude,#b17b7a
céruléen,#50dfb3
pêche,#083562
fuchsia,#ceb21c
céruléen,#c44ecb
saphir,#e1af1b
turquoise,#d95453
cuivre,#f4ea78
orchidée,#a2bab2
crème,#4df670
écarlate,#2116e5
forêt,#4c3b77
rubis,#6d4986
olive,#c8f97f
bronze,#01433c
doré,#dcb4b6
baie,#2f2e92
crème,#cbc253
sépia,#9c3975
crépuscule,#fc4b37
rubis,#00f0d7
acajou,#704be7
pin,#14d840
cobalt,#a7df20
citron,#de5c63
violette,#cfc638
cannelle,#67c9e2
émeraude,#825ea6
obsidienne,#3d6808
saumon,#a44e4c
sable,#3c99c3
forêt,#7942b8
olive,#8574d1
jade,#e838e6
rouille,#a5d894
cobalt,#854e1e
platine,#48a4fe
crépuscule,#0bd686
orchidée,#68a9b6
rose pâle,#c4c410
pêche,#05d9af
magenta,#e24ef6
cuivre,#ecd465
orchidée,#464125
émeraude,#d316e6
crème,#d88f2b
magenta,#4c4737
pêche,#58b38e
fuchsia,#071ae7
sarcelle,#3fc9c9
rose pâle,#5563f0
topaze,#c6218d
pin,#7dd717
saumon,#36410d
menthe,#5e3add
turquoise,#5a7a22
jade,#e7f900
saphir,#f3dd4a
écarlate,#029f59
orchidée,#c5e330
citron,#4dc713
cobalt,#2d4d0f
bois de rose,#a6d398
fuchsia,#700932
cannelle,#fcbf31
topaze,#f65334
saumon,#1aeb62
azur,#12a64b
lavande,#69026c
charbon,#644555
platine,#a77d00
indigo,#ba17ea
turquoise,#42ee2c
moutarde,#cf72b4
saumon,#df2213
citron,#ba039d
cannelle,#c39616
fuchsia,#96fb9d
violette,#c5d2cd
indigo,#65a8b4
olive,#777f66
acajou,#1ea598
lavande,#ea14e2
cobalt,#0aa983
pêche,#dc90b1
bordeaux,#7e674c
sarcelle,#77cd7f
forêt,#86893d
céruléen,#9db1da
bois de rose,#cda6e8
bronze,#3a8dfb
ambre,#b6e732
baie,#7c9f5d
charbon,#16cc04
ambre,#56eeef
rubis,#23fb6c
baie,#c9d3a8
ardoise,#afcc1f
azur,#ec786a
menthe,#b6d837
écarlate,#d78996
azur,#85a0f5
moutarde,#220a8d
saphir,#4d7b2d
saphir,#167127
jade,#dc9213
orchidée,#090cb5
pervenche,#317f9d
azur,#83a193
charbon,#345c2b
sarcelle,#54d4fb
baie,#12d3df
saumon,#4ba378
obsidienne,#0ee48f
moutarde,#0f9171
doré,#9571f5
violette,#c6fad7
céruléen,#922aae
cuivre,#5f2b62
topaze,#641ed2
magenta,#9920b1
écarlate,#eb978f
rose pâle,#1c37b9
pin,#00862d
cannelle,#50af6c
pervenche,#aeab5c
ivoire,#d36dc3
forêt,#5d2551
doré,#afa2ab
sarcelle,#f39105
citron,#e3b8e1
cobalt,#4aa90d
charbon,#306f17
crème,#22f2d3
crépuscule,#1df6d2
orchidée,#665dc5
rouille,#c39b5e
jade,#849e40
pervenche,#2a9577
écarlate,#39ed57
ambre,#8d70db
pêche,#e83ebc
pin,#60a9c8
cannelle,#4954a4
olive,#8746a3
céruléen,#b57b4d
sable,#b67228
bois de rose,#35c9ba
fuchsia,#6b0001
mandarine,#428364
carmin,#68c655
corail,#53dd01
obsidienne,#be3aed
ivoire,#c381b0
cannelle,#927fbd
saphir,#e5b8b9
forêt,#e0affa
doré,#c9a213
charbon,#325199
pêche,#2eeaf8
saumon,#839de1
écarlate,#87a14a
orchidée,#9c570d
sarcelle,#97d86a
pervenche,#d82d78
obsidienne,#905e2d
marine,#d34861
acajou,#a99f86
doré,#1405c4
bordeaux,#f88edc
ivoire,#7caa36
sarcelle,#a02088
rouille,#6b72f0
rubis,#71c24e
fuchsia,#c5caf1
marine,#fafe5b
doré,#761657
bronze,#87e9ef
acajou,#4870e5
émeraude,#764cfe
topaze,#9fe528
pêche,#4e1d39
sable,#fed378
crème,#56143a
écarlate,#62c819
sarcelle,#004dfd
azur,#a3863f
écarlate,#6c8594
ardoise,#aeb820
moutarde,#9fed35
platine,#497d59
citron,#474baf
doré,#511aae
ardoise,#15a7e4
corail,#800b21
rubis,#f1f482
sépia,#5fe576
baie,#0b6fe9
ivoire,#f5995c
ivoire,#b1bf7b
pervenche,#b6dbe1
sépia,#436903
charbon,#c21e87
fuchsia,#ddb578
doré,#698c28
céruléen,#37cf09
ivoire,#d3a806
cannelle,#684915
écarlate,#7d7a35
rubis,#301877
pin,#e2f1fd
menthe,#0e8f66
sépia,#19fada
saphir,#0e0961
topaze,#8d2245
céruléen,#1e3893
sépia,#9e8654
platine,#b76209
baie,#974f0e
pêche,#5f508c
forêt,#8863c1
indigo,#993fc0
fuchsia,#72a89b
indigo,#2d63e1
pervenche,#447977
bronze,#e8f689
rubis,#e46943
rubis,#79a85f
citron,#b66541
rose pâle,#f3fe95
saphir,#b8ab8f
saphir,#52a476
crème,#8ae8d6
bordeaux,#faa19a
ardoise,#8e8eed
sépia,#806961
ambre,#004cc8
citron,#dd9e03
magenta,#d829ad
bois de rose,#ab029a
pin,#eb8fbf
moutarde,#0002d4
acajou,#65de57
menthe,#3deb8d
crépuscule,#be51fb
jade,#465c09
rose pâle,#091d4f
ivoire,#51c969
émeraude,#4bab28
jade,#c58bdc
jade,#70f1dd
sable,#d4b989
céruléen,#544353
pin,#a9c0ce
obsidienne,#c8c567
céruléen,#c24834
orchidée,#a404c7
rouille,#b7da6b
indigo,#2c5f71
menthe,#f5e69d
rouille,#7072f4
cobalt,#a7d736
corail,#19bc91
ivoire,#16d646
sarcelle,#9fc2af
lavande,#f72d55
carmin,#e46085
bronze,#61eea2
rouille,#e25480
citron,#0c711f
écarlate,#b9d643
rubis,#488fd4
acajou,#29da8a
bronze,#81a76d
magenta,#e5a460
rose pâle,#28aa9e
carmin,#71199a
charbon,#723471
jade,#3e60da
sable,#5c055c
forêt,#dfc30b
azur,#09d04f
rouille,#0b0cbc
orchidée,#5e0f29
cannelle,#248b8e
saumon,#1d4fd2
cannelle,#de5c98
cuivre,#d16147
bronze,#e23908
ardoise,#1e83a1
carmin,#61c136
saumon,#7812aa
crème,#6346de
cobalt,#317e84
émeraude,#e8e48a
olive,#f9c4b8
olive,#9330ef
sable,#f586e5
saphir,#97bc5b
bronze,#e8bda5
bordeaux,#a6abc7
doré,#36d72f
saphir,#9ecc2a
magenta,#355629
baie,#a1b627
bronze,#5a92cb
crépuscule,#639660
corail,#5d3222
ivoire,#6ea5ef
bois de rose,#6f2bff
saumon,#70c792
menthe,#0d8fe7
orchidée,#841009
ardoise,#74d8d8
céruléen,#57097b
crépuscule,#b9b5ba
cobalt,#22ce3b
rouille,#4621a9
orchidée,#f6e975
sarcelle,#fa260e
émeraude,#d374fb
azur,#35a92a
baie,#076fae
ambre,#be59be
marine,#6310bb
ivoire,#cdbf32
menthe,#c55c84
ivoire,#d14cb0
saphir,#e97e62
sarcelle,#765bec
sable,#ef4410
carmin,#348e7a
carmin,#050eb7
cuivre,#c90793
crépuscule,#c103be
pervenche,#892897
cannelle,#32b504
mandarine,#0ca229
saumon,#c45d22
saphir,#85380a
rubis,#7306fb
magenta,#fa66ab
corail,#2dc856
corail,#d38d47
ivoire,#f5b3c8
émeraude,#0d4edf
bronze,#247f41
rouille,#7e429c
ambre,#bdb252
acajou,#8c8ab6
moutarde,#1e6bba
forêt,#4beb92
marine,#573da8
émeraude,#6d14eb
citron,#50def7
rubis,#46fdf0
turquoise,#ac1c1b
moutarde,#e91cf8
bronze,#f2c8d0
indigo,#eea3cf
rubis,#e07e0c
ardoise,#bf3827
sable,#d87bd0
magenta,#6ba8e1
crème,#a621db
pêche,#af5406
pervenche,#a766af
menthe,#f22bc8
corail,#6cacc0
crème,#725b89
acajou,#4d161c
pervenche,#df4375
azur,#ca7dab
céruléen,#6e82f5
bordeaux,#c7932c
violette,#ff8d1e
cannelle,#9c55f6
carmin,#ef8d69
orchidée,#6b9c10
sable,#f4c27a
bois de rose,#f3bd9b
rubis,#0b0621
crème,#2300b7
olive,#f23b3c
cuivre,#e03a76
obsidienne,#3c29fb
menthe,#826ce3
sarcelle,#fb80e0
jade,#7b1cfc
baie,#5027d8
acajou,#fa85bc
sarcelle,#01685e
rose pâle,#bfb892
moutarde,#fee6f1
bronze,#02950b
forêt,#2b419e
carmin,#425ce3
bordeaux,#f2558a
jade,#39b67a
sable,#335aaf
platine,#da562f
lavande,#f718a4
menthe,#93381a
bordeaux,#89ab31
forêt,#367a21
menthe,#3c049f
topaze,#b3979b
rose pâle,#033c31
pin,#9528dc
ardoise,#3a3b7d
céruléen,#7aa8d4
jade,#64f446
cuivre,#56eb7d
baie,#a3cb12
sable,#eca06f
pervenche,#fd593f
pervenche,#aac7e5
pêche,#779cd5
crépuscule,#8dedff
menthe,#e5d10b
saphir,#c80b88
sable,#3c95e3
platine,#84e247
magenta,#7bf646
sable,#96b66a
citron,#76e0b6
saphir,#cf941d
corail,#010bab
pin,#407d8d
crépuscule,#70d50b
émeraude,#867838
ardoise,#1040b7
magenta,#f40b73
lavande,#8637fb
mandarine,#26c435
mandarine,#5693f5
cannelle,#7792ec
crépuscule,#412673
moutarde,#e1d9b5
saphir,#48e9cc
cuivre,#6d5fa5
émeraude,#88ca59
fuchsia,#1bc0ef
obsidienne,#608d7a
bronze,#673fb8
saphir,#474b21
obsidienne,#4c0f40
fuchsia,#8ef5db
pêche,#6a6810
baie,#44fb08
baie,#928e1f
citron,#99d183
sarcelle,#bb9557
cannelle,#f8b6a6
moutarde,#af4b9a
magenta,#0de7e1
magenta,#f89cef
sépia,#dc7527
magenta,#75a10e
cuivre,#438841
corail,#66c7bb
moutarde,#8da4e6
sable,#98d386
orchidée,#c8107b
crépuscule,#49e24c
platine,#ccfd26
violette,#8fc8f0
bordeaux,#27e7bb
crème,#ad8ee2
lavande,#875700
azur,#29b620
moutarde,#a4322e
marine,#cb2969
azur,#528d5f
platine,#b5c06a
saumon,#1c6975
céruléen,#f9b8c4
lavande,#66eebd
rubis,#39746a
ardoise,#e726d8
écarlate,#3809ce
pin,#5e1099
olive,#0690da
cannelle,#317e11
crépuscule,#142e86
sarcelle,#b1fb07
topaze,#bc90d8
menthe,#c0099e
sable,#7f510a
sarcelle,#a9fcfa
cuivre,#64113d
pervenche,#4fa00f
sarcelle,#6db205
bois de rose,#e1bb04
écarlate,#683a99
cannelle,#1d9f03
cannelle,#749b9b
bordeaux,#ffc3e6
ambre,#a7c04a
indigo,#786027
bois de rose,#d719de
menthe,#0c24fa
azur,#36af36
rose pâle,#87dee0
jade,#c1efc6
topaze,#dd23d2
marine,#e1cf14
cuivre,#dfa415
olive,#15aa19
pêche,#c7be44
orchidée,#4695a8
topaze,#099aa2
rose pâle,#78cc04
marine,#bd799c
ivoire,#01fce5
obsidienne,#57797f
menthe,#da1b31
crépuscule,#cedce1
pin,#179954
crème,#ef4e30
cuivre,#93456c
citron,#f6bbdd
saumon,#cf1cc0
topaze,#abfe65
rouille,#662866
corail,#6d51b0
rouille,#3dae63
moutarde,#cb11ab
cobalt,#2f7a01
sépia,#4bf2a2
bois de rose,#30d9d0
orchidée,#233fff
cobalt,#7f1d6b
bronze,#2056e4
carmin,#f4d4c1
saphir,#2e36ab
bordeaux,#c17823
violette,#ec99df
marine,#c50791
lavande,#c196ef
menthe,#2baf97
crème,#4b1d23
crème,#d09cdd
pin,#50218d
carmin,#26c4a5
corail,#ebd3d9
ardoise,#c55c2b
platine,#06390f
topaze,#3e421b
rouille,#5a3fab
saphir,#7a2e19
saumon,#9046dc
crépuscule,#96dad0
azur,#82cfd6
azur,#9066ae
violette,#f367e4
écarlate,#60e53b
sépia,#9f927d
crème,#b83576
cuivre,#9cd5ac
céruléen,#f8b655
ambre,#70c715
bordeaux,#970e87
émeraude,#fd6c5b
jade,#bff376
ambre,#c7e111
carmin,#5aab6b
indigo,#08c38a
ivoire,#fa4ab9
rouille,#031b6e
menthe,#6a1695
fuchsia,#bc82e9
saphir,#2a66d5
magenta,#b473d2
lavande,#5be9d4
charbon,#cdd3bd
sarcelle,#d3e580
bois de rose,#c60fcb
olive,#c2f6c3
doré,#a1d320
menthe,#02acf5
moutarde,#ab1e68
forêt,#532b0a
pêche,#7fdd45
citron,#e3d3d1
corail,#7211e7
menthe,#2cd6bf
corail,#2ecd2f
violette,#ee71a9
sépia,#47758f
sarcelle,#ab6084
bois de rose,#9e8926
sépia,#d2bbb4
ambre,#06507d
sarcelle,#bf915a
fuchsia,#cebe80
sable,#3ca869
rose pâle,#829d66
cuivre,#800c41
violette,#fad5b3
rose pâle,#5d1581
charbon,#9fb3cc
écarlate,#03442b
citron,#13cfc9
crème,#e3967d
lavande,#836e75
corail,#3a9e8e
rubis,#66c211
olive,#2c7f25
mandarine,#8479da
carmin,#5ca991
saumon,#9e399e
saumon,#d886ca
sable,#770548
sarcelle,#173ef2
saumon,#7aeb6a
cannelle,#bad408
cuivre,#6853e5
turquoise,#92d58b
fuchsia,#9888a3
platine,#28dcf0
crépuscule,#5525cb
doré,#f4e573
moutarde,#bc9d8c
corail,#aa0674
bois de rose,#2e2a98
ivoire,#b13b16
ardoise,#a2453a
orchidée,#5a8d16
olive,#8a5554
citron,#c17b22
rose pâle,#6c8582
corail,#40c0fb
marine,#273935
lavande,#ec2a57
forêt,#913935
magenta,#6a7455
baie,#a7d9c9
magenta,#ce03f4
baie,#fabb49
turquoise,#423cd5
ivoire,#b747d5
orchidée,#51ef73
saphir,#0d1f6c
ivoire,#b90fc6
sable,#b9fbd5
pervenche,#69e4c4
topaze,#16c182
ardoise,#db52f4
marine,#62f97a
carmin,#836d04
corail,#97e455
charbon,#59f193
fuchsia,#63c5cf
corail,#e8a89f
ambre,#17fad2
doré,#ab60c1
jade,#5e1b27
violette,#72d4be
corail,#406960
lavande,#4150e3
forêt,#629633
citron,#75c286
menthe,#86277b
écarlate,#33c167
magenta,#0a8380
menthe,#fccc34
céruléen,#17eb16
acajou,#106515
céruléen,#338d87
bordeaux,#ec0ac2
écarlate,#a231c4
sarcelle,#621e97
rose pâle,#61a343
azur,#7e8af7
jade,#4098a9
cannelle,#2c2dd5
menthe,#4d7ce5
céruléen,#940cd3
lavande,#6aa547
bordeaux,#f2c310
bordeaux,#b31462
forêt,#ac0b74
cobalt,#5e3b54
ardoise,#ef87e1
ardoise,#60caa6
sarcelle,#b41872
pervenche,#0038bb
marine,#6f830d
pervenche,#a38b6f
turquoise,#0ab30b
violette,#2c891d
charbon,#1715fe
orchidée,#6e9759
doré,#dfa9ea
cuivre,#2917c8
crème,#de3ae7
émeraude,#8d9bbe
saumon,#83198c
acajou,#771255
marine,#37da44
saphir,#477569
marine,#8dbe98
citron,#ad601b
violette,#20bf11
pervenche,#cf8c6e
platine,#a8ea81
baie,#96d800
topaze,#48cd59
jade,#6f9d4c
saphir,#4bd197
cannelle,#0a0f2b
doré,#f41e8d
baie,#9d5c37
menthe,#25df76
carmin,#72f567
pêche,#2d49ae
ivoire,#efa06d
ivoire,#9c4a97
topaze,#9d453a
bordeaux,#34d5f2
obsidienne,#44ff30
azur,#c661f4
ardoise,#53ed59
ivoire,#e747be
moutarde,#56a1d7
lavande,#7142f9
orchidée,#38fcd9
écarlate,#03830a
céruléen,#9aea91
céruléen,#9fc9e4
baie,#d49748
carmin,#7949f0
bordeaux,#3595ac
bronze,#166654
azur,#07313f
platine,#240a08
acajou,#53fea4
céruléen,#aa6e51
turquoise,#224ac1
rouille,#3cfd47
menthe,#e5c839
citron,#91f16f
doré,#1e007b
ardoise,#70e6e8
charbon,#f8c84d
violette,#fc1035
pervenche,#0f3a8a
émeraude,#14afbf
forêt,#be6b7b
sépia,#bdc592
baie,#79666a
bois de rose,#6e66c1
orchidée,#61f808
carmin,#ead823
orchidée,#3f9d0c
corail,#29bcd1
azur,#f7c9e7
moutarde,#99bb8e
pervenche,#feb669
pervenche,#a3b1c4
rubis,#63bcc8
crème,#d49b65
cuivre,#220022
orchidée,#a48c18
olive,#a76cf3
corail,#7e24ef
violette,#e0c389
corail,#500887
doré,#5fb4f6
carmin,#7f5a2e
émeraude,#edc900
forêt,#298cdb
jade,#48780e
lavande,#60e5ff
rubis,#2200f5
mandarine,#eb32df
ivoire,#d36b2c
cuivre,#6de1fa
cuivre,#245f21
bronze,#d7fbb2
moutarde,#a6b884
cuivre,#3bbdba
sarcelle,#44e44a
baie,#c4c5e9
jade,#2a43e1
indigo,#2df445
lavande,#655450
cannelle,#34de2a
bois de rose,#be9231
violette,#d7f1d9
rose pâle,#43b34d
mandarine,#0816d3
écarlate,#5c8abf
turquoise,#56bb3c
pin,#3814f6
crépuscule,#560637
crépuscule,#f63268
rouille,#a20aa5
acajou,#04a80d
doré,#63c868
carmin,#f6022d
sable,#f85f7b
acajou,#67caba
acajou,#435d37
moutarde,#5a6373
bois de rose,#99e194
pin,#b73ac1
turquoise,#194b10
bronze,#f41a5a
ardoise,#84be63
jade,#41687e
bordeaux,#27ed78
azur,#e74482
cuivre,#41893f
marine,#ba4548
pervenche,#7dce33
sarcelle,#78a209
doré,#581a96
platine,#6ffbe4
rose pâle,#c2bfcc
magenta,#759564
obsidienne,#a2ff29
obsidienne,#36893a
acajou,#421b83
moutarde,#40be5e
jade,#ebc376
charbon,#52a529
pin,#7e815a
cuivre,#b881c3
indigo,#85bca2
crépuscule,#71bd3c
cobalt,#81487f
lavande,#e71f64
sable,#47688b
azur,#d6c88f
bronze,#385cf3
saphir,#e6a23e
baie,#3e4d5a
écarlate,#adb650
saumon,#cabfa0
turquoise,#e5d21a
topaze,#d36d26
bois de rose,#f415d6
mandarine,#478d55
sarcelle,#e436c9
orchidée,#ea71ee
platine,#815924
citron,#f4df6d
bronze,#f49c4f
saumon,#6bc011
mandarine,#e33c16
acajou,#4f9179
cobalt,#e7d4cd
émeraude,#bf2d3b
cobalt,#cd194e
orchidée,#dac9df
marine,#474798
saumon,#93f022
sépia,#02db55
baie,#0a9050
rose pâle,#8d8511
rouille,#d33470
sarcelle,#892f12
saphir,#0b13ba
crème,#780df0
charbon,#276c74
bordeaux,#de23b2
crépuscule,#885232
cuivre,#0518c4
crème,#fc84cb
mandarine,#a5ee6c
citron,#b925a6
corail,#822950
carmin,#92cebf
émeraude,#321532
platine,#79fea2
émeraude,#b6b9f6
indigo,#80d02f
moutarde,#ebf148
saumon,#9c2098
cuivre,#5c4df0
turquoise,#8427b8
rubis,#eb83b3
charbon,#15e910
olive,#edcd1c
sable,#1ce4e2
crépuscule,#c14079
doré,#e06f84
indigo,#4fe6d9
orchidée,#db5b01
ardoise,#da0077
violette,#e6a868
violette,#7d6920
céruléen,#ed00c5
ambre,#4bf83e
charbon,#e99753
céruléen,#da499c
sarcelle,#fd0b3b
doré,#eb3573
ardoise,#3b4793
ivoire,#a0046d
bordeaux,#865012
orchidée,#b71606
émeraude,#b16638
écarlate,#7b981d
ivoire,#4bece7
saphir,#d558cc
indigo,#7982f0
bronze,#0c389e
turquoise,#0120ee
crépuscule,#31f091
cuivre,#a6626d
ambre,#0da2c3
rouille,#dd6542
saumon,#a345cd
forêt,#0869c9
rose pâle,#3ba6e2
émeraude,#15cb10
ambre,#9f2371
platine,#dec6f4
olive,#3f0756
doré,#ee745e
topaze,#1778d2
cobalt,#0064be
rubis,#4197d3
fuchsia,#a6244d
platine,#6f9fd4
sépia,#9b59fb
écarlate,#57e6ce
ardoise,#4faf94
bordeaux,#76ee99
indigo,#8b0b36
ivoire,#c88140
bronze,#05c2c8
olive,#fb53be
fuchsia,#6ac1c5
mandarine,#b5478b
bronze,#589f20
citron,#f05817
forêt,#daf91a
rose pâle,#4410bd
rose pâle,#173898
topaze,#008e73
baie,#9570ad
menthe,#ff994a
pin,#f24deb
écarlate,#159b6b
menthe,#d8c818
saumon,#06b4a1
doré,#6fc5a9
corail,#076745
indigo,#67893c
cuivre,#959fbf
indigo,#fc2106
pervenche,#14aaad
émeraude,#af82b3
bordeaux,#6a7b40
bordeaux,#169615
violette,#3f5f58
rouille,#f6cdb4
orchidée,#c9abf0
jade,#78b157
pin,#acd753
saumon,#5d8123
mandarine,#5c381f
ivoire,#21220d
pêche,#515a17
céruléen,#150f4b
topaze,#f3b3aa
pêche,#a63857
cobalt,#f515cb
sable,#1c9b64
mandarine,#6575b8
pin,#7c06f7
crème,#0cc491
saphir,#1da146
sable,#c23d9d
acajou,#0908fc
pervenche,#942b0f
ivoire,#c964a3
cobalt,#4b5a09
corail,#e2237c
olive,#14acec
obsidienne,#7b733b
marine,#8ccf88
pervenche,#9df6de
pêche,#731622
bois de rose,#62f3f1
mandarine,#f22319
orchidée,#f63fdb
cannelle,#cc1761
ivoire,#e2a2c0
cobalt,#eb0b88
moutarde,#b99dd6
topaze,#8088ff
bois de rose,#493a9a
baie,#6aa0b7
ardoise,#0f182d
sarcelle,#907199
charbon,#99fac5
pervenche,#611375
obsidienne,#f63f08
forêt,#bdf42f
crépuscule,#2c2190
moutarde,#4086ce
bois de rose,#7f0448
mandarine,#88ba1c
cobalt,#64607a
forêt,#fffd59
crème,#6aa2bf
cobalt,#f86647
pêche,#414963
saphir,#c851bf
saphir,#b637ee
rose pâle,#f8c94b
saphir,#a01e68
topaze,#798ae0
sépia,#d2f739
bois de rose,#943bff
céruléen,#ae8e49
corail,#723fd5
cobalt,#4319a0
cobalt,#e13045
forêt,#1596a3
pin,#72a74a
moutarde,#c13402
sarcelle,#2b16f2
olive,#848af6
indigo,#4d2663
rose pâle,#7cd623
olive,#d4c7f1
marine,#a88b91
sarcelle,#2a109c
rose pâle,#bcab18
sarcelle,#2fa23a
marine,#9cdda0
orchidée,#11f08c
saumon,#1d58cf
rubis,#4e7645
fuchsia,#07728c
marine,#149d01
orchidée,#795e04
rouille,#4c050c
céruléen,#a2414c
pin,#2174fe
bronze,#4857f9
pêche,#6409dd
acajou,#f41c96
jade,#2c8760
orchidée,#4ac830
azur,#201a52
doré,#4fda8d
azur,#ee0edf
fuchsia,#489dd0
rose pâle,#a3afd3
menthe,#0af6de
turquoise,#e23179
bronze,#266205
menthe,#c5dcda
violette,#dbd810
marine,#924f56
crépuscule,#fc121c
indigo,#e1ae81
baie,#b97783
magenta,#989673
émeraude,#f39c5b
corail,#56af81
indigo,#852a31
charbon,#176d17
indigo,#cdbc59
saumon,#5218e7
bordeaux,#d84a23
pin,#dc2376
moutarde,#129dac
sable,#29f59f
ambre,#b1af5c
mandarine,#859bc8
sépia,#daf77f
fuchsia,#5290a7
citron,#3fd7a2
azur,#d62ac2
bordeaux,#6ae467
ardoise,#5354ad
émeraude,#84c510
olive,#e6bcee
corail,#fef2a8
lavande,#81ccff
ambre,#fdfad6
sépia,#df859d
marine,#d087ba
orchidée,#ff9e74
sarcelle,#f0a06c
citron,#f48767
charbon,#6ce234
pin,#94753a
cannelle,#47f027
acajou,#732e0f
obsidienne,#33682b
forêt,#a0ed2d
saphir,#f18751
cuivre,#418a4e
topaze,#e895d2
magenta,#1024d6
ambre,#529d69
orchidée,#aad702
moutarde,#5bd7a7
orchidée,#36f4d2
platine,#7c518f
forêt,#3267a4
émeraude,#c02a8c
pêche,#568a5f
écarlate,#d09b51
menthe,#c47058
azur,#b62150
céruléen,#f4368b
rouille,#4964f7
indigo,#c04efe
rose pâle,#85f816
rubis,#b310d2
émeraude,#bcd4e6
fuchsia,#b4b426
orchidée,#88c348
citron,#1dacb7
turquoise,#427362
crépuscule,#17521f
baie,#906943
sépia,#89e825
crépuscule,#1eb25a
cannelle,#7312d4
rose pâle,#ee845b
ivoire,#30110a
pervenche,#5a3faa
saumon,#e5082f
mandarine,#b1c65f
orchidée,#23bf74
doré,#a1cc6f
ivoire,#295b23
rouille,#19d609
corail,#732cec
cuivre,#abee8e
orchidée,#db87ad
topaze,#654a9f
cannelle,#bd4289
baie,#aa7604
baie,#aadd94
rubis,#273c7d
rouille,#b254e1
baie,#ac431b
obsidienne,#9859ed
fuchsia,#2fe439
crépuscule,#3e65f6
saumon,#1f252c
cannelle,#7af151
azur,#d6824c
forêt,#497aa1
lavande,#015f0a
obsidienne,#21582e
fuchsia,#4d5363
bordeaux,#d769ba
émeraude,#1cfded
marine,#43738a
forêt,#f78da4
doré,#4073b7
sarcelle,#6f74a7
carmin,#12c40f
turquoise,#1128fb
cuivre,#738762
ivoire,#83247e
olive,#ac6b22
bordeaux,#717c62
jade,#69deae
sable,#886f11
azur,#58951f
turquoise,#f61efc
turquoise,#6f4745
pervenche,#85248d
écarlate,#657738
bronze,#6a5862
écarlate,#36f474
lavande,#eb0060
cobalt,#26a8ff
crème,#3edb67
azur,#eb498a
moutarde,#8884fa
indigo,#dabc70
azur,#f63bcc
rose pâle,#89fa97
carmin,#158e05
azur,#8f3ee3
forêt,#23012d
sarcelle,#d426ff
ivoire,#e504d5
topaze,#18e5cd
lavande,#994e39
platine,#b4a666
sable,#e35acb
saphir,#ca6c17
moutarde,#909b54
bordeaux,#694134
rubis,#467e41
crème,#67c3ed
magenta,#e9981f
forêt,#82c5ad
mandarine,#ae7363
pervenche,#74e06d
bronze,#297722
ivoire,#c60f48
sable,#db762e
magenta,#30d22a
azur,#ff131f
lavande,#35e459
violette,#440e1b
crépuscule,#9ebf79
azur,#48a046
menthe,#c437cf
rouille,#16a912
écarlate,#c5599c
crépuscule,#27bdfe
pin,#f30410
lavande,#bfa773
céruléen,#bd0df6
pêche,#c7a5d8
bronze,#aa55e7
menthe,#fad4f5
bois de rose,#56d861
magenta,#506248
carmin,#9ef77e
sable,#77b56d
fuchsia,#af4ee6
topaze,#ccda4f
corail,#94e59b
crépuscule,#985145
émeraude,#fd8861
saphir,#726ed2
rubis,#6abe4e
bronze,#19cd4c
acajou,#8a7b8e
cobalt,#610db8
rose pâle,#c23a6a
saphir,#768520
saumon,#d19a97
charbon,#546340
émeraude,#8ff9ba
ambre,#386511
olive,#c2bc12
pin,#385bec
crème,#4e6a14
ambre,#859eec
crépuscule,#ba2ad6
sépia,#619a01
pervenche,#505b1e
marine,#e09404
violette,#06f911
turquoise,#1cc686
olive,#ecb60b
charbon,#40a90c
moutarde,#6215c5
topaze,#383d2a
magenta,#96ac0e
moutarde,#60d8e7
menthe,#8b6b35
ambre,#e5c9d0
marine,#060b6e
ivoire,#a60c51
émeraude,#2521cd
sarcelle,#a5d28a
bois de rose,#3fad34
doré,#5c8b59
bois de rose,#106008
magenta,#d28606
azur,#bfeef9
rose pâle,#e21005
crépuscule,#8ff96e
pervenche,#2b0b0d
platine,#01e574
bois de rose,#e8373d
ambre,#0c30d3
rose pâle,#73a843
rose pâle,#134fbc
acajou,#8f1856
rouille,#ab83c6
cuivre,#c007ce
bois de rose,#1458ba
turquoise,#f90018
olive,#f9728b
cannelle,#f6cbb9
ardoise,#dc9a30
fuchsia,#fa20f0
bois de rose,#b1dbd8
céruléen,#b8ced3
ambre,#fc9d72
acajou,#2ada89
cobalt,#c776cb
violette,#fea559
moutarde,#da9316
cuivre,#3c0428
écarlate,#8f975a
obsidienne,#98f5b6
pêche,#f10fa5
sépia,#91e971
sépia,#f5bc6b
indigo,#06640f
rubis,#31a3a2
acajou,#c95d27
pêche,#269bdd
topaze,#e8dfab
rubis,#ff4a25
marine,#ac1ac1
menthe,#1b9a89
cuivre,#b51023
citron,#879e73
violette,#f2ca11
bois de rose,#515707
menthe,#7730e6
acajou,#14b380
marine,#fa06e0
lavande,#d3f8db
indigo,#03df36
baie,#edf7e8
menthe,#ed726e
indigo,#0f9f4a
cuivre,#1c1aa7
crépuscule,#585c90
rose pâle,#e913d5
céruléen,#835f11
ardoise,#4f9f10
moutarde,#c6567b
écarlate,#aae5be
cobalt,#aa0559
topaze,#17b478
charbon,#7e0a41
bronze,#ef6483
moutarde,#da8569
marine,#3ecd4e
platine,#814da0
lavande,#5ad9ae
ivoire,#8073e3
forêt,#80f751
pin,#824477
ivoire,#15ce48
fuchsia,#63e916
émeraude,#bcc896
lavande,#e5d3db
sépia,#a8aae3
cuivre,#c115b5
mandarine,#224a92
lavande,#e2d116
menthe,#cfde69
émeraude,#e38e09
jade,#9db9c3
citron,#0a39b8
saumon,#1979be
marine,#979d7f
doré,#612cd4
olive,#164835
mandarine,#3a0d6b
violette,#cb1eef
sépia,#e8398e
cuivre,#7edd0f
platine,#fb8e06
rubis,#f1df06
pervenche,#016371
ivoire,#898a09
orchidée,#71a5e8
violette,#3475e2
pêche,#96dafe
forêt,#4dede0
citron,#aa2dd0
écarlate,#371d85
crépuscule,#3eb25b
doré,#5ec3dc
carmin,#7ff69b
lavande,#df18f4
rose pâle,#5548dd
émeraude,#49b3fb
jade,#ea7bfe
azur,#110d7c
magenta,#a84b3a
sarcelle,#da3447
sable,#3e71b6
cuivre,#557e18
orchidée,#31b7c4
forêt,#8e9354
doré,#d40839
rouille,#8ff999
cannelle,#3cb7bf
menthe,#0f5ca9
carmin,#7b733f
crème,#63f3a3
rose pâle,#54cfa8
violette,#fe05b3
indigo,#59a308
saphir,#afee54
indigo,#d466ad
crème,#5204f4
olive,#57a312
menthe,#fb59a3
obsidienne,#34fec4
bordeaux,#f56f72
corail,#d84349
saumon,#02e7ad
corail,#1b6f14
menthe,#398636
sarcelle,#109981
forêt,#e31b14
orchidée,#1854e3
charbon,#f3a87e
doré,#ed18dc
ambre,#a92408
carmin,#cdb1f1
pervenche,#ccd092
saphir,#fc54cd
orchidée,#57b25a
corail,#2436b9
turquoise,#bf3a85
sarcelle,#70b142
moutarde,#d4fb62
orchidée,#91ab8f
obsidienne,#f4476f
ardoise,#1b5700
ambre,#c8a7ca
carmin,#dc1178
écarlate,#f2f954
saumon,#1a984a
doré,#abcf60
bordeaux,#ebfe91
ardoise,#fd42c7
menthe,#cc500c
ardoise,#ed5930
sarcelle,#c0caf1
corail,#a318bb
sarcelle,#efb09a
obsidienne,#84bfb9
cobalt,#978064
violette,#791a33
magenta,#d100bb
cannelle,#5bf502
cannelle,#13c8a5
cobalt,#e72179
sable,#123238
topaze,#aaf218
ardoise,#c181af
obsidienne,#86d987
menthe,#b9fa30
pin,#a67157
lavande,#8a545e
rouille,#ae26ae
mandarine,#8a5ae1
écarlate,#3a3c80
obsidienne,#74eaa0
rose pâle,#31d215
carmin,#1b3255
crème,#1c0b9a
ardoise,#516cd1
saphir,#e5622d
moutarde,#d96426
rubis,#ef39ee
citron,#496ba9
mandarine,#f647a1
bronze,#771f51
sépia,#be9a2c
rouille,#b7ef51
baie,#a78e9b
indigo,#0460da
émeraude,#bf484f
pin,#e899bf
obsidienne,#fc9e62
azur,#f0f7d1
saphir,#7f4d51
carmin,#25a323
forêt,#f6394b
pin,#b859fc
rubis,#ca47d7
indigo,#6e9806
sable,#11cdde
orchidée,#f20ac7
azur,#bafb23
moutarde,#3d771e
pin,#470292
bordeaux,#c1b025
sable,#97c826
violette,#dd92f7
acajou,#e2af71
marine,#253791
citron,#2f6f97
orchidée,#caee25
doré,#399db6
orchidée,#3b83fc
saphir,#f3adde
cuivre,#04d591
jade,#ba8a53
jade,#96901b
saphir,#8bc514
platine,#49be3f
céruléen,#8daed8
topaze,#f0608b
baie,#054858
magenta,#36b103
bordeaux,#fb0dde
pin,#4a0fe5
lavande,#a8c373
violette,#a3e8c4
pervenche,#bcf0d3
cuivre,#b888c8
baie,#1ec507
écarlate,#e30e64
rose pâle,#a256a6
rouille,#1a264a
azur,#f81336
sépia,#985ac0
charbon,#981c99
cobalt,#0f6d89
crépuscule,#21ec1b
corail,#23930e
turquoise,#6ba294
jade,#cbb8ae
bronze,#ba05ee
turquoise,#74c04d
crépuscule,#c8a0a8
forêt,#faddec
rouille,#8417f7
moutarde,#c099fe
violette,#c69448
sarcelle,#77fa73
saumon,#001e33
rouille,#9fafad
violette,#d8041d
fuchsia,#252659
turquoise,#c10e71
céruléen,#99177f
sarcelle,#eac46e
lavande,#9f3361
turquoise,#7bf87e
céruléen,#17d1d9
obsidienne,#6566a5
forêt,#232e1c
marine,#b057ae
indigo,#778422
citron,#3f481a
magenta,#b0ad46
fuchsia,#ee1082
moutarde,#3e4491
écarlate,#72fbd8
émeraude,#7fe825
bronze,#684b22
olive,#37dac3
marine,#762f29
mandarine,#fcd9c0
charbon,#4f8796
ardoise,#f3bc6a
doré,#7cf33e
topaze,#90d752
sable,#27f634
jade,#d8de56
violette,#4c1f8f
mandarine,#45eee5
pervenche,#ef85f7
saumon,#ac37bd
bordeaux,#34220d
ardoise,#ab3066
sarcelle,#db431f
acajou,#ef110d
bronze,#f7e3ef
ardoise,#dbf8b6
olive,#43bd04
bronze,#4a6824
bronze,#9f89e7
citron,#e2e607
moutarde,#ee2b40
charbon,#46fd81
cobalt,#3aeed5
indigo,#a5a412
mandarine,#bca83a
baie,#693c1b
rubis,#fa1f10
bordeaux,#ffe1cf
marine,#334ddb
saphir,#a5bafb
pervenche,#f4fdd8
baie,#3a3793
platine,#f97c47
crème,#cc91c1
ardoise,#704f23
fuchsia,#b65d4c
moutarde,#1209a2
azur,#c25095
forêt,#79ec6f
cuivre,#8b6cbf
azur,#3d70fe
ivoire,#cbabe4
fuchsia,#83e542
céruléen,#955c3a
rubis,#7ac297
cuivre,#869e46
baie,#c0db3d
crépuscule,#9ab935
émeraude,#f5a8b2
carmin,#a1c87f
lavande,#468b3c
bois de rose,#eb26a5
platine,#7a3446
orchidée,#888181
rouille,#fce1b4
obsidienne,#775cd2
bronze,#768368
céruléen,#6b0d0a
doré,#7b2af0
platine,#232b6d
céruléen,#bf12f5
émeraude,#498dc3
pêche,#1683dc
charbon,#8a9b51
topaze,#a3022a
forêt,#c569e6
baie,#8abf2a
topaze,#d097bf
pêche,#fb5fc0
doré,#3d37af
sable,#5036e1
sépia,#421d2d
sépia,#87cd7f
jade,#659b0b
saphir,#7c3265
menthe,#5d2a32
pêche,#359928
charbon,#316822
saphir,#ef4a92
pervenche,#239bd8
bordeaux,#f55791
turquoise,#8ce76c
saphir,#5b6c83
ardoise,#5ff198
acajou,#c0f113
saphir,#1f135e
corail,#c0799f
bois de rose,#7746dd
crépuscule,#7d9e25
orchidée,#0cf27c
baie,#d92c7a
doré,#1f795b
topaze,#c3dc9b
sarcelle,#704bab
azur,#9c197e
obsidienne,#c13775
bronze,#43c109
sarcelle,#ea858f
émeraude,#06e124
bordeaux,#cf0530
sarcelle,#ae5122
cannelle,#ad9f2f
charbon,#3c31ae
rose pâle,#a10c1b
menthe,#438255
indigo,#cec99c
marine,#bfe985
écarlate,#05f2d5
olive,#076bc5
corail,#197acc
bois de rose,#869973
obsidienne,#7b03ce
acajou,#f2bec3
indigo,#dcc305
jade,#382620
rouille,#761246
crème,#a7cfc1
ambre,#006a69
jade,#90413f
menthe,#530088
obsidienne,#f7a5d6
obsidienne,#39ea57
menthe,#ab1a17
corail,#fc3d84
olive,#0d2e2e
écarlate,#cc681f
citron,#ff8973
moutarde,#2215b4
rubis,#c3955b
mandarine,#e2d080
marine,#fae543
citron,#b129d7
rouille,#1f1f59
pin,#164d5c
orchidée,#7dd6d6
sable,#85a9fa
jade,#72dd1a
mandarine,#f090f0
cuivre,#8e1d57
ardoise,#ae67b2
obsidienne,#0055c7
saphir,#c53b45
pin,#de40b7
orchidée,#d8b876
citron,#aff97b
platine,#6bde3f
olive,#0a38b3
magenta,#f27957
rouille,#2f6cfe
indigo,#2805f5
cobalt,#22d6c1
ivoire,#f1687c
bordeaux,#6d92d1
émeraude,#aab1f3
jade,#96dac6
menthe,#96cb79
corail,#6eb15e
platine,#97b273
rubis,#12fd9d
orchidée,#459597
sépia,#359d43
bronze,#5d4051
bois de rose,#b226ac
charbon,#746c96
cobalt,#98b2cb
topaze,#3b2862
ambre,#ad3638
pervenche,#1ea4e7
menthe,#b7d837
platine,#4c046e
cuivre,#c8e960
cobalt,#ab718f
acajou,#2d441f
cobalt,#b5a682
doré,#079269
magenta,#e1bf8a
ambre,#630be9
sépia,#2e9a5a
bronze,#714aab
acajou,#063767
bois de rose,#a3e0e1
turquoise,#66a45c
fuchsia,#55689d
marine,#e4cb07
pêche,#883f5e
bronze,#ee384c
platine,#1559ce
olive,#a5bcd4
baie,#016973
jade,#7695a1
cannelle,#6992fd
bois de rose,#0cc136
sarcelle,#a5befe
céruléen,#951c81
ivoire,#3665ea
bordeaux,#1e1017
lavande,#a485cd
écarlate,#1cfe04
fuchsia,#e2dc70
crépuscule,#c1d84b
platine,#81c95f
forêt,#dc8c49
acajou,#638701
bois de rose,#9536f5
mandarine,#a13669
olive,#687ba7
topaze,#fe0d77
charbon,#61c621
sarcelle,#640ca5
forêt,#340292
cuivre,#fe41e1
moutarde,#3ef8a7
marine,#075f40
pin,#e1290b
violette,#448e77
topaze,#6bffd4
magenta,#1067a3
marine,#2f0ac1
fuchsia,#b140d6
rubis,#868c1a
cannelle,#42fc77
menthe,#e41033
violette,#4ae059
obsidienne,#681fdb
topaze,#f69413
indigo,#e7c3e8
saumon,#9ed8fd
platine,#2fdfb7
bordeaux,#860f87
forêt,#577aba
rouille,#50394b
céruléen,#f2f394
cannelle,#31c860
ivoire,#53c3a9
sépia,#bdb299
émeraude,#108c6a
ambre,#514038
écarlate,#5264a7
écarlate,#5eec33
charbon,#6a7e43
moutarde,#526b28
sépia,#d1ae98
écarlate,#0b0885
indigo,#4b9500
carmin,#7e0573
rose pâle,#40b176
pêche,#9ec83c
ambre,#faee38
pêche,#e8c819
cuivre,#931d67
saphir,#ab8c02
bois de rose,#f772c4
céruléen,#b39125
magenta,#754754
baie,#0746d0
carmin,#6d3755
menthe,#434660
citron,#cb69a3
bois de rose,#460237
fuchsia,#aa5d7f
bordeaux,#ddd4f8
saumon,#c5664f
bordeaux,#5124ce
bordeaux,#13b7db
bronze,#7a53ed
indigo,#2656cc
turquoise,#c5fdd7
azur,#5e29e9
carmin,#d9492a
bois de rose,#810f8f
sépia,#635b99
bronze,#083cf7
cannelle,#b4fac7
doré,#3cfa27
turquoise,#c01b44
orchidée,#d7b6b9
indigo,#cde08b
rose pâle,#f46f7a
olive,#47c0f2
pervenche,#bd7e3f
pêche,#3b4dff
pervenche,#4f5ec7
baie,#d66f09
topaze,#6f4268
azur,#68f7ff
crépuscule,#ee2139
rouille,#f50144
moutarde,#00096a
turquoise,#9f0dd5
crème,#f31945
crépuscule,#197cdc
pervenche,#c6437d
pin,#0d871f
ardoise,#dead58
écarlate,#c1172b
pervenche,#fb59f2
pêche,#93a1ff
citron,#75a4a5
cannelle,#e545f3
baie,#cf1713
cuivre,#7682be
fuchsia,#bcabf0
émeraude,#292c41
bordeaux,#f69db3
mandarine,#a36ea6
sarcelle,#7536b9
azur,#631fb6
crème,#81c832
pin,#3e58b3
cannelle,#62e998
moutarde,#b29922
bois de rose,#112dca
bois de rose,#616f19
pêche,#8d84e7
menthe,#61df93
écarlate,#99c736
pin,#51ba67
azur,#c4994c
saumon,#bbb902
olive,#eb8a45
cuivre,#e4ceac
violette,#fd57f3
émeraude,#9e7a7a
pin,#c45885
olive,#6f5a63
topaze,#1644bb
charbon,#630ce9
carmin,#66749c
obsidienne,#2d4035
corail,#f045e1
bois de rose,#6e5196
rouille,#4561a5
ardoise,#5c9a48
obsidienne,#eb3582
cuivre,#708fde
jade,#464222
citron,#6a23a5
pêche,#3451cc
pin,#10c0d6
pervenche,#c57168
bronze,#409f28
sépia,#bacee4
topaze,#97a09a
céruléen,#032d1b
ivoire,#c8331a
crème,#b49765
saumon,#4b0857
saphir,#838bdc
marine,#760ced
citron,#763df3
doré,#e5a6c5
sable,#52544d
ardoise,#58e71d
crème,#85e3ae
bois de rose,#6fa6dd
sarcelle,#91c271
menthe,#a9b85b
magenta,#f672df
crépuscule,#f15d24
acajou,#9073ad
céruléen,#6a1ffc
marine,#354612
bois de rose,#9dddf8
menthe,#17eb4e
écarlate,#4787e7
émeraude,#9c69f8
magenta,#f6d163
sépia,#e88a86
pin,#ffe1a0
turquoise,#9173b6
mandarine,#970870
mandarine,#7ccd0f
crème,#2b8b66
saumon,#0f132b
cannelle,#4385dc
saphir,#28a0a0
citron,#b13e4c
crépuscule,#9ec2e4
magenta,#9568aa
magenta,#37df30
charbon,#f32002
forêt,#51367d
citron,#7679d4
ardoise,#5c25cf
acajou,#70c108
crépuscule,#d5ced6
saumon,#227464
baie,#41c41a
charbon,#7f20ae
azur,#3e4ffe
baie,#0f11f7
fuchsia,#905802
pêche,#60bcf5
saumon,#06782d
fuchsia,#12f379
carmin,#51da68
ardoise,#270259
pêche,#c06554
citron,#731aba
céruléen,#5e82f2
bois de rose,#1bc182
cannelle,#082b04
cobalt,#0f9d1e
cobalt,#5ef594
indigo,#c04973
mandarine,#836ae6
céruléen,#ff5000
corail,#ed2e36
fuchsia,#f464dd
rose pâle,#abdc0c
bordeaux,#4976a0
rubis,#8cfe22
cannelle,#202cd0
citron,#2a8e5e
crème,#31a1c5
cuivre,#a4825c
crépuscule,#d8d0a6
lavande,#1ecf2e
marine,#f4529a
obsidienne,#9f1eaa
magenta,#f56477
lavande,#4949f4
doré,#65f3f9
acajou,#428506
platine,#06b2ef
sépia,#fef1ca
pin,#fc0b30
orchidée,#ce9004
azur,#c4f4fc
violette,#993faa
pin,#007bf8
bois de rose,#feba6b
fuchsia,#da12ef
baie,#ddb196
rouille,#7b4f6a
fuchsia,#771272
rubis,#db3b10
obsidienne,#838ba4
céruléen,#f1ec2d
ardoise,#1b9d22
pervenche,#04b76c
olive,#3fa3a5
saphir,#bd3e90
saphir,#850558
corail,#60cb29
turquoise,#c3481c
ambre,#e74b09
rubis,#f1f4d2
mandarine,#4caf1a
doré,#b5101b
baie,#6cef89
menthe,#487580
menthe,#6c7171
carmin,#34c7db
turquoise,#e0b072
écarlate,#fef67e
citron,#e362df
obsidienne,#4607a1
magenta,#d7d2fc
bordeaux,#7a7f7d
cannelle,#74111b
céruléen,#0bafb0
sable,#07f211
bois de rose,#a58566
rouille,#008e20
lavande,#8ecfaa
charbon,#6da24c
sable,#1b2ca8
baie,#0bb370
sable,#199546
corail,#937c5e
pervenche,#0ab28d
écarlate,#84bfbd
crème,#6f81c1
crème,#23e473
saumon,#8f97d4
acajou,#74618c
violette,#1001d1
bois de rose,#47395c
azur,#b041db
cobalt,#797248
olive,#0dbf76
crépuscule,#81c255
moutarde,#387b26
pervenche,#1db2a6
doré,#2b1153
sable,#9fa4d6
écarlate,#32bde9
obsidienne,#3dbe0a
citron,#a8db16
mandarine,#b9d7a7
bois de rose,#ed5ba8
cobalt,#92ae34
indigo,#320286
baie,#90494a
rubis,#c03cb2
pervenche,#8cf940
cannelle,#c22a7e
doré,#5593de
violette,#e72d61
citron,#bb790f
citron,#6bc54a
doré,#0db091
corail,#48faf1
crépuscule,#1fcb11
charbon,#fcc3db
ivoire,#7ea22e
ardoise,#9f12cd
sarcelle,#e9cdfc
forêt,#2f5501
platine,#459fca
menthe,#f9a043
baie,#ed50ce
pervenche,#3e9cd2
céruléen,#3a50a5
magenta,#29a112
corail,#8d1f59
mandarine,#4888bd
jade,#317a73
pervenche,#2a6b2b
bois de rose,#4e2aa2
carmin,#4d11e2
ardoise,#0ba879
saumon,#24f37c
pêche,#9d7305
sarcelle,#0c6e54
corail,#a78bc5
rose pâle,#92b9c2
pervenche,#e21935
saphir,#2a4427
ambre,#5695a2
baie,#ed6e4b
pêche,#dac78d
crème,#ea070b
topaze,#5463b1
orchidée,#d2a333
fuchsia,#1d9f34
pervenche,#bff8c0
fuchsia,#7b3761
magenta,#c66e1b
olive,#9cd9f6
azur,#54c3e5
pin,#db7620
platine,#cdb739
saphir,#5b6aca
carmin,#cb2925
acajou,#82b947
fuchsia,#3aad1e
crème,#bd95e8
azur,#4af71b
forêt,#38feda
sarcelle,#b47432
forêt,#5b233e
violette,#45f8db
sarcelle,#3e8f5e
carmin,#321e3e
azur,#3c0cce
bois de rose,#6dee34
carmin,#5878c8
magenta,#19bc44
olive,#8fc1c4
citron,#c60997
obsidienne,#34b89b
citron,#9a0555
ambre,#c09085
lavande,#7aa629
ivoire,#cb5376
mandarine,#b0fac7
sépia,#d10027
cobalt,#e91133
violette,#c1fe60
sable,#878ca6
corail,#0b5a81
violette,#44045a
crème,#48645a
violette,#437ccc
bois de rose,#7585f1
magenta,#c195a9
indigo,#035963
orchidée,#46cc96
platine,#53cf63
jade,#43e788
pêche,#075ef8
rubis,#3741ec
bronze,#a3af10
saphir,#fffc70
sarcelle,#481f34
crépuscule,#31282e
forêt,#1b7e17
topaze,#857dde
émeraude,#ce7db3
baie,#787954
mandarine,#09f3ed
bordeaux,#057789
saphir,#66517c
cannelle,#ab544e
orchidée,#061ff2
platine,#44addb
obsidienne,#261c42
cobalt,#f9a869
pervenche,#6a5195
corail,#013658
obsidienne,#ae1569
orchidée,#c971a5
sépia,#611c69
platine,#a55285
menthe,#cc7750
moutarde,#100773
acajou,#a6551f
mandarine,#474ab4
ardoise,#b7a25c
indigo,#77b476
crépuscule,#2f1800
violette,#f3641c
sarcelle,#46e55c
platine,#93f176
fuchsia,#27b793
olive,#0408b0
bronze,#ab04d3
platine,#829f8e
baie,#c00353
mandarine,#cb09a2
pêche,#b3fed5
céruléen,#cce07c
carmin,#a74225
cannelle,#992e5d
rose pâle,#9bcc66
bordeaux,#4874e9
ambre,#f50800
cobalt,#3d4e45
écarlate,#f4ec4a
forêt,#50f6cc
platine,#3bda1e
platine,#9d048c
bois de rose,#70e880
céruléen,#a085c2
rubis,#fc3625
écarlate,#b8fb0b
sable,#0a62d9
moutarde,#fcb6e8
turquoise,#b059a1
magenta,#7fcf61
cuivre,#66f7ae
obsidienne,#e6bf3d
pin,#4feb05
pêche,#48660e
mandarine,#8a7ec9
citron,#f3a0a2
rose pâle,#ff9dcf
bronze,#27cfeb
moutarde,#c0c18b
sépia,#b2027b
indigo,#d54b52
forêt,#259a27
sépia,#4fee66
citron,#056cf9
carmin,#723c51
ivoire,#f87400
crépuscule,#3aa715
mandarine,#66684c
platine,#de640b
lavande,#e6fb43
rose pâle,#a0234a
crème,#6be034
sépia,#d49a72
écarlate,#671b20
émeraude,#f06037
corail,#1ebbde
bois de rose,#aa1137
doré,#81d914
jade,#6b7f51
corail,#3aa854
rose pâle,#8e70c0
citron,#3f3c4f
crème,#a8c6bf
olive,#623e47
crème,#159b1b
obsidienne,#abb162
sable,#3fb01e
orchidée,#d6b43f
lavande,#6ac04b
sépia,#4b0dd5
indigo,#1dc719
rose pâle,#40b451
carmin,#dfe45a
sépia,#347913
obsidienne,#586759
ardoise,#800078
citron,#0f80b0
crème,#63830a
crépuscule,#a00aec
mandarine,#9d0bec
moutarde,#c460ab
bordeaux,#48997b
cuivre,#cbaef5
sépia,#ef4c5a
carmin,#767ce5
saphir,#17dbf5
topaze,#87b1c0
magenta,#739af7
violette,#3a19c1
cuivre,#3c9ddc
menthe,#cdc4b4
platine,#59609e
acajou,#e5812d
rouille,#e26695
cannelle,#9c50e4
charbon,#f73434
lavande,#867811
menthe,#7194a2
indigo,#f0f2b1
azur,#202b03
violette,#ce8c73
indigo,#9ea3fc
ivoire,#cb5ab1
topaze,#cf55ab
pêche,#ca359b
jade,#a5b099
céruléen,#c2d4de
moutarde,#1cc78c
cannelle,#2a8e1a
ambre,#c34ef3
cobalt,#dfcf15
marine,#86df96
céruléen,#7d7bff
moutarde,#a4b7da
marine,#305f34
citron,#1d6e78
rouille,#abdde6
menthe,#f915df
bordeaux,#d97950
topaze,#e52504
rouille,#87b6a0
rouille,#2c9e65
bronze,#fb7fc4
ardoise,#7845ac
olive,#c8eff9
corail,#f2b447
crépuscule,#763c7c
ivoire,#22132a
orchidée,#0128da
violette,#c5a651
sarcelle,#f89d40
bronze,#52a28a
charbon,#6de09d
crème,#13c6b4
platine,#3335bc
citron,#5d68fb
sarcelle,#a27f99
ivoire,#ca0918
lavande,#923b61
magenta,#e64bae
pin,#334497
bordeaux,#90b165
pin,#a6237d
fuchsia,#4d7ed1
crépuscule,#9a280b
écarlate,#336853
platine,#e92090
crème,#541ec6
magenta,#51f80c
pêche,#ff6f20
rubis,#c88055
marine,#25e6df
obsidienne,#e5f863
ambre,#79141c
citron,#e6faf1
crème,#dcf11b
pervenche,#8b315e
ambre,#0ac0e4
saphir,#a3a671
pêche,#bab0b8
ardoise,#295d08
marine,#a50bcb
baie,#c5bfd3
sable,#027370
ambre,#129a9e
platine,#6274d6
saumon,#b381bb
pêche,#ea92d0
ivoire,#1f55ff
moutarde,#93570b
sépia,#935cf4
bois de rose,#e577fe
saumon,#8b3bf8
cuivre,#770714
jade,#35caaa
forêt,#299044
cobalt,#747261
rubis,#8504e5
rubis,#77b95b
rouille,#fcfdb5
turquoise,#7b95e1
saumon,#76919e
saumon,#12bd7e
ardoise,#6e8003
crépuscule,#c87dcb
ardoise,#05ebbf
saphir,#9a6f65
rubis,#172220
citron,#b06675
écarlate,#9bfe06
pervenche,#f9b5c2
olive,#7bb258
ivoire,#c3b6ef
platine,#6257a4
azur,#0951b7
rose pâle,#b8266a
sépia,#1ffbd2
violette,#778859
moutarde,#8f0374
doré,#e558ad
charbon,#bc40d3
topaze,#8d1dc9
platine,#4ef06c
sable,#6e61c2
cannelle,#9519b0
carmin,#abf6be
corail,#9b9ca4
cannelle,#2c0fcf
mandarine,#8177e2
sable,#62ca25
marine,#75af5e
pervenche,#a3e92e
ivoire,#f83d80
orchidée,#25defa
charbon,#21ba04
crème,#1ec9e6
baie,#c3d1c7
corail,#64648a
cuivre,#f116d4
orchidée,#bbdfdd
corail,#0ab3c9
saphir,#9185a6
baie,#c012ff
indigo,#17e88f
saumon,#45ab57
forêt,#535126
sépia,#c2ba9e
olive,#70fbbb
bois de rose,#969e9e
indigo,#8ee66a
ardoise,#173485
platine,#e3cc84
saphir,#4cfe79
cannelle,#d109ea
obsidienne,#96e270
indigo,#3f8ad2
rose pâle,#828dc7
corail,#ace2e3
magenta,#c8c1ee
marine,#29bc59
corail,#8249cf
rose pâle,#41621c
acajou,#7fef9d
lavande,#e6a9cb
carmin,#f5e175
bordeaux,#4cdaa0
marine,#cdee49
pervenche,#76fb7a
turquoise,#5610c0
pêche,#d938a9
mandarine,#0f8409
écarlate,#105fdd
menthe,#6f0c60
cannelle,#eccc5b
olive,#134ef3
violette,#5fc223
ivoire,#54f814
olive,#b7b90e
écarlate,#142833
cuivre,#377441
crème,#57330f
bronze,#0dff7d
écarlate,#12c3ba
rouille,#2d9475
fuchsia,#5da031
cobalt,#0491fe
cannelle,#a98961
cuivre,#6faecc
céruléen,#f72de3
topaze,#6c3f8d
bronze,#1423a3
jade,#68adf6
sépia,#37c866
olive,#7cc0b3
bronze,#96f772
sarcelle,#459895
saphir,#9c2de9
moutarde,#1790ad
indigo,#e0e41f
ivoire,#8eac4d
jade,#c6e551
saphir,#86f95b
ardoise,#f90016
jade,#131415
carmin,#2f736c
bois de rose,#8d2c5b
cuivre,#db4955
bois de rose,#8fc94b
sable,#e245c1
rubis,#d25ce8
crème,#257fb1
menthe,#3d6e6c
jade,#3ac80f
azur,#a29191
charbon,#d37c8c
sable,#ed1fa5
rubis,#4ef4b8
émeraude,#ccbe78
charbon,#06e47d
cannelle,#f61ace
bronze,#3e69c1
bordeaux,#8d5dae
topaze,#6dd7a1
moutarde,#e698d1
bordeaux,#71da7c
pervenche,#52acb5
cannelle,#c24e95
moutarde,#c1dac4
olive,#ad1546
cuivre,#e730cd
sarcelle,#b8fbac
crème,#4299ea
olive,#5c2ece
sarcelle,#fa3044
citron,#4901d3
bordeaux,#3265b6
sable,#9f8be3
cobalt,#252cd3
pêche,#817ec2
carmin,#a97609
jade,#eb1d06
charbon,#020228
écarlate,#1e0326
obsidienne,#233560
pêche,#0ff6d1
saumon,#85f1f8
platine,#8dca76
sable,#cd58a5
cobalt,#e25e93
crème,#b62211
ivoire,#db1cef
saumon,#52e125
mandarine,#292dc7
platine,#ffa194
sable,#06d843
baie,#16f307
fuchsia,#710589
charbon,#4e3fc2
ivoire,#2692e9
rose pâle,#9572fd
pin,#cecb0d
acajou,#5733bf
pin,#7f25cb
citron,#0e513c
obsidienne,#b48c03
doré,#d5d873
bois de rose,#cd051e
baie,#3c9959
moutarde,#f16553
violette,#bc9a24
orchidée,#b21ac7
magenta,#cf9375
doré,#4d3ca1
jade,#f3c07c
citron,#aa4c8e
rose pâle,#0990ad
corail,#87366f
ambre,#656b2c
menthe,#33e228
citron,#1d8adf
sarcelle,#6d41de
pin,#7d73f2
carmin,#1298ea
saphir,#9c603c
acajou,#5360bb
pin,#4379e6
pervenche,#504ee7
forêt,#4c191b
marine,#8167ba
cuivre,#8a2c06
sable,#758fe3
cuivre,#62bd57
doré,#309be3
turquoise,#5b8403
obsidienne,#398aaa
cuivre,#926810
baie,#020a62
bois de rose,#564e50
orchidée,#219ce0
marine,#9ed5b3
menthe,#37cf6c
carmin,#9ed0a7
baie,#9abed6
sable,#f56470
saumon,#5728a2
lavande,#33fb76
pêche,#35b935
pêche,#12bc21
rouille,#259c0e
baie,#beb278
pêche,#616bb5
ivoire,#aa06d5
baie,#97cae6
ivoire,#e06861
acajou,#f6fb6d
indigo,#03d0eb
menthe,#1dc01a
acajou,#3ada5f
platine,#ddd347
indigo,#2dfcf7
violette,#d67165
acajou,#8b2d50
violette,#6ffb23
lavande,#b3e773
saphir,#890d93
cobalt,#9fa1f6
cuivre,#0dcee1
bois de rose,#6cf3ca
pin,#318e5a
carmin,#036dc6
baie,#e88877
carmin,#3e44e6
acajou,#83b7f9
cannelle,#c693d4
cuivre,#c57165
citron,#9688bd
rose pâle,#8aefc3
turquoise,#d4b8e8
platine,#8fe981
saphir,#211254
orchidée,#109d53
crépuscule,#8c2f0d
bordeaux,#cbfcef
platine,#371646
ardoise,#245ac2
pin,#d8e183
lavande,#5fb134
carmin,#70a0b6
ambre,#21b1c1
charbon,#cba811
platine,#c3ec56
écarlate,#6bc5d4
indigo,#4cd703
citron,#cc8492
saphir,#07c8b7
saphir,#c862fa
turquoise,#2ec6a1
magenta,#ba53ea
azur,#d0ca28
menthe,#9961d0
mandarine,#85dfd9
acajou,#d337fc
olive,#55ddd3
crépuscule,#ec9722
mandarine,#cdeebf
magenta,#ddeef8
marine,#4872c1
moutarde,#6ea12d
rubis,#2b5ceb
bronze,#320b42
ardoise,#7fdcd1
baie,#255cb3
pin,#dd64a6
cuivre,#5b9629
émeraude,#b7b46b
saumon,#96bb02
azur,#fea669
céruléen,#bc18d6
sarcelle,#ca6376
topaze,#91995e
indigo,#d38adf
magenta,#51c88a
écarlate,#ca6dc2
indigo,#4e4763
crème,#3b6e11
indigo,#95c661
pervenche,#37cf4a
acajou,#6eab11
turquoise,#e92049
corail,#da8848
corail,#12f02f
charbon,#d057cb
fuchsia,#82945e
olive,#cffe75
marine,#078d3c
acajou,#538e7d
saphir,#1883a5
bordeaux,#f8aae5
ivoire,#5d66b8
crème,#b3181c
jade,#d872a9
écarlate,#58591e
forêt,#76c4a6
cobalt,#5849d5
indigo,#c78207
doré,#5ffe19
pin,#dc3c6a
mandarine,#a3034b
mandarine,#6d0e3c
pêche,#519e1d
émeraude,#5433f0
olive,#8592ae
ivoire,#c213da
bordeaux,#66f399
ardoise,#1e7454
cannelle,#bd2b6e
bordeaux,#c01343
platine,#30ed1d
turquoise,#9f0c4b
émeraude,#e0cf81
magenta,#48cb67
platine,#8e7eaf
corail,#3f2568
carmin,#9a0f6b
corail,#bc0e6b
corail,#3836fa
obsidienne,#07e2fd
bordeaux,#d0f6b9
cobalt,#5c0071
magenta,#6d154b
rose pâle,#2a536c
doré,#375aa5
turquoise,#c4b0cf
menthe,#9bac0a
topaze,#73035f
moutarde,#e9ac13
baie,#b18b2d
bois de rose,#107e07
indigo,#7072a2
cuivre,#b49d60
corail,#a1e093
saphir,#1a16c4
pervenche,#6491c5
mandarine,#f005cc
émeraude,#c70359
rouille,#10dc39
orchidée,#bac1ee
ivoire,#33453a
menthe,#85f5c5
fuchsia,#fc798d
charbon,#479283
baie,#f93a9e
sable,#5ce8bf
violette,#463b6b
pin,#bad288
saphir,#5092f9
ivoire,#bb334a
carmin,#859e79
sarcelle,#0fc424
cuivre,#908e74
olive,#845dd9
platine,#95ebf1
cannelle,#2387fa
cuivre,#4e48a3
mandarine,#5ee1df
saumon,#563805
cobalt,#cf500d
sarcelle,#63f473
platine,#153677
carmin,#641ba6
émeraude,#11e896
carmin,#83741b
cobalt,#d3aed0
turquoise,#a901b6
pervenche,#76930c
ardoise,#981e99
menthe,#8346c1
mandarine,#22931d
citron,#0a3bee
émeraude,#bb6e3a
mandarine,#2f28a7
sépia,#ab04f8
acajou,#145606
fuchsia,#419049
doré,#fe8f86
rouille,#aa905e
ivoire,#b68333
jade,#00cb74
crépuscule,#a79d13
pervenche,#338345
cannelle,#a2f9f0
fuchsia,#8d4339
obsidienne,#e32ecd
émeraude,#9ac23e
rouille,#bf04d9
turquoise,#63b55d
azur,#fb5058
mandarine,#821a2b
charbon,#2ab53a
sarcelle,#7fa2e7
pervenche,#de4595
cobalt,#9f302a
bois de rose,#131c35
cannelle,#880a55
corail,#34b920
citron,#21f666
bordeaux,#ba2bd0
sarcelle,#38ae5d
menthe,#f641f5
pin,#4483cf
sable,#6af798
fuchsia,#dfc46e
citron,#ac4760
fuchsia,#c98e00
citron,#b91bbd
cuivre,#d9af0e
saumon,#2ba336
cuivre,#433e5b
ambre,#78d09a
rouille,#37c018
sarcelle,#94b4b9
olive,#b650d3
charbon,#087750
pin,#d703fb
saumon,#c59274
marine,#425dd5
marine,#4dcd20
bordeaux,#dce883
pêche,#71d413
indigo,#203174
obsidienne,#900b6a
sarcelle,#28cb7d
ivoire,#f71d63
bordeaux,#988fdc
magenta,#8bc7d2
marine,#c869ea
mandarine,#66b1ae
acajou,#e262bc
acajou,#b285e5
acajou,#858c0c
sarcelle,#967e09
platine,#a32518
bordeaux,#3e2359
céruléen,#5b12ae
topaze,#6185ed
fuchsia,#7ad052
crème,#2ba581
émeraude,#1dd187
cuivre,#4eac32
violette,#58a547
pervenche,#c195c6
bois de rose,#25cf58
violette,#41bc6a
turquoise,#610e77
citron,#0e5947
citron,#511f3d
azur,#e64ca2
platine,#b74c8b
marine,#84f3ff
rubis,#801ba1
turquoise,#502f94
topaze,#045f05
cuivre,#8d4d64
menthe,#08f4b0
olive,#89a85f
mandarine,#062174
olive,#48ccbd
marine,#71ab8c
forêt,#935f5b
écarlate,#91d1e2
saphir,#8cb47d
sarcelle,#ea9328
pervenche,#9fffe5
jade,#e0833d
saumon,#b5f0d8
mandarine,#640b09
pêche,#596faf
turquoise,#7e2b4d
obsidienne,#24b090
topaze,#94202d
topaze,#fa29e5
azur,#93ba7f
doré,#ba8300
azur,#909e6b
céruléen,#51b99b
crème,#74a2e9
rose pâle,#5534bc
jade,#6227b3
jade,#7565ca
citron,#9c6cfa
doré,#c25476
carmin,#28c5d7
azur,#b6b6bd
indigo,#bf0708
cannelle,#e1f909
crème,#20acbf
pêche,#a9dae3
sable,#dfcfde
céruléen,#bc6e1f
cannelle,#92ec45
marine,#6d2639
bois de rose,#e4bba4
jade,#a698e6
citron,#6b62d5
carmin,#a522f4
écarlate,#21aaa7
crème,#4677f4
baie,#62bf7f
mandarine,#d4b2f1
carmin,#29ce9a
ardoise,#e812d0
carmin,#d19331
mandarine,#ac8d5e
fuchsia,#816124
doré,#0a4cd5
mandarine,#56781a
rose pâle,#8ffa0f
topaze,#dbbe32
charbon,#a9bc17
cannelle,#e15596
sarcelle,#145b34
lavande,#fc5614
acajou,#435bce
menthe,#edcaf0
obsidienne,#fb5fb9
orchidée,#3c3f77
violette,#fd2ebe
jade,#d42e3f
ivoire,#4ae2f4
pin,#568a5a
orchidée,#0c2305
magenta,#da2d33
turquoise,#f9710b
citron,#bd2a77
céruléen,#40a884
doré,#e4f1df
carmin,#32d576
ivoire,#fade32
charbon,#95f31a
crème,#dbcc00
crème,#8a1791
violette,#f1f345
moutarde,#954378
sépia,#4d191b
cuivre,#3a0270
cobalt,#d5fb59
émeraude,#cd2bfe
sarcelle,#66561c
corail,#44e72d
bordeaux,#fed560
sable,#ad0d37
lavande,#cd5fe1
turquoise,#217ab1
émeraude,#ef452c
écarlate,#072f8d
cobalt,#b44733
ardoise,#d9b899
topaze,#3c1f59
saumon,#dae44f
sable,#8f4457
écarlate,#877758
sépia,#17b585
sépia,#cb3360
crème,#a60137
lavande,#26be24
rouille,#365c6d
écarlate,#009d58
bois de rose,#07d516
bordeaux,#c50c84
jade,#4585b6
cobalt,#e12639
crépuscule,#fa31b1
cuivre,#19cf6b
écarlate,#be901a
bronze,#7686e9
ambre,#acb91a
lavande,#6149c6
cannelle,#d2846c
forêt,#7b8231
acajou,#979ca6
pêche,#7ca8e9
céruléen,#a2c6b6
cannelle,#05890b
olive,#630044
violette,#acb677
mandarine,#995ebb
saumon,#a3eef7
pêche,#d09e41
cuivre,#ed4f8c
ardoise,#b58521
pervenche,#adac6e
mandarine,#32ace0
olive,#73b846
cobalt,#81897c
carmin,#743cc8
céruléen,#378c37
baie,#5f1750
cannelle,#a818c0
doré,#9bd6fc
citron,#467143
céruléen,#446a96
bordeaux,#710491
platine,#70cc9f
charbon,#3f23d9
crème,#35dfc5
orchidée,#7d189a
charbon,#266130
azur,#25c627
rose pâle,#f4b5e5
ivoire,#ff77a0
forêt,#c1d5ed
violette,#00eecd
pin,#a6878b
céruléen,#ea234c
citron,#1bb6e3
céruléen,#d9c252
pervenche,#dd1b66
indigo,#6129a5
baie,#d40396
rouille,#ceeae1
pin,#c57d7d
céruléen,#5b5758
turquoise,#1e774a
émeraude,#7c43cf
saphir,#44d63d
menthe,#f42cfa
écarlate,#9e8683
pêche,#2bc171
pêche,#051c55
sarcelle,#6b0b59
fuchsia,#93613d
baie,#cc519d
citron,#89f7fe
ambre,#494f77
turquoise,#e4a85a
moutarde,#c48a39
cobalt,#6e15c3
fuchsia,#1aa7f2
crépuscule,#10d801
citron,#a2563c
citron,#62b70c
ivoire,#7abcec
moutarde,#83fe05
baie,#87a3ba
charbon,#986280
jade,#d68781
turquoise,#0eb3f8
jade,#f8355c
bordeaux,#d3ec69
forêt,#216f51
citron,#15f4b6
ivoire,#348ddb
menthe,#f087c1
cobalt,#ee6fbf
sarcelle,#4ffeae
orchidée,#5d7b54
sépia,#2848e4
sépia,#ac7ca8
violette,#42aabd
mandarine,#23a158
saumon,#5da857
cannelle,#7bf683
menthe,#7b3d0d
céruléen,#706db3
sarcelle,#018cf2
acajou,#06ade2
cobalt,#1c6f45
écarlate,#b90697
ambre,#95d5de
fuchsia,#f0ba02
rouille,#d89772
crépuscule,#15f164
pin,#843dc3
sable,#508b87
azur,#cba06d
acajou,#4eca85
olive,#be2438
azur,#0e7a23
doré,#9ca802
ardoise,#4ddad8
cannelle,#a42fdc
émeraude,#3c8928
olive,#aa7401
ambre,#c40b7e
topaze,#c3e89e
obsidienne,#3ba4a0
céruléen,#90b346
moutarde,#b2a1d6
orchidée,#6d44bc
forêt,#aac626
indigo,#8f94f5
rose pâle,#5bbd55
écarlate,#451286
doré,#6eed79
ambre,#9ca4f8
rose pâle,#0ba958
olive,#d5f76e
baie,#16f32e
sable,#5c9cdb
sépia,#a35237
saumon,#cdc3ea
crème,#c1a6ad
cobalt,#7d857e
cuivre,#870b13
cobalt,#0ac071
orchidée,#2703f4
rose pâle,#dde0e1
mandarine,#b649cf
corail,#950e06
baie,#ac4a1b
violette,#d50b94
forêt,#d305ad
obsidienne,#a32e2b
jade,#2b0937
forêt,#09b1c6
mandarine,#447339
pin,#a7a1ef
bordeaux,#e264f9
doré,#29c3b2
orchidée,#76d395
bronze,#80cea2
doré,#c08859
ardoise,#49e3c6
saumon,#fb05ba
obsidienne,#f4ba30
jade,#f023b0
sable,#e086d8
magenta,#3ce291
rose pâle,#18d2b0
jade,#ed8bcb
turquoise,#24bf28
cuivre,#309344
indigo,#dfd121
écarlate,#643247
saphir,#0545ea
émeraude,#6ae679
turquoise,#718726
cannelle,#d0ee07
émeraude,#cffb0b
moutarde,#17a2fc
olive,#b1fc92
écarlate,#0f95ef
baie,#c6b82f
crépuscule,#615b84
charbon,#5818f6
olive,#4fa270
saphir,#4309ad
saphir,#eea3eb
rubis,#f4c368
rubis,#38ddea
magenta,#b05c9a
doré,#3b1e49
crépuscule,#517d4b
turquoise,#9d7999
citron,#47fcfa
turquoise,#fcb0c7
bordeaux,#efaf7e
forêt,#8434eb
cuivre,#dd9b45
bronze,#26e0d2
cannelle,#b5dbc0
menthe,#293905
pêche,#fcbc4b
turquoise,#ac5cf5
pin,#d8a32f
ambre,#905b37
céruléen,#3b3ac9
écarlate,#d7b3e2
bois de rose,#a8732f
azur,#a50988
cobalt,#f51f6e
cuivre,#f000ff
ardoise,#9aaf1f
forêt,#514b37
émeraude,#6fd6b2
bordeaux,#7a1e5d
rubis,#c33be7
turquoise,#2b74ab
corail,#edda94
citron,#9c3d01
sarcelle,#facd6f
crème,#4d8bcf
ivoire,#2e308b
obsidienne,#28a8b9
obsidienne,#6a972f
moutarde,#459dbd
céruléen,#716f0e
cannelle,#0d1295
sarcelle,#7e9416
menthe,#e0a80f
doré,#d50e8d
saumon,#7edc92
rouille,#546a03
pin,#377ecd
cannelle,#ddada9
obsidienne,#9ff218
ambre,#42a637
charbon,#b626cb
lavande,#9d71ce
cuivre,#a09bd4
menthe,#ac0585
bois de rose,#ba0d17
émeraude,#f6c806
pêche,#e1418e
citron,#1d3701
céruléen,#9aa162
charbon,#bd3a33
azur,#32a56e
crépuscule,#1dc8db
rouille,#65d8e0
ardoise,#422c2a
fuchsia,#b5856b
menthe,#1b2e6d
magenta,#51f8d4
turquoise,#c9cfcb
rouille,#90fe5f
carmin,#78b169
bois de rose,#c8dbd6
pêche,#f0ea0c
sépia,#988a70
olive,#ac1fdd
crépuscule,#20e483
menthe,#ca5db6
corail,#820698
crème,#978228
bordeaux,#b8ef2d
saphir,#a64883
cannelle,#5336d6
crème,#c9415b
lavande,#cc9fc7
marine,#531196
céruléen,#8cec44
charbon,#9abb1e
menthe,#8b4228
orchidée,#e9df00
marine,#e68d44
saphir,#8adcc7
olive,#a8aad2
céruléen,#addf32
rouille,#94627f
pin,#601070
sépia,#c5be96
magenta,#970223
acajou,#67812e
carmin,#14e74a
violette,#05a8db
pin,#26ccc8
mandarine,#970229
ardoise,#b5598e
sépia,#e3e1d9
menthe,#076dd0
charbon,#b3e814
rubis,#8e68e0
émeraude,#d8f381
orchidée,#588c6e
corail,#a803eb
céruléen,#7aa166
lavande,#0436cd
orchidée,#682949
rouille,#3c26c8
moutarde,#2955df
céruléen,#10d68e
violette,#8df2e4
saphir,#8bbb59
orchidée,#4164f4
cuivre,#3f1aef
pervenche,#fe42a0
saphir,#cac04d
turquoise,#0a5cea
sarcelle,#42dae7
indigo,#843ae4
magenta,#422524
sarcelle,#ac8d27
sable,#0b2682
émeraude,#bd2f57
cannelle,#e03b95
sépia,#e094bb
citron,#4c2980
sépia,#7e95ba
cobalt,#6248e1
platine,#a45d8b
corail,#39f759
sable,#2e63f8
ivoire,#9c6a70
forêt,#7750ff
cannelle,#7c79c0
marine,#f93b55
orchidée,#8d8b8e
obsidienne,#b4a40e
pin,#ae44f2
crème,#0959f9
olive,#01d1bc
saumon,#9bd17f
ambre,#f19888
ardoise,#c28cfd
jade,#62a3d3
mandarine,#1c0578
ivoire,#719baa
crème,#83175a
magenta,#2e81b4
mandarine,#738ce4
pervenche,#e704ce
violette,#ed2011
crépuscule,#ea92b9
mandarine,#da3aa6
marine,#3c4f74
acajou,#0c6249
menthe,#36742b
pin,#d7b0ba
cannelle,#1ffcda
charbon,#ca933e
pêche,#ca9e8b
pervenche,#f28b94
rubis,#c342c5
bronze,#98d33d
orchidée,#f70c47
bordeaux,#0e154e
moutarde,#fb8d7e
sable,#00ae27
bordeaux,#510bd4
marine,#04d329
forêt,#24f4f9
crème,#5d43fc
cannelle,#419f4c
turquoise,#41b9db
moutarde,#fbe4e0
moutarde,#69ae12
platine,#e889b2
saumon,#7445e7
charbon,#44e4e0
crème,#a14133
corail,#45b47f
ambre,#fd82dc
bronze,#8c6929
carmin,#2c120b
sépia,#500040
acajou,#20172f
citron,#0f91cb
rouille,#162b71
orchidée,#742f9c
marine,#f2c07b
turquoise,#5268e1
ivoire,#e61557
pervenche,#bb9026
crème,#57c1d9
magenta,#326712
corail,#7a5c19
doré,#3815cc
moutarde,#c7d333
sable,#40bbf6
menthe,#3e4d7b
indigo,#fb38aa
sépia,#d6dabd
bordeaux,#2fcd70
sarcelle,#56b59d
ardoise,#7ebe11
forêt,#c998de
orchidée,#f2c8b1
bois de rose,#09d85d
menthe,#d712ae
saumon,#dc4803
écarlate,#bfeb07
bronze,#3ae076
acajou,#6233f2
saphir,#05aded
cannelle,#bdece8
olive,#e6fe02
crème,#d1a277
corail,#d45e5f
céruléen,#366ea5
bordeaux,#1cf1d5
azur,#863c0d
lavande,#1772f6
cobalt,#45e6fa
forêt,#9fcb4b
marine,#e4c906
turquoise,#7f0d48
obsidienne,#2f0d17
doré,#0149c4
rubis,#64828b
menthe,#28df0a
jade,#dc5abc
céruléen,#c5a911
obsidienne,#c2ef22
pervenche,#d4185d
ambre,#ce498b
obsidienne,#dc5a73
doré,#73cfac
magenta,#761873
pervenche,#a8e3da
bronze,#f9c362
olive,#5ddc68
bordeaux,#408fc6
crépuscule,#3809ac
ambre,#91f411
bordeaux,#3fef9f
turquoise,#7df32d
violette,#902713
obsidienne,#e2909e
corail,#f0aec0
azur,#f16a8f
sable,#b7faa0
corail,#fca2ff
céruléen,#023040
marine,#6799d0
indigo,#844daf
sable,#ba5adf
fuchsia,#77fe0d
citron,#6b1c2e
corail,#672eee
marine,#2ad62f
lavande,#9aa1a2
lavande,#be358d
carmin,#daad86
topaze,#510b86
moutarde,#a0121a
charbon,#865fbe
cannelle,#830718
rouille,#3941b4
crépuscule,#39d1f7
platine,#4e46e2
céruléen,#635b4c
doré,#25460c
ardoise,#0be77e
sarcelle,#1fa0aa
turquoise,#b2d699
cobalt,#f658bd
bordeaux,#a5bdba
ardoise,#7f044b
moutarde,#f04945
acajou,#917e85
lavande,#3590ec
forêt,#d3925f
marine,#c07689
bois de rose,#2d965f
citron,#cf3eca
bronze,#6a1c50
écarlate,#c70b25
émeraude,#85f22f
marine,#9da4c7
bronze,#fb16a2
écarlate,#ec2a2b
ardoise,#24246e
platine,#b39ea8
moutarde,#fd9d94
ivoire,#363be3
saphir,#35c1ba
sépia,#29365e
cuivre,#b83e5e
ivoire,#3466c4
ardoise,#7c085d
mandarine,#ec2608
lavande,#f4e6e8
platine,#9b9d8b
platine,#1ee386
corail,#abe558
orchidée,#8c2154
obsidienne,#041986
menthe,#01c428
marine,#843341
lavande,#8881f2
topaze,#564558
olive,#b3917b
mandarine,#da28e3
fuchsia,#259d12
sarcelle,#6e4681
doré,#15d3bf
jade,#e0f834
cannelle,#5a4d45
céruléen,#9c0dcc
pin,#0fa592
indigo,#5897b5
menthe,#9ccb48
mandarine,#891b37
menthe,#c01bca
céruléen,#93f8c1
indigo,#3514b9
cannelle,#b7b17c
sépia,#69c549
saumon,#e752aa
ivoire,#5cf3ec
rubis,#962466
jade,#b52d54
mandarine,#d103d5
corail,#d30159
pin,#5a044b
forêt,#bb5561
doré,#08bb20
crépuscule,#800fff
rubis,#469c60
ambre,#c3821c
pervenche,#4daa5c
cannelle,#0e4f44
pêche,#fd9cc1
forêt,#a4f6e8
saumon,#8f9342
obsidienne,#e36ca5
lavande,#109feb
rubis,#f7d643
émeraude,#8ec917
émeraude,#7e8088
cobalt,#25fd10
azur,#b82dd0
bois de rose,#766201
lavande,#c9983d
baie,#2bf3d5
fuchsia,#765da9
moutarde,#6ff305
mandarine,#2b90d2
rose pâle,#2ed557
saumon,#9c6617
mandarine,#c02580
céruléen,#fee6f2
émeraude,#bd5fb1
bronze,#f36ddb
olive,#3d0fab
cobalt,#8fb4c2
cannelle,#665aee
marine,#6af570
orchidée,#cd48e3
acajou,#e8062e
rubis,#5e8c84
pin,#b02f35
corail,#3deab6
crépuscule,#cf8f34
orchidée,#a83946
crème,#ff4835
baie,#4ed96c
cobalt,#c6fc36
baie,#64011e
saphir,#638732
moutarde,#3f3898
corail,#25e45c
menthe,#a5e5e9
saphir,#cb369d
sable,#3572be
émeraude,#b97899
corail,#c93d1e
olive,#ab6d5b
platine,#dc0f90
charbon,#2cd72f
crème,#513877
forêt,#4f558e
pervenche,#ba821c
moutarde,#b50608
doré,#5e04f7
cannelle,#91b869
azur,#373261
acajou,#e4f23a
pin,#563b02
émeraude,#e65d74
bois de rose,#26eb8b
pêche,#8a409d
rouille,#7cf3c9
orchidée,#bc6090
mandarine,#26b544
azur,#fd84f3
baie,#aeaa3f
jade,#d740a4
platine,#41dec1
cobalt,#e3e254
sarcelle,#46f41a
forêt,#b814cf
platine,#f1ae50
cobalt,#6d0d19
saumon,#a29f26
ambre,#3f556d
fuchsia,#1e0b9f
bois de rose,#b82172
carmin,#4847b8
crépuscule,#5d4563
mandarine,#e0c231
ardoise,#e0337b
bois de rose,#088967
indigo,#457f93
écarlate,#0de28e
sable,#92614a
pervenche,#4c2b15
indigo,#ba0de1
bordeaux,#cde25a
obsidienne,#b0d383
doré,#ecc097
charbon,#8337b1
céruléen,#615d65
violette,#711bd0
carmin,#41cc5f
saumon,#47e7f1
sable,#4ba34d
forêt,#9529a1
violette,#7831b9
citron,#02ef1e
topaze,#45fabd
baie,#0424c8
topaze,#3616b5
olive,#8ae4bb
crépuscule,#fec3a0
fuchsia,#7e7f6b
topaze,#fe0369
ambre,#a9d5d6
magenta,#1f7d5c
menthe,#7752e8
rose pâle,#7e13ff
sépia,#54768c
pin,#0864b8
moutarde,#b79afb
sable,#721403
violette,#e002c0
pervenche,#029d2a
sable,#013dad
baie,#10b92c
cuivre,#b7cfc8
écarlate,#11b699
cuivre,#bec1d1
saumon,#dd0250
crème,#0cfd58
sable,#8377c2
topaze,#af118d
ambre,#ee7edf
turquoise,#80ef74
baie,#b2aeaa
acajou,#c09e24
citron,#48ac8d
indigo,#eebed8
pin,#56927d
pêche,#0977d3
acajou,#28195a
sable,#657854
céruléen,#426887
écarlate,#a72455
sépia,#88ffef
rouille,#61ac7a
jade,#044dd6
jade,#61786d
indigo,#73a43c
bronze,#4ada46
orchidée,#3f6211
saphir,#f2aa59
topaze,#5ed148
carmin,#488740
saphir,#72bddf
crème,#fa63a2
magenta,#c1da29
obsidienne,#95882d
indigo,#7ccec7
olive,#0979e3
doré,#0f9ca9
corail,#0326d1
menthe,#75c71f
sarcelle,#05e288
sarcelle,#8a0186
sable,#8877de
obsidienne,#59fff1
rose pâle,#bc1e2c
menthe,#45e89e
sépia,#a84f0a
magenta,#916369
crépuscule,#62eef4
platine,#71f697
sépia,#bfc7c5
carmin,#8a5333
sable,#c87c19
azur,#c3e719
sarcelle,#06635a
bordeaux,#f2aadb
violette,#95dade
pêche,#88ee2d
rouille,#919367
magenta,#bbd5cc
écarlate,#83d7fa
corail,#5eafec
fuchsia,#0a779a
forêt,#047c4e
bronze,#97e308
sarcelle,#30b2be
pervenche,#64aac0
rose pâle,#756ebc
rubis,#6a1b5a
pin,#4d574e
doré,#193aa6
ambre,#7b2738
forêt,#f82ca5
corail,#17cff3
cobalt,#aba477
acajou,#41fc9a
ivoire,#bde7d8
menthe,#fa7eb4
céruléen,#727603
lavande,#251f4f
mandarine,#a0ea04
bordeaux,#3e9693
émeraude,#621fae
bordeaux,#8169bd
jade,#30d47e
cobalt,#e913a9
topaze,#51f38b
cannelle,#1774c1
carmin,#942648
pervenche,#ac40db
lavande,#74d141
pervenche,#cf5041
pin,#7fd759
bronze,#f5e017
pêche,#b6120a
sépia,#276353
forêt,#4ff512
jade,#d9ace2
platine,#13a3e9
violette,#566191
émeraude,#0a3337
doré,#fa4be5
magenta,#8189ea
bordeaux,#a046f5
baie,#247343
moutarde,#f6610f
ivoire,#687543
rose pâle,#372f0d
cuivre,#9b286d
bordeaux,#b5c0e6
olive,#822f6f
lavande,#f5b2e0
topaze,#ba9045
cannelle,#082acb
saumon,#ffd25b
sépia,#bf3baa
bronze,#e623d9
sépia,#e2ec61
doré,#aeeaf4
pêche,#f61a8f
magenta,#7df253
obsidienne,#9788f3
cuivre,#d8b0df
charbon,#022f65
azur,#a70040
sarcelle,#e6be54
turquoise,#0526b9
sarcelle,#7e2703
ambre,#6deb28
pin,#e14857
doré,#b1a5fb
moutarde,#53f537
citron,#d95c4d
ivoire,#98b864
écarlate,#2da740
ambre,#985232
rubis,#fb0010
carmin,#5ffa50
magenta,#a090dc
pin,#717d7a
violette,#05b313
marine,#1f6378
rose pâle,#f69b87
rubis,#371661
bordeaux,#c3eddb
carmin,#48c78b
rouille,#0d774a
doré,#c4dd39
écarlate,#12ed44
saumon,#78212b
sable,#cafd12
marine,#7f7032
bordeaux,#5ccde3
céruléen,#1a280c
bronze,#e58af7
azur,#a73130
carmin,#448d20
baie,#1121fc
orchidée,#c538c6
corail,#0fc3e2
forêt,#1a5bf1
obsidienne,#dc46c2
turquoise,#2a1e90
corail,#d7dfda
turquoise,#18d7af
mandarine,#14587e
bois de rose,#7e1984
sable,#a47147
azur,#87928c
turquoise,#d74a40
lavande,#bd6dbc
cannelle,#524b76
charbon,#596cfb
crépuscule,#00aad8
charbon,#35562a
ivoire,#520f19
écarlate,#ac13cf
crépuscule,#3683de
pêche,#98a36f
cannelle,#97a4a4
charbon,#4db0d4
corail,#a54dda
sarcelle,#26a36f
ardoise,#b71338
ambre,#c4cbe6
corail,#49ae26
indigo,#70133b
violette,#9b78da
cannelle,#443550
orchidée,#2586cc
platine,#ce35bc
topaze,#eefc39
ivoire,#8dd934
sable,#00aa61
menthe,#0b1ccf
lavande,#fbb01e
cannelle,#edd752
cuivre,#e3a27d
moutarde,#21d4a4
forêt,#d981d7
fuchsia,#618d74
menthe,#28eb42
platine,#35e510
lavande,#438540
pêche,#d0fe65
cannelle,#9401e8
rouille,#dde73c
rouille,#4b59dd
crème,#9e8700
acajou,#92f98e
turquoise,#01037a
bois de rose,#786040
émeraude,#bca913
rubis,#8087d0
doré,#1e105b
sépia,#3c87bf
forêt,#8a8e6e
saumon,#23ebc1
obsidienne,#99e22e
marine,#e0deee
rouille,#1b2b76
citron,#70b573
sable,#729fd3
mandarine,#d7c4bd
sépia,#0078ca
azur,#b54b86
fuchsia,#72587f
platine,#b7e511
menthe,#b79ed6
sépia,#624917
magenta,#369d3d
crème,#13c1d3
ivoire,#32ce08
violette,#41fb8d
fuchsia,#593ba0
ardoise,#a6614f
lavande,#07f1dd
rubis,#574d59
cannelle,#e0d7c2
azur,#4c9b24
orchidée,#ce0126
azur,#309d6a
sable,#5091a0
mandarine,#823f45
cuivre,#3d0579
citron,#0483e4
cobalt,#e72c6d
pin,#564da3
écarlate,#526928
bronze,#68540f
citron,#c84952
citron,#fc3ebf
corail,#e2b0a4
crème,#96c9c1
saphir,#9001fd
corail,#f76fcb
ivoire,#76115d
sarcelle,#ee9c94
violette,#b83f6f
saphir,#e6d585
violette,#b9ba87
bordeaux,#6a39c1
charbon,#5271b1
baie,#51dbae
corail,#4db068
forêt,#192c81
ivoire,#2f06b4
ambre,#823a78
acajou,#fde546
obsidienne,#f75c28
mandarine,#fe4d6f
bois de rose,#5bd45d
rose pâle,#c5ed74
saphir,#4e1c86
rubis,#1721ea
bronze,#79d3c4
écarlate,#ada333
jade,#a4e13f
cannelle,#f5ded9
carmin,#f9d1a4
céruléen,#4bed06
violette,#6a9353
ardoise,#97a0d2
doré,#859191
crépuscule,#2d203b
menthe,#35384e
saphir,#d1983d
baie,#5b0a9a
moutarde,#bc2fca
baie,#416510
émeraude,#7095a1
moutarde,#39ce67
ivoire,#5f99ce
orchidée,#91bd4c
rouille,#2604f0
indigo,#c022ba
jade,#22994d
rouille,#f131ac
cobalt,#72f873
violette,#4fb1f4
mandarine,#4dfc2e
cobalt,#05a816
citron,#372e6a
saphir,#6e11e0
doré,#59bbb3
carmin,#b15fe8
saphir,#cbbbb2
pervenche,#b008ad
lavande,#ec24db
lavande,#9a2979
obsidienne,#c520d6
baie,#127045
magenta,#a44943
topaze,#34b925
violette,#51b73c
azur,#9d63ca
ambre,#2dd145
orchidée,#31ca71
olive,#4c2f14
corail,#6217dc
moutarde,#1bb1a6
magenta,#5a4658
sépia,#16f538
mandarine,#ec1871
saumon,#49046f
fuchsia,#da5716
sarcelle,#c6d6b6
cuivre,#ed7786
violette,#ce904b
baie,#7238c8
baie,#066c4e
rubis,#006877
azur,#29b760
platine,#3f617f
fuchsia,#02f4d7
ardoise,#568b70
sarcelle,#f0cbc6
sépia,#97765d
bois de rose,#d9d3fe
acajou,#2252cf
crème,#329916
mandarine,#35e768
crème,#dfc3b4
menthe,#199c05
pervenche,#89d39e
sarcelle,#e072f5
fuchsia,#5be1a2
saphir,#9126a3
pêche,#2722f1
cobalt,#86cc1a
cuivre,#5c9d0d
saumon,#5a221d
bronze,#d3d9b0
émeraude,#e9c57c
sable,#6fd362
cobalt,#a2e87c
jade,#03351e
pêche,#64cead
magenta,#17348e
charbon,#0e99ec
cuivre,#d03f7e
acajou,#783d41
ardoise,#0b025c
moutarde,#0fb742
saumon,#31084a
forêt,#a4909a
carmin,#87140c
mandarine,#4d5bb7
cobalt,#c007a4
mandarine,#60b156
sarcelle,#64504c
pervenche,#9eaea7
pervenche,#fbda40
crème,#661390
pervenche,#9ea37e
moutarde,#3f7fc0
saumon,#8da8f2
cannelle,#ec37e9
violette,#943e33
orchidée,#cfb24c
bois de rose,#451a5e
pervenche,#5eec69
sépia,#608291
lavande,#509e6e
marine,#48f0c1
indigo,#070f9b
doré,#865c77
cuivre,#9b3365
carmin,#862155
magenta,#7a0ade
sarcelle,#bcced7
topaze,#996566
acajou,#309cc2
écarlate,#c4fbd3
indigo,#94abd3
violette,#f030fa
cannelle,#4bf85c
carmin,#5bc259
ivoire,#27f03d
rose pâle,#3de557
pervenche,#05b66a
bronze,#34432e
pin,#9b9425
cuivre,#96984c
rouille,#84b6e0
forêt,#17eda5
ivoire,#181400
orchidée,#29aad9
olive,#fdf4ed
émeraude,#b2b3b4
écarlate,#8577ae
platine,#33799e
cuivre,#2c0a6a
saphir,#ee6308
sarcelle,#759376
bordeaux,#b56a1f
cobalt,#53fdb5
sépia,#d8fc8c
bronze,#0bf1d4
acajou,#aab89d
menthe,#9c3035
corail,#92dfc4
saumon,#b70c89
turquoise,#d99cb1
platine,#80614e
crème,#b1fccf
bordeaux,#e26bf0
topaze,#ade90d
cuivre,#858fce
émeraude,#36bf54
sable,#5de84d
olive,#3e2918
moutarde,#663fe2
forêt,#352ffd
céruléen,#9de6b9
cannelle,#939236
moutarde,#6d3b1c
charbon,#72fb88
rose pâle,#4ce8e2
azur,#ece76a
charbon,#00d3d7
sarcelle,#b42145
céruléen,#5691d8
turquoise,#058d91
sarcelle,#7228dc
rouille,#3db572
topaze,#5683e3
corail,#a73ce6
cobalt,#613c88
ivoire,#e330a3
lavande,#2b86e7
sable,#e64da9
jade,#5777a0
violette,#20e3e2
orchidée,#6d89d7
topaze,#b07125
citron,#a923a3
sépia,#967d36
sable,#3e060f
écarlate,#609add
orchidée,#85becd
ardoise,#7f60cd
jade,#c61613
lavande,#cce820
saumon,#55d153
crépuscule,#ba665a
sable,#9b0747
carmin,#527673
bordeaux,#68371d
olive,#7528c4
émeraude,#f3d222
bronze,#245f89
cuivre,#ce2385
violette,#e0b012
sable,#619805
ivoire,#1365f0
bois de rose,#f4031a
bois de rose,#813c54
lavande,#f8b562
crème,#59d9c5
pêche,#0ce198
topaze,#052da3
cobalt,#43586e
cannelle,#cdf51c
doré,#47f839
orchidée,#2255d7
olive,#18ddfa
rouille,#d6f55a
émeraude,#7dca9e
pervenche,#7d143c
acajou,#6ea15b
corail,#9d4809
bois de rose,#e103fe
pêche,#ccd3dd
charbon,#26b9ab
doré,#56ce4f
azur,#909340
crépuscule,#bc3bab
doré,#1da61f
pêche,#7b773e
saphir,#3b158d
sable,#d4b538
carmin,#f6ab11
rubis,#159953
rubis,#894b89
lavande,#670eb6
forêt,#9a0666
ambre,#828cea
forêt,#f4c5e9
ardoise,#91c018
sépia,#8516ec
magenta,#85283b
sépia,#66c92f
crème,#c793ab
menthe,#924cb1
émeraude,#0e3ee1
violette,#29f52a
crème,#54b4ef
jade,#3d0ade
baie,#8709a8
crépuscule,#e4722f
cannelle,#f635fd
cuivre,#176c52
rose pâle,#875045
citron,#e10119
ambre,#ffc641
moutarde,#eef1d3
cannelle,#78db32
bronze,#35a477
ambre,#90f611
crème,#0340b9
sable,#d3ff05
fuchsia,#065cc0
doré,#33d559
ivoire,#f6d596
acajou,#d85761
marine,#768cc9
baie,#3f30e6
azur,#356634
écarlate,#72f303
ardoise,#f418ba
citron,#cbb5fe
obsidienne,#c1f2fa
moutarde,#8613ad
lavande,#a7e9f9
moutarde,#c9bfbe
mandarine,#ceeca0
platine,#a2823c
magenta,#966f88
sable,#90744d
pervenche,#98ceef
lavande,#8f5c5e
orchidée,#d61932
azur,#2c763a
azur,#500a0c
sable,#c1aa91
saumon,#e4f162
ardoise,#28bb0f
crépuscule,#12e7da
citron,#3b9e14
platine,#a2d8a3
violette,#33f540
obsidienne,#6d05f2
sépia,#b8517b
mandarine,#928b52
rouille,#1de3b4
citron,#ebf755
bronze,#eb5cf7
doré,#cbafad
ambre,#30488b
ambre,#1b2f06
pin,#e47817
jade,#43a14a
cannelle,#ad1169
carmin,#fd7df5
magenta,#4ae76a
émeraude,#cfdbd2
azur,#e644bf
pêche,#12805c
ambre,#898c87
citron,#f91bca
fuchsia,#e8b963
ambre,#943b5f
lavande,#9c6d26
cuivre,#376635
ambre,#878cbd
écarlate,#1e795e
émeraude,#b4409d
jade,#bf4d9f
écarlate,#d76f7e
obsidienne,#2e94a3
pervenche,#eafb1c
bordeaux,#b521b5
obsidienne,#ca67ea
ivoire,#e95483
rubis,#94ee0e
violette,#d691a7
sarcelle,#0a1128
fuchsia,#84c475
pin,#a4de2b
ardoise,#2a0c96
forêt,#9e1a6b
corail,#1dfb75
magenta,#35862a
bordeaux,#b804cc
fuchsia,#fd537f
pêche,#0c95a0
crépuscule,#d309b8
jade,#3c9826
orchidée,#133582
ardoise,#566463
pêche,#93b09a
forêt,#463eef
ivoire,#52f71d
charbon,#68af7f
pervenche,#736dd5
acajou,#857635
rose pâle,#781c8b
doré,#4a9f57
mandarine,#d4123e
baie,#a317f3
marine,#b79ed6
crépuscule,#5aa3e7
pêche,#b8e7bc
citron,#1a2817
mandarine,#5140a5
bronze,#b8c2e4
mandarine,#b8ffb4
olive,#b4c14e
crème,#931e93
menthe,#640035
jade,#0fe9d4
platine,#7a320c
crème,#de8509
fuchsia,#6b5f16
bordeaux,#302ff6
sarcelle,#2ad82d
turquoise,#584979
cannelle,#d5824c
cobalt,#a2f773
violette,#9bc085
sépia,#6658b5
platine,#360f27
lavande,#c0c92d
acajou,#e56caf
jade,#60f0ff
sépia,#cd6a6e
rubis,#f3887e
pervenche,#18cbef
cuivre,#fabaf3
bordeaux,#8b5d0d
carmin,#5a5ed6
carmin,#a81974
cannelle,#f4d5e0
sépia,#846a5f
ardoise,#43895b
topaze,#803b85
cobalt,#fd0f0b
cannelle,#b24b8f
charbon,#2ecb7f
lavande,#417463
ambre,#b9b89f
fuchsia,#d5b871
bois de rose,#b7ac3c
crème,#8fad1e
jade,#661e08
rubis,#0cd617
ardoise,#9ec180
azur,#f50d2f
bronze,#a2cc90
charbon,#3714c7
cobalt,#3715f8
azur,#a766e8
baie,#adae37
olive,#757fdc
ambre,#550bf1
sépia,#c9c596
acajou,#41becd
topaze,#dc743d
baie,#23153d
platine,#88bf41
olive,#007009
charbon,#7e6dfc
citron,#efbf3b
sépia,#656098
carmin,#113641
saumon,#d371a6
forêt,#66158d
cobalt,#c9d23a
topaze,#f7075b
écarlate,#054954
crépuscule,#c5ead1
baie,#8f2d3f
rubis,#918284
platine,#71a2f0
magenta,#d323b7
olive,#bd6972
violette,#73666e
mandarine,#50661a
sépia,#b50e76
émeraude,#ef2595
crépuscule,#cce4ca
cobalt,#85cbc2
charbon,#a7f352
rouille,#ff663d
bois de rose,#4fb63a
crème,#c6caf3
ivoire,#dd40b5
magenta,#7e30fd
carmin,#4de4a6
ardoise,#22f82d
obsidienne,#81e888
fuchsia,#65e67e
acajou,#5db4d0
cannelle,#335afc
pêche,#17e343
corail,#cc965b
azur,#1a0e3b
ivoire,#eab439
orchidée,#e4ad3e
acajou,#943009
orchidée,#574981
bordeaux,#dbda64
citron,#919abe
azur,#97aaa2
saphir,#119d13
orchidée,#d3b417
bronze,#a5ad05
citron,#bced5e
sarcelle,#bbe77b
olive,#204322
cuivre,#dd2faf
ivoire,#39f7e8
bois de rose,#97bd22
saumon,#ff3395
écarlate,#410f36
citron,#bcc78d
écarlate,#15b217
émeraude,#221fb8
écarlate,#f3a3c9
forêt,#07561f
ambre,#cd66d7
charbon,#effc77
rouille,#021b36
crépuscule,#0c42f4
bronze,#d75e45
émeraude,#4730a7
ardoise,#25afda
sépia,#55affa
olive,#085dfa
moutarde,#87a25a
cannelle,#5023ef
sable,#2c424d
marine,#5531a1
sépia,#0f9ed2
sépia,#b96f6f
topaze,#3ca137
rubis,#cefd60
moutarde,#d32a26
baie,#8c8a6d
charbon,#e6afa7
lavande,#352380
saumon,#60289d
lavande,#9e8d9e
olive,#e5d88b
lavande,#03f23f
acajou,#1896ac
ambre,#a6550f
crème,#090bef
ambre,#062a35
rouille,#c7ec07
rose pâle,#83fcc8
menthe,#41fae2
rose pâle,#578bec
marine,#dac184
obsidienne,#c988a3
citron,#071fb1
baie,#4f047d
acajou,#52aee8
carmin,#792f09
sépia,#104209
pêche,#0aaf52
cuivre,#fd7d03
céruléen,#3d382b
pêche,#93f4ff
orchidée,#f0e20c
doré,#289660
moutarde,#8df021
bois de rose,#511551
céruléen,#3d3eea
doré,#b609d8
bordeaux,#d601ed
platine,#20ea3f
rouille,#a8e1b3
bois de rose,#bd2953
obsidienne,#50ea07
magenta,#834d40
acajou,#287810
platine,#9db861
ambre,#93cc80
corail,#10ff90
turquoise,#0a2df4
bronze,#157fd7
magenta,#9c806b
doré,#e3f4e3
magenta,#b66538
crépuscule,#59398e
émeraude,#87a223
pêche,#e33e73
céruléen,#bb6df9
ardoise,#1d1628
céruléen,#759b3d
bordeaux,#7f406a
platine,#8ca525
céruléen,#6f4854
olive,#778015
bordeaux,#922e60
saphir,#33ce83
platine,#d53d61
sarcelle,#c34288
olive,#c35b6c
charbon,#2aa5e2
saumon,#644f2e
mandarine,#99019c
cobalt,#842b87
saphir,#b83251
sable,#c2585f
ardoise,#a547ab
ambre,#d1e182
bois de rose,#040217
doré,#d1c1c7
saphir,#f4ac6b
pêche,#7f0cf3
olive,#5a2282
mandarine,#7f2c20
baie,#43c51f
rubis,#b56a1d
saphir,#b426d4
émeraude,#d41180
cuivre,#12040f
saphir,#aec81a
bordeaux,#5dc801
crépuscule,#fe7349
sépia,#94ccb1
doré,#149137
baie,#3e143e
sarcelle,#fb2a39
ardoise,#15c489
saumon,#0629d7
céruléen,#706f3c
bordeaux,#62969e
pin,#10d3b0
orchidée,#d639e5
ardoise,#caff30
orchidée,#f01de6
fuchsia,#307ef6
platine,#ce7742
turquoise,#987c09
céruléen,#3d3698
crépuscule,#c84632
fuchsia,#61a378
crépuscule,#3e3918
bordeaux,#2e45d2
rubis,#e1fd26
carmin,#abe10c
obsidienne,#b5c07b
violette,#f3114a
magenta,#586d1d
forêt,#a0a9e2
pin,#1585be
lavande,#34e5fc
baie,#dd5d71
bronze,#14ef61
bronze,#eb4f31
saphir,#73409c
sépia,#77f7f9
turquoise,#cacea9
doré,#051154
topaze,#a19b15
marine,#2190bc
fuchsia,#e2815b
cannelle,#a573c1
topaze,#fc9b95
charbon,#8fb659
marine,#2b9fca
magenta,#130bb1
crépuscule,#54462a
ardoise,#5aa2ad
sépia,#15d061
crépuscule,#f75a39
marine,#538d12
écarlate,#c677d1
bordeaux,#96ece9
sable,#5195d8
marine,#e07547
citron,#29162f
bronze,#9acb3d
ambre,#6cdf89
bois de rose,#03b4e9
fuchsia,#569e6f
magenta,#4197c6
azur,#88a032
violette,#f8b853
moutarde,#c31e0e
sarcelle,#6f8649
ardoise,#32cd3f
charbon,#00e22b
cuivre,#3647c2
crème,#ffa0e1
céruléen,#2109b4
olive,#7ec942
saphir,#6decc5
cuivre,#506229
rose pâle,#f8b5ea
charbon,#443790
émeraude,#0fe10b
jade,#0cb90b
rose pâle,#882608
citron,#813703
bois de rose,#c6a5b7
émeraude,#1ab37b
saumon,#aa24f9
fuchsia,#ac8b9f
ardoise,#f7410f
lavande,#ae0224
bois de rose,#8dbe5a
mandarine,#31e69b
menthe,#43a88b
sépia,#115b9c
rose pâle,#363ab2
turquoise,#91bc9f
cobalt,#361809
forêt,#376d02
pin,#4e97cb
bronze,#823745
cannelle,#2b84e3
menthe,#3fa781
citron,#1366f5
saumon,#85e8ea
moutarde,#11e775
azur,#a32df7
crème,#bc8cd3
émeraude,#88df6c
turquoise,#e833dc
ambre,#5ca310
sépia,#399b82
céruléen,#db4ff5
carmin,#c0b97f
obsidienne,#4fc599
turquoise,#2943cb
charbon,#a153b4
émeraude,#bcf5dc
turquoise,#9736da
azur,#508dae
saphir,#f7a36f
doré,#8baa26
corail,#090454
cuivre,#c9256b
mandarine,#524f55
marine,#ba632a
mandarine,#6c8d37
ivoire,#0a2831
azur,#19a597
rouille,#b4dba4
rubis,#0488aa
menthe,#1859b8
cobalt,#21971c
forêt,#b1c4c2
ivoire,#74594a
bois de rose,#58b423
marine,#7e726c
menthe,#2bc204
orchidée,#7158c3
indigo,#158f04
sarcelle,#704ebc
céruléen,#7659a3
cobalt,#7448f7
acajou,#c0e184
pin,#dca60b
jade,#d50aba
cuivre,#b140e0
écarlate,#4cce15
rouille,#812e50
saumon,#41faae
ambre,#b35868
acajou,#99c7b0
carmin,#e32dc7
cobalt,#a2b8ca
ivoire,#b8aecb
acajou,#523d37
bordeaux,#cf710d
citron,#c2977b
charbon,#b8c4bc
doré,#3885a0
obsidienne,#393405
carmin,#a3620a
indigo,#480642
pin,#cda778
citron,#d5e6d9
crépuscule,#29a6e3
corail,#ce86ab
violette,#83e927
doré,#8eac02
lavande,#8c2880
sarcelle,#8b0b93
citron,#294114
bronze,#d4d105
marine,#1c8d32
mandarine,#ea5db4
céruléen,#90a532
ivoire,#ede7e5
bordeaux,#b7a7ea
ivoire,#c796ae
jade,#f65d0c
indigo,#18a2e0
forêt,#22b6eb
rouille,#72c5c0
céruléen,#fb36f9
cuivre,#31195d
saphir,#293bd8
fuchsia,#9fbbe3
jade,#f00d0c
écarlate,#367977
ardoise,#522da3
saphir,#84f6b1
carmin,#d8d65a
doré,#19c2fb
indigo,#6275a2
écarlate,#70f453
ardoise,#e42186
topaze,#5f2d1b
doré,#f187b1
charbon,#231918
crème,#98fdab
bronze,#fd43c4
rose pâle,#5b2136
crème,#061598
ambre,#0aa88d
fuchsia,#44abdb
doré,#d211a0
magenta,#6df6a9
jade,#79ca21
rose pâle,#b5bc19
sable,#a73c9b
acajou,#ef6680
menthe,#62e441
menthe,#f735e0
sépia,#1f00e6
baie,#9ecaa8
moutarde,#5d0fe8
charbon,#c71f74
écarlate,#515403
bois de rose,#770674
corail,#65215b
sarcelle,#7b2348
émeraude,#93b747
bordeaux,#3f642c
obsidienne,#228b48
jade,#fd80c0
violette,#6d1289
cuivre,#0ba097
platine,#fc362a
fuchsia,#54982b
indigo,#9abb21
émeraude,#b1c245
ardoise,#cb46a5
écarlate,#264406
crépuscule,#9f6491
citron,#de0902
mandarine,#9b7052
acajou,#9ddbf8
platine,#117d80
forêt,#df39ec
mandarine,#35ed1a
olive,#192795
céruléen,#77aa1c
violette,#3e92a2
rouille,#1d5502
ardoise,#dca32c
topaze,#55cc9b
pin,#960bff
céruléen,#b7c10d
pin,#80fed5
pervenche,#4f7ae8
topaze,#4d0aaf
bronze,#fde7c0
pêche,#4a2c73
ardoise,#7d467e
jade,#6b044b
corail,#7394a5
saphir,#fd839a
lavande,#262aa3
fuchsia,#aaf185
saphir,#dc7771
rouille,#e6ae18
ivoire,#6ab24a
rubis,#c21b12
jade,#5a54b5
cobalt,#938469
saumon,#e2dbff
émeraude,#dd0655
cobalt,#1652e6
charbon,#24271e
bois de rose,#bd48a0
lavande,#a80f37
bronze,#7dc1ea
jade,#842bb1
céruléen,#0721ae
azur,#9f8b3e
jade,#c3a802
orchidée,#594ba7
fuchsia,#22cad0
cannelle,#d4799b
cannelle,#12ab95
céruléen,#d5fd00
crépuscule,#13c7a0
olive,#3f224e
mandarine,#6949a9
azur,#f31a31
saphir,#b15501
topaze,#881f7a
menthe,#e50b24
bordeaux,#1c7f47
rubis,#69aedc
sarcelle,#640df0
sable,#7fa40f
pervenche,#0691ee
bois de rose,#0daed2
ambre,#014871
cannelle,#58fa95
bronze,#8eb1b3
bois de rose,#ca0e9b
doré,#49c38a
bois de rose,#f72377
ambre,#f3de3a
rose pâle,#96e5f7
saphir,#5b369f
sable,#67876f
fuchsia,#a577bb
doré,#10de25
écarlate,#9879c4
indigo,#8394e3
obsidienne,#8bf89a
saphir,#53d510
cannelle,#662110
crépuscule,#acdf28
mandarine,#ebd3ea
pervenche,#f0da79
sépia,#f32274
cannelle,#34a202
cuivre,#bd385e
pervenche,#cddf91
turquoise,#206603
menthe,#736a83
crépuscule,#37ea15
ivoire,#e11a31
baie,#7275da
jade,#5d4a17
orchidée,#13ddce
bois de rose,#5f584f
crème,#4577e0
corail,#956c85
jade,#94d2db
rouille,#242e5e
carmin,#a8603c
sarcelle,#1b4897
rose pâle,#ec15a6
fuchsia,#e01ece
moutarde,#f60945
topaze,#a181ff
lavande,#746f7b
mandarine,#4cc07f
saumon,#a3a137
orchidée,#b6bcc0
pervenche,#fd1482
violette,#1a830e
lavande,#6ab784
sable,#845bf8
acajou,#ee8061
acajou,#0f652f
corail,#2bc3fc
crépuscule,#dfd204
marine,#b55a42
bois de rose,#8f23bb
rubis,#921384
marine,#2b6014
azur,#d482a8
indigo,#9f487d
citron,#43624b
sépia,#4df227
violette,#be7c80
topaze,#e27977
orchidée,#cdf228
mandarine,#bbaa65
ivoire,#e50ae8
bordeaux,#b11f3c
moutarde,#c6f8eb
violette,#a59933
menthe,#ce261d
baie,#46fec6
platine,#5c1f57
carmin,#4bfd3e
baie,#6d0a3a
bois de rose,#36c37c
charbon,#771c4a
jade,#9afbbc
pervenche,#d55ff6
doré,#49f1e8
platine,#95837c
rubis,#e57bb8
cobalt,#eaff66
ambre,#f212eb
orchidée,#059337
cannelle,#de5031
azur,#81fa37
saumon,#1a696a
pêche,#c8e482
topaze,#c01920
crépuscule,#1e3ed4
céruléen,#1753ed
mandarine,#4bf1c3
azur,#515dc5
indigo,#f80de6
acajou,#3d106f
émeraude,#da323a
azur,#313652
rose pâle,#2a3d32
indigo,#8d3cae
sépia,#3e4fc6
obsidienne,#2bc582
carmin,#20f6e0
platine,#1c94c8
céruléen,#dce0ce
topaze,#427ed5
topaze,#4b1132
mandarine,#a10066
rubis,#23cb43
sable,#96eba0
obsidienne,#f3fbb1
fuchsia,#595327
citron,#414b3a
topaze,#bba2c9
marine,#83d669
violette,#9904e9
turquoise,#0d1963
ivoire,#38a13f
violette,#7b39b6
rubis,#bf2dde
bois de rose,#1174f8
rubis,#814949
ivoire,#2eb236
émeraude,#5a98ba
forêt,#ccdf21
topaze,#6da39f
topaze,#3cb1da
bois de rose,#4af112
orchidée,#05c6c8
émeraude,#9fc0f7
ivoire,#bc052b
cobalt,#c959c9
obsidienne,#61db36
magenta,#924f2a
marine,#2d078a
moutarde,#3ac38b
écarlate,#d0421b
saphir,#e35ed2
saumon,#3e24bd
rose pâle,#da3b09
azur,#15d584
cuivre,#f4d23e
azur,#cd6818
cobalt,#a752a0
platine,#60804e
forêt,#beea7a
obsidienne,#2b7e8d
carmin,#1335ae
céruléen,#b1a8d4
corail,#ffb2a8
saumon,#506ca3
marine,#c34265
fuchsia,#dabad9
ardoise,#23077a
saphir,#9aa829
indigo,#3b712b
rose pâle,#b284b9
ambre,#1e114e
acajou,#d7ee77
saphir,#342200
doré,#fc9d91
crème,#36a997
rose pâle,#43ce3c
cuivre,#f7a55f
saumon,#089967
ambre,#cd7d17
violette,#528d9a
sarcelle,#4e78fb
rubis,#c36eff
corail,#204ba2
acajou,#9ffade
crème,#81ca37
marine,#770448
magenta,#28e5ba
émeraude,#296585
forêt,#0a3a7e
corail,#814709
sépia,#5118a3
moutarde,#7346c6
baie,#741057
cannelle,#374e4f
doré,#9cde24
ambre,#bfd49c
topaze,#c28427
pervenche,#ed6baf
pêche,#4c7498
céruléen,#a1f03f
carmin,#f52e83
bronze,#1b18cb
carmin,#87eb7b
obsidienne,#ebd92a
cannelle,#7696d1
violette,#45de0f
crépuscule,#72976e
mandarine,#b7b065
orchidée,#c55e6c
céruléen,#e74920
saphir,#c3eb64
platine,#5bd550
sépia,#51c966
pêche,#027c28
charbon,#d31aa0
indigo,#6cb9a3
doré,#5a0ee4
violette,#7969eb
turquoise,#be67c7
forêt,#cff823
moutarde,#ccf239
bordeaux,#1bd2f8
pervenche,#b24f32
moutarde,#c019e4
sable,#dab4bc
azur,#74b282
rose pâle,#42e6b7
crépuscule,#3136f0
forêt,#cb2aa2
cobalt,#347b75
pêche,#be595c
indigo,#e9ec67
violette,#532ed7
mandarine,#24ffd5
ivoire,#235f8d
pervenche,#8c138e
baie,#53f276
topaze,#f3c11e
topaze,#109736
turquoise,#dbc040
obsidienne,#f92b6f
ambre,#eaf24a
rose pâle,#b7a444
corail,#1ea0e0
ivoire,#8e83b9
azur,#10fc24
bois de rose,#bc51e4
rubis,#259159
sarcelle,#82a3f8
écarlate,#259916
doré,#75a652
orchidée,#24c7da
lavande,#efda33
saphir,#e7000e
charbon,#8eba49
ardoise,#8a6ee5
pin,#25bbd0
pin,#6e6b3d
saumon,#2e708a
lavande,#b83e98
bois de rose,#14e7f8
sépia,#17b6c4
ardoise,#c83baa
bronze,#ee0f0a
rose pâle,#e2621d
ambre,#9f759a
pêche,#0538e8
obsidienne,#cf9739
cuivre,#1297fb
doré,#0278d4
céruléen,#0ad359
marine,#c81141
cuivre,#5b1d90
corail,#d696b5
lavande,#d59120
bordeaux,#49edd3
topaze,#76ba2c
sable,#986e99
topaze,#7470ee
cannelle,#4e62ac
écarlate,#a4ac42
rubis,#c74702
crépuscule,#abc503
indigo,#fdbfcd
ardoise,#745782
bordeaux,#33b131
cuivre,#3660cb
pêche,#e7b946
jade,#b836f3
bois de rose,#909979
charbon,#c678cb
sarcelle,#dde3e9
indigo,#beefc4
charbon,#e21eeb
jade,#2a8fc5
lavande,#819dbd
indigo,#2b734b
bordeaux,#04abab
sable,#22d1e7
magenta,#d80286
citron,#b9a190
pervenche,#27969a
cannelle,#191cb8
rubis,#7f2a54
bronze,#24454e
rubis,#ed32ce
ardoise,#2d822f
sable,#bbc11c
bronze,#18bb85
crème,#d7009b
écarlate,#48b51b
crème,#a5565d
azur,#81c54e
lavande,#ae2943
rouille,#adb81e
doré,#f4bcc0
moutarde,#ef1e79
fuchsia,#fc29a1
azur,#6f66a8
bordeaux,#bc0d72
magenta,#eb1e33
sarcelle,#2406a9
moutarde,#37ee12
ivoire,#2b2167
baie,#245005
marine,#a61bb4
écarlate,#5fa64a
obsidienne,#de3af1
émeraude,#918f89
forêt,#83c2f3
forêt,#d3cdc3
bronze,#b60061
saumon,#305994
écarlate,#8ea3a9
doré,#c99a75
émeraude,#3360d2
ardoise,#cceeaf
carmin,#ae84c1
crème,#bcc2bd
bois de rose,#cfa1a6
jade,#74426c
jade,#9a590a
olive,#eac92a
rose pâle,#5e338b
sarcelle,#e30013
orchidée,#bca42c
orchidée,#202caa
baie,#a87082
pêche,#594776
céruléen,#fe7fd5
mandarine,#cb1ec6
carmin,#7b0b3a
jade,#d2d1e6
bois de rose,#67435f
moutarde,#76edb2
sarcelle,#3a4116
cuivre,#770b9c
turquoise,#d3a5aa
orchidée,#339bf3
cannelle,#30ff29
saumon,#1d032e
sépia,#1eba7e
orchidée,#6fb0be
sépia,#8d9b90
saumon,#0100ef
fuchsia,#1bbec7
saumon,#4b5074
bois de rose,#0866fb
azur,#5bc661
bronze,#08ce81
rouille,#654313
rose pâle,#e47d79
bordeaux,#f33f3a
marine,#0e1266
orchidée,#40d496
saumon,#d54002
sépia,#e45821
topaze,#e53e6a
écarlate,#fd248b
sable,#848e61
cobalt,#58b67b
obsidienne,#8ab01c
baie,#320229
émeraude,#42a1db
obsidienne,#c56c74
saumon,#40a4d8
ambre,#28c55f
charbon,#2038a7
bronze,#c1bbb0
mandarine,#51fbcc
indigo,#23cc0b
rouille,#b214fb
orchidée,#fd7d59
carmin,#9ceb12
saphir,#adcff7
cuivre,#19592a
saphir,#eb5f73
corail,#a1603a
rose pâle,#9b9449
saumon,#4872af
sépia,#e4c254
obsidienne,#d6f05c
cannelle,#1f48b7
turquoise,#d42f1c
ambre,#86edf7
bordeaux,#388ab0
ardoise,#fe7262
mandarine,#39a0a2
rouille,#87e36c
lavande,#878406
doré,#8726c7
violette,#a258a5
crème,#4d2844
charbon,#d635f1
turquoise,#8c72a3
magenta,#74f14b
indigo,#74670e
bronze,#af67af
pervenche,#510e6c
cobalt,#dfb9da
pervenche,#631422
sable,#a80c9b
olive,#b22bfb
orchidée,#8df225
doré,#6c8c37
saphir,#1dff59
sarcelle,#833fff
pervenche,#f0652d
pêche,#cc0a05
topaze,#9ce224
corail,#ba2354
émeraude,#d8d2dc
rose pâle,#567ddf
écarlate,#df8c90
sable,#e4940b
menthe,#18af62
turquoise,#d21846
carmin,#aaa4a3
citron,#dc8974
orchidée,#fb7aeb
pervenche,#6ed1b6
fuchsia,#455898
violette,#6864cb
saphir,#248238
sarcelle,#99f960
corail,#8c44e1
olive,#7d7a40
corail,#bd9872
doré,#685b41
acajou,#c27890
bronze,#d46895
charbon,#7f6eed
pin,#45321b
rubis,#518847
topaze,#e6066b
obsidienne,#c72f7d
cobalt,#95c661
baie,#7f7e38
cobalt,#388091
corail,#dc07d9
baie,#a06bdf
lavande,#667fd4
rose pâle,#3859bd
marine,#8dbdf7
bronze,#397e22
mandarine,#81b0fe
doré,#9d1522
acajou,#7f36dc
carmin,#60633f
pervenche,#624fc5
bois de rose,#4acb6f
bordeaux,#39dfc3
olive,#68db95
acajou,#3044bd
forêt,#0dcf8a
platine,#2b5cbc
fuchsia,#981844
corail,#7a5433
ambre,#480e94
azur,#f185bd
bois de rose,#70ebf5
violette,#19b4c2
lavande,#6e8f48
violette,#d6b8cf
sépia,#22a13b
doré,#2a1d85
charbon,#1a53a8
charbon,#3a7854
émeraude,#54de84
violette,#2a07ba
sable,#0c9f0e
moutarde,#41d6af
corail,#d9eb78
saphir,#d5d4e1
cuivre,#e20c3e
moutarde,#97ffc0
lavande,#fdf936
platine,#3749c2
pêche,#0831a3
ambre,#344e1d
sarcelle,#cb39fb
pervenche,#21ab73
fuchsia,#cfaa42
crépuscule,#ef147a
cobalt,#c61611
rouille,#fdea31
bois de rose,#5cb59b
platine,#12a1b0
platine,#7662e4
doré,#396330
pervenche,#4e346a
ardoise,#5f6dd2
jade,#481e5d
obsidienne,#7105bb
saumon,#feb32f
cuivre,#8930cb
sable,#a26e50
sarcelle,#0fe1b8
écarlate,#4a8506
menthe,#8ec636
pêche,#ce547b
forêt,#458c0c
crème,#3ce8b6
saphir,#9a9072
charbon,#133037
orchidée,#73aec9
acajou,#52f3d8
saphir,#8658b3
moutarde,#2547b4
topaze,#4dfeb0
indigo,#873f21
orchidée,#064461
rubis,#eb2b8d
rose pâle,#392772
jade,#2fb6cb
ivoire,#3990c6
magenta,#376c78
acajou,#da9379
doré,#fbd3ba
baie,#6d2e23
mandarine,#1b249b
citron,#9c2798
sarcelle,#b132ff
lavande,#d0e61b
pêche,#03ebb1
crépuscule,#0affdf
mandarine,#20f162
mandarine,#6b07bc
platine,#0ba53d
magenta,#16ff46
écarlate,#59acf8
baie,#9d1487
émeraude,#c87be9
doré,#cf6951
saumon,#8f3e2f
bronze,#f966b7
bordeaux,#a84b1e
émeraude,#7726c9
écarlate,#36b6ba
charbon,#529f8c
baie,#770d0a
carmin,#96e426
bois de rose,#fe6405
menthe,#87de1f
ambre,#cd876f
lavande,#36206f
acajou,#8399a9
saphir,#05dffe
fuchsia,#ecd2d8
turquoise,#eeb804
baie,#fdcced
olive,#2f8a89
moutarde,#ad9c19
fuchsia,#680047
carmin,#d91cdd
magenta,#7b0cc9
cannelle,#811d80
ivoire,#d42368
platine,#1e0abf
cuivre,#0d026e
ivoire,#bc02e4
indigo,#746323
bordeaux,#6b5939
baie,#bbb35b
cuivre,#4d9501
pêche,#637d49
pêche,#49732b
cuivre,#0fe8f8
topaze,#62e412
crépuscule,#219f1f
saphir,#1e31d8
sable,#c86dfb
cobalt,#4d5510
bordeaux,#71acde
cuivre,#73f467
olive,#e8c3eb
céruléen,#63650b
sable,#2d53db
saumon,#a5f511
jade,#c86f30
ivoire,#bd2a7e
forêt,#28ba4e
émeraude,#1bc012
sable,#94cc8c
ambre,#8aed34
saumon,#ea613a
doré,#131d14
carmin,#4d96ab
lavande,#5345dc
doré,#855302
émeraude,#bd5141
rouille,#cfb458
violette,#644195
crépuscule,#6f2fa6
cannelle,#5ee2cf
menthe,#0b3bda
carmin,#965e53
azur,#9a3c89
émeraude,#f08aea
pervenche,#0cc00f
saumon,#045acc
acajou,#dbfd2b
cannelle,#d4ca85
marine,#98a89f
crépuscule,#787a0c
platine,#796538
carmin,#d7ed47
jade,#9d6a84
rouille,#1d5ca4
jade,#06df84
baie,#5be138
bois de rose,#c261c9
baie,#e7a1b2
platine,#95910b
forêt,#13915e
sépia,#884278
bordeaux,#790eb4
topaze,#0a6fb0
citron,#6ec100
doré,#97f9b1
moutarde,#48d98b
ardoise,#1061c3
indigo,#19b5cb
crépuscule,#8b4810
émeraude,#794daf
cuivre,#dc9574
ambre,#4cb51c
saumon,#62c083
rouille,#d100e6
ardoise,#4eb835
ambre,#572f52
acajou,#e5b4c7
carmin,#ef3285
ambre,#58298c
moutarde,#df8c34
pêche,#7b7d41
magenta,#74ec8e
crème,#8c25fd
pêche,#d1e589
olive,#21fa18
olive,#2f3946
sable,#e7259f
rose pâle,#ae2bca
turquoise,#0e748b
fuchsia,#3ac438
bois de rose,#d08fb0
écarlate,#62dbe6
acajou,#014ebe
carmin,#d84408
indigo,#b14bb1
turquoise,#e468ca
orchidée,#22a7b5
carmin,#9deb5f
écarlate,#af7468
sarcelle,#2a6d99
écarlate,#dab73e
rose pâle,#2fdea9
écarlate,#432a05
menthe,#4ab5e0
cobalt,#d7634e
sable,#481fec
ardoise,#ecfc9c
pervenche,#ccd4da
magenta,#c1002f
céruléen,#20f888
pervenche,#215f21
acajou,#1196e9
marine,#cddb48
rouille,#7d9a19
pêche,#f7bd60
émeraude,#02ff32
bois de rose,#17a9ba
citron,#32dfc5
violette,#066558
saumon,#33d17c
citron,#95e8ac
menthe,#6f774a
ivoire,#52e43b
pin,#75300d
sépia,#074e61
azur,#067065
magenta,#076c01
rubis,#3825f8
pervenche,#75ac46
crépuscule,#06229b
mandarine,#e4e0c5
crème,#440fbf
pervenche,#7e0ef1
sable,#6dca95
crème,#755682
saumon,#8cc37d
crépuscule,#dc2d67
saumon,#ce5a58
crème,#68ad31
corail,#5e9f5f
doré,#a289ed
moutarde,#4e7fd4
baie,#d5c0be
jade,#a0a331
rose pâle,#1f9cc3
rubis,#fd0098
cuivre,#186cb7
pin,#3d8ec9
obsidienne,#ec33b0
azur,#3d6e2e
platine,#66f631
ivoire,#9c241b
olive,#49b505
obsidienne,#480236
cobalt,#198ec4
ivoire,#e72040
saphir,#4f3489
obsidienne,#02d9bb
carmin,#121e7f
céruléen,#74e672
obsidienne,#3b3807
pin,#e7b5f6
jade,#3fee67
fuchsia,#06ddc4
bois de rose,#9f8348
pervenche,#125fc7
sarcelle,#481828
platine,#37dcb1
sépia,#c19207
citron,#0f9791
bois de rose,#362ba4
saphir,#f00b2c
moutarde,#202f91
magenta,#c95d78
crème,#470a45
doré,#818448
forêt,#6f918f
jade,#7d7dca
bordeaux,#425e30
doré,#9ada86
moutarde,#87818a
pervenche,#ec1122
forêt,#37ace8
magenta,#d31bd1
olive,#63f144
moutarde,#f0ae70
orchidée,#b4d2ed
saumon,#d9fd0b
fuchsia,#e78f4a
pin,#7b6986
jade,#be30c2
bois de rose,#ab0ccd
doré,#4c826d
saumon,#bb12d2
baie,#71dcd8
saumon,#b580fe
écarlate,#efe0d7
moutarde,#d89799
orchidée,#c00d4a
sépia,#7c0442
doré,#d31e0c
acajou,#770667
forêt,#26e259
topaze,#08fdbb
charbon,#818c36
pêche,#5fb908
saumon,#c0e532
magenta,#71d7b4
bronze,#40ffc3
turquoise,#85bbef
rose pâle,#0f584e
sarcelle,#3f7231
mandarine,#ecbc5b
bordeaux,#807fbe
bois de rose,#55d0a4
magenta,#ccee1d
ambre,#95ba81
forêt,#af1595
corail,#7fdec1
sarcelle,#7a7a63
écarlate,#69b176
violette,#7234f1
magenta,#e400f5
saumon,#afc2df
topaze,#a31bb6
cuivre,#7dd05b
olive,#2d576f
pervenche,#ccf4e6
céruléen,#af9765
violette,#7b3b21
saphir,#e50f1e
ardoise,#bd40b4
baie,#56a5d8
indigo,#a4905d
ardoise,#37c91a
ambre,#e7ebed
doré,#817152
mandarine,#d034b6
fuchsia,#f55c8a
cobalt,#e548d9
fuchsia,#9401c1
menthe,#65fcd9
orchidée,#e2bdbb
céruléen,#4cb77c
cuivre,#619fb7
lavande,#351178
bronze,#7383fa
cobalt,#d40e7b
saphir,#ac5cda
orchidée,#988845
azur,#8eb608
acajou,#8f3d10
rouille,#d99fa1
citron,#2ebe68
jade,#f8390b
bordeaux,#ac0275
marine,#1454a6
crème,#d35b9d
marine,#30f9fe
ardoise,#ecdcc5
rose pâle,#d8e982
acajou,#0b9e5b
rubis,#594a89
moutarde,#2c847c
platine,#c2af49
écarlate,#e330b9
ambre,#7678ee
rouille,#9e07fe
forêt,#12ff7e
sarcelle,#0123ca
topaze,#3c1f03
moutarde,#fada39
ivoire,#b1cf98
obsidienne,#9b4061
saphir,#30f873
charbon,#f6840a
cuivre,#11a2eb
magenta,#e4b881
forêt,#3c2d2c
violette,#77e292
ambre,#b0f593
bordeaux,#f7ba47
pin,#bf1858
forêt,#3e4672
charbon,#fe469a
rouille,#88d0ff
acajou,#dc7e10
violette,#e7809a
turquoise,#7a7637
doré,#c9d1a4
pêche,#7b4eae
citron,#ca3bc3
obsidienne,#4957b6
sépia,#54db21
cobalt,#b8a18b
bordeaux,#26a2e0
fuchsia,#737c02
marine,#d3d9f9
topaze,#5a7717
baie,#e529c8
turquoise,#70d15f
menthe,#607ab9
forêt,#4d260b
olive,#3fa8f0
marine,#42072e
azur,#e5c099
corail,#0cd112
baie,#d105aa
magenta,#d7db17
forêt,#1a68f1
sable,#5206d9
saphir,#d16fe6
marine,#8e01e7
turquoise,#f72403
crépuscule,#0612e8
moutarde,#de5ef7
bois de rose,#29271a
émeraude,#14e703
magenta,#faac82
azur,#3f0109
forêt,#885510
marine,#c2c3b0
olive,#1e4081
rose pâle,#41f92b
sarcelle,#c9ab69
turquoise,#2bb2c0
topaze,#c9cd68
rubis,#0e8c0e
rose pâle,#df1d71
ivoire,#9e59a4
cuivre,#ee97f4
topaze,#abfcea
marine,#3fe0f8
orchidée,#4189e5
saphir,#a2fd9d
baie,#ef102f
sable,#55e5bf
charbon,#b83d43
acajou,#fc2cef
mandarine,#d719d4
céruléen,#eaf3a2
marine,#181231
acajou,#67a448
marine,#1a5c7e
saphir,#2dc729
saphir,#70fdc7
sépia,#f52039
rubis,#55e943
écarlate,#753b83
charbon,#dc1e60
violette,#58c321
céruléen,#e01d2f
crème,#e0a405
platine,#7a4ba8
azur,#ac0459
saumon,#4242d4
corail,#e344d6
orchidée,#e03ac9
acajou,#89b9d1
moutarde,#0e7407
sarcelle,#e24ea2
ambre,#17e710
écarlate,#6d06ac
jade,#566d8b
cobalt,#f443bb
crème,#476c1a
corail,#ad7c96
obsidienne,#11ce6a
azur,#96faee
ardoise,#9de394
ardoise,#85a24f
fuchsia,#e35408
ardoise,#3769f0
saphir,#58c082
cobalt,#5ae04e
céruléen,#cbc03f
sépia,#a6564a
pervenche,#6aba5a
acajou,#3e7153
topaze,#8a4a96
pin,#a61fdd
pin,#77c5d2
doré,#656713
doré,#b52fcc
acajou,#e91081
jade,#d3acb0
rubis,#53a965
platine,#36b1df
pêche,#6ac41c
turquoise,#3b49bf
marine,#efe6cc
platine,#bd4650
violette,#077c20
cannelle,#467b80
écarlate,#451804
crème,#1a22c4
magenta,#4be925
sarcelle,#7cc44d
magenta,#984408
rubis,#8e3f80
lavande,#6c59e4
lavande,#d8ab44
jade,#6ba0f3
cannelle,#a8b0d5
cuivre,#a4a713
cannelle,#e2403c
ardoise,#dbd39f
pervenche,#87053c
céruléen,#58df22
émeraude,#8e7961
émeraude,#66f2d8
pin,#df40a5
citron,#ecf091
ivoire,#2b894b
rouille,#c3f77a
marine,#c87ebc
bordeaux,#32c9bb
rouille,#743ca0
bordeaux,#74b22e
citron,#e5ace5
mandarine,#4c827a
mandarine,#4b5b59
cobalt,#1a997b
forêt,#25db7d
cobalt,#afd2c3
ivoire,#9ade18
crème,#15db22
azur,#79129d
sépia,#2e2780
forêt,#e37a51
violette,#f86c7b
baie,#1a1e21
pêche,#9337c4
azur,#68d4d3
sépia,#de2965
crépuscule,#349fbb
bois de rose,#5b4fd9
jade,#b45203
obsidienne,#0743a4
crème,#eb8aae
lavande,#c36e57
azur,#57f873
corail,#38a902
saumon,#63ec28
cuivre,#2aab13
charbon,#45de78
ardoise,#cd644d
topaze,#2756f6
émeraude,#867636
indigo,#016e59
fuchsia,#f36105
mandarine,#a13aa6
sable,#069923
fuchsia,#882c11
forêt,#07364c
olive,#b38a32
ambre,#21dde0
marine,#a21874
saumon,#a5373d
moutarde,#521d9c
jade,#76ff14
pervenche,#24f7e0
forêt,#972eff
crème,#ba0ba3
sarcelle,#1e1a08
cobalt,#1e3744
crème,#04212e
bordeaux,#cdbb1e
olive,#e0213f
magenta,#30ef4a
corail,#17c925
cuivre,#9b3c56
ardoise,#8423fa
rose pâle,#d93dd4
sable,#99b107
pervenche,#90992d
indigo,#783ce6
céruléen,#8af137
turquoise,#a38332
émeraude,#ac29e9
cobalt,#eb38ca
ardoise,#85faac
saphir,#9a9505
rose pâle,#26a124
doré,#e71988
rose pâle,#48d1f0
sépia,#02f4ad
jade,#d52ab4
saumon,#6e1896
rubis,#75e129
menthe,#5a8526
saumon,#980f09
ambre,#b59b60
rubis,#66e40b
acajou,#010d34
rouille,#1d5d2c
magenta,#18621e
sarcelle,#cc5af7
sable,#d6019a
moutarde,#6cc0b2
citron,#7eee93
bronze,#2d813f
pêche,#07ae78
charbon,#c6984a
pervenche,#3c6d81
doré,#48fefd
émeraude,#168d24
sépia,#46ad10
indigo,#0d40c0
violette,#64fccc
écarlate,#c8ee61
fuchsia,#3015fa
pin,#14e381
magenta,#05e755
pin,#0f8bec
charbon,#1b9053
saphir,#3dba48
sable,#c0d6eb
bois de rose,#8a9488
marine,#98c6f7
orchidée,#1be3ca
citron,#89e1bd
saumon,#afb783
forêt,#a33dad
sable,#6201eb
moutarde,#07ec56
azur,#648423
turquoise,#05980d
violette,#d28d21
céruléen,#331d10
mandarine,#e49eab
ambre,#699f0b
saphir,#e7dd9b
fuchsia,#b53bfc
sable,#fb29c5
ardoise,#4626e8
rose pâle,#cf10ca
bronze,#8009b0
orchidée,#222ae8
marine,#aa5012
mandarine,#2f48e2
crème,#f38c89
obsidienne,#c6dbd8
ivoire,#ce0e0c
ivoire,#2da3e6
pêche,#d02dd9
acajou,#2f76be
acajou,#ae7eb9
topaze,#0b2fbf
cobalt,#2582fe
olive,#50489c
rose pâle,#181488
indigo,#f59954
carmin,#896229
turquoise,#15a151
topaze,#c58399
ivoire,#05abee
cuivre,#4cc33d
cannelle,#6606f6
ardoise,#0b6c4d
saumon,#7661f5
bronze,#e15743
pêche,#1986fc
citron,#b710cd
sarcelle,#45c1f6
turquoise,#5756cd
bordeaux,#e657df
marine,#18a7f4
azur,#be64f0
violette,#f388e5
émeraude,#99b86b
céruléen,#0698ac
magenta,#fa4fee
obsidienne,#d13271
lavande,#689c4a
cannelle,#f722e0
crépuscule,#56ebdb
cobalt,#d22112
cuivre,#f46e33
magenta,#0f5542
azur,#9554ee
cobalt,#a7663a
pin,#780829
doré,#085049
acajou,#f3470e
sépia,#07530a
platine,#92dcfb
indigo,#376675
moutarde,#eef3f5
acajou,#ac1b37
lavande,#277880
rubis,#bc8bdd
ambre,#fa93ce
fuchsia,#9b8bb0
cobalt,#788079
lavande,#4dcd68
rubis,#5ef13d
olive,#8f78a5
pêche,#abd5dc
platine,#74879d
corail,#b5127d
orchidée,#bbe97a
moutarde,#bae57d
crème,#6d2582
corail,#67f4fd
platine,#76c7e7
olive,#ed419f
bronze,#43a695
baie,#76e973
indigo,#9d16b6
platine,#b78391
bois de rose,#f67a32
orchidée,#81bda5
orchidée,#afae18
sable,#cf902f
lavande,#6e3e67
marine,#178377
ivoire,#dc568b
sarcelle,#ff2050
rose pâle,#e9a00f
baie,#2babff
topaze,#7c2ff6
jade,#8ba246
crème,#476bb2
charbon,#174d56
ivoire,#59166f
azur,#7a7364
olive,#f68a8f
crème,#8c7208
rose pâle,#415a56
rubis,#6aa8b8
indigo,#0632fd
doré,#724823
forêt,#92b62d
forêt,#5da95d
forêt,#1abc16
écarlate,#9d1626
sable,#b34987
obsidienne,#2dabd2
charbon,#ae59d7
rouille,#7c55e6
rubis,#341b01
ambre,#06ee08
obsidienne,#3e7969
pêche,#2a840a
pervenche,#8f1d4b
baie,#a90ec9
citron,#a911cf
obsidienne,#8dbb33
carmin,#47f504
lavande,#d7ee4f
obsidienne,#ffe5fa
mandarine,#2e5273
sable,#a4e19e
topaze,#60e23d
topaze,#cb31bc
indigo,#a79101
pêche,#9eac77
sépia,#0dc65f
rubis,#6845db
rubis,#f613d1
bois de rose,#133f05
saphir,#438c42
jade,#b49251
fuchsia,#3681b2
jade,#6707cf
sarcelle,#b349d5
obsidienne,#90d67e
corail,#76f8ed
violette,#99b286
turquoise,#9a4fe3
lavande,#e2f315
turquoise,#7d2d14
magenta,#a43646
rouille,#0e7306
acajou,#94a1e4
menthe,#0fc7a5
jade,#ef5e2b
sarcelle,#d2a273
moutarde,#1080e1
cobalt,#edaaef
sarcelle,#4713ad
mandarine,#95812a
citron,#878002
turquoise,#f76f30
pêche,#853fdb
magenta,#627cac
mandarine,#1fd1ce
acajou,#c519cf
charbon,#069e0b
baie,#b7b0c2
jade,#189c5e
pervenche,#ba80d4
sarcelle,#f86d1a
mandarine,#ecc23b
bronze,#135e38
saumon,#d60e5d
menthe,#9461f2
bois de rose,#958048
bois de rose,#817b7a
bronze,#7db8f6
rose pâle,#bbc5e3
doré,#b2556e
sable,#2b4982
pin,#52861e
doré,#a891ff
citron,#10c529
crépuscule,#806bf9
magenta,#f0408c
ardoise,#1780a2
corail,#4dcf22
cuivre,#339d28
sable,#208ed2
pin,#5455d5
olive,#f2dd72
orchidée,#d62d72
rose pâle,#b9f050
rouille,#130ac6
turquoise,#4e3cff
baie,#c64e93
menthe,#d0ef37
baie,#2077b3
crépuscule,#bf60dc
platine,#1fc6c0
rubis,#290607
céruléen,#ae5672
ardoise,#e561cd
turquoise,#49bcde
citron,#3a73d7
lavande,#9c36b7
bordeaux,#688db5
saumon,#9b3501
fuchsia,#70b8df
platine,#bf6a26
rubis,#380049
turquoise,#968504
céruléen,#502d60
menthe,#77adf1
obsidienne,#3e2df0
cannelle,#b11476
pervenche,#52ad5a
marine,#801d33
rose pâle,#0ca3e3
jade,#a1521f
rouille,#b30b6c
mandarine,#526ef6
pin,#aa7229
marine,#895d37
sable,#eff9ba
baie,#c4f549
rubis,#c4ddd3
jade,#7c37b1
marine,#f5ee14
fuchsia,#d29a8f
rose pâle,#ac77eb
corail,#ac4bb9
mandarine,#5e68ed
bois de rose,#ba56ff
fuchsia,#a671c0
acajou,#91b3a3
doré,#3bc53c
charbon,#3c6daf
cannelle,#77f636
rouille,#56775f
ardoise,#786afd
mandarine,#b6a609
marine,#7b7005
rouille,#bc2b53
cobalt,#919e4d
sarcelle,#8e1ee8
acajou,#589bdb
saumon,#fb942a
écarlate,#e21424
crème,#52682f
ambre,#d46ed3
saumon,#077bab
ivoire,#decac9
céruléen,#c091df
pervenche,#71d760
platine,#2b34ac
pin,#066145
saumon,#6c804d
magenta,#0bab03
émeraude,#5dfe87
saumon,#0aefa2
lavande,#5de302
orchidée,#2f1c7d
rose pâle,#5c6b5c
saumon,#fcda02
ivoire,#52b48d
platine,#0d9e27
pervenche,#eca25e
cannelle,#623cca
charbon,#af7d25
crépuscule,#bd2e70
turquoise,#67a25c
bois de rose,#a845bf
jade,#71c992
écarlate,#dff34b
obsidienne,#76f4ef
rouille,#015fd1
azur,#3564fb
céruléen,#1d9606
pin,#3adf99
olive,#d53e94
corail,#7dcd3f
moutarde,#637a91
doré,#ce62e0
pêche,#2d5cfe
rouille,#ee061b
violette,#188dae
baie,#9b5e14
céruléen,#4ba0ea
acajou,#88ff02
jade,#521b69
acajou,#a8c104
rouille,#a1c80b
pin,#95a8f6
sable,#a0eb4e
pêche,#2b4388
sépia,#9313e8
bois de rose,#8fe9ea
mandarine,#586958
jade,#b83519
ambre,#6424a5
pin,#a84ac5
sépia,#e14382
forêt,#3148b9
indigo,#be54d7
sépia,#9e7cfe
magenta,#aabede
moutarde,#4bc5a0
crème,#83d322
doré,#ed33ad
acajou,#0c5396
mandarine,#681166
saumon,#e35546
carmin,#94325b
crème,#2141f7
azur,#75d0a1
moutarde,#3f8cd6
baie,#e656c7
platine,#2b27d9
menthe,#1082a1
émeraude,#9f58b6
saphir,#3fb8c0
cobalt,#866eb2
crépuscule,#22a68d
bois de rose,#14c675
saumon,#74871f
saumon,#7a582b
jade,#ffef05
fuchsia,#c9beff
pervenche,#1978e9
forêt,#ae3c89
jade,#61c974
écarlate,#dd81da
rose pâle,#2b46dd
écarlate,#ac4593
pin,#3cd365
rose pâle,#aa1b5f
pêche,#4b4321
sépia,#05d719
obsidienne,#30e786
platine,#dcaafd
émeraude,#dd4df4
pervenche,#048540
obsidienne,#3e0229
ivoire,#dd1133
rose pâle,#30adce
charbon,#e79a07
carmin,#3ef33f
cobalt,#9f4e78
bois de rose,#bdb22d
céruléen,#ae8312
jade,#fb42c7
magenta,#af88ac
pervenche,#edcfb9
pervenche,#ed0f00
crépuscule,#ec6e37
rose pâle,#17b683
sépia,#921327
olive,#a83947
crépuscule,#ad64d1
obsidienne,#d82221
obsidienne,#8b1f87
corail,#8c12fb
bronze,#ffbdfc
moutarde,#5aa77e
jade,#313f31
mandarine,#ba7c3d
olive,#375bb8
ivoire,#8076ae
platine,#d5362d
indigo,#f27be5
rouille,#0a766c
magenta,#5a759b
ardoise,#9dfbfd
pêche,#39b206
azur,#dc79ce
bronze,#122d62
ardoise,#e536f3
charbon,#dcf4f2
ambre,#e0caeb
moutarde,#11c610
violette,#62ee61
fuchsia,#af76ef
ivoire,#e34ac8
azur,#0ffecf
rouille,#ed4148
sable,#335642
topaze,#d0d0ef
bois de rose,#58bbf0
acajou,#6f844f
violette,#5b149d
ardoise,#6399c6
rouille,#fbd3f7
rouille,#b63ab1
marine,#9cfa12
orchidée,#93fc34
cannelle,#d2e770
topaze,#ccde5e
ardoise,#02541f
jade,#0574c8
jade,#2e5d2f
cobalt,#59f411
azur,#b3439a
rouille,#00a5cc
crépuscule,#d58228
sépia,#a68213
marine,#551abb
saphir,#e5ffdc
bronze,#81c57c
marine,#9dd9a6
doré,#bc8eac
bordeaux,#564d69
bois de rose,#763c9c
menthe,#c30f7e
azur,#38f863
pin,#c01507
forêt,#65610d
crépuscule,#cbdf8b
menthe,#1d959d
azur,#c99e0d
bronze,#e1cf4b
crépuscule,#6f271f
topaze,#23bf88
charbon,#ba6bcc
bronze,#36bc2f
azur,#ef77c3
cuivre,#69a1de
turquoise,#3995c1
céruléen,#0255be
doré,#068e77
olive,#831ace
indigo,#21404a
corail,#20cbf0
pervenche,#c02b7a
menthe,#09b029
moutarde,#56c19d
pêche,#426052
magenta,#d7696f
acajou,#5266ec
fuchsia,#2b7933
moutarde,#9aa638
ivoire,#a38a22
obsidienne,#fefdac
fuchsia,#9cc2b4
platine,#b5f970
azur,#2cdb2c
ardoise,#f9e752
écarlate,#c32b22
bois de rose,#f76e56
orchidée,#10add9
ardoise,#b99aff
cuivre,#063660
rose pâle,#7ef8d8
lavande,#33ac0f
ambre,#7a32cf
rouille,#f6a8a2
sable,#fc6e73
rose pâle,#d9db67
corail,#dbfdf5
rubis,#b04b0b
bronze,#ca713f
sépia,#896185
mandarine,#f1d456
saphir,#61ee9e
sarcelle,#1a88e5
pêche,#d78c87
ivoire,#acfdb0
charbon,#c05dc8
mandarine,#05fcbb
citron,#684989
charbon,#94cc48
obsidienne,#db9460
pervenche,#d3253f
sépia,#58a728
orchidée,#c03630
ivoire,#f5a529
turquoise,#c9352e
acajou,#493c22
baie,#cdcb22
saumon,#8b3524
lavande,#32c2dc
citron,#7d6e4c
forêt,#806d10
bois de rose,#da198e
turquoise,#e46348
bronze,#a995a0
charbon,#df0cb7
écarlate,#eda8e4
fuchsia,#567818
pêche,#2d83b5
menthe,#dc555b
émeraude,#54b9e2
corail,#6d768f
sable,#ea39d5
ambre,#84dab1
lavande,#216f15
fuchsia,#a9374d
ivoire,#41014a
ambre,#74de7c
obsidienne,#48a5e3
pervenche,#33b93d
marine,#e83456
pervenche,#fa22db
rouille,#8e450c
rubis,#bd9a68
cannelle,#8c6b78
cannelle,#6c0236
menthe,#51c0ab
marine,#42d037
lavande,#31d622
sable,#460d29
azur,#b40599
citron,#04bfe4
écarlate,#de4dd1
magenta,#c7f6b3
pêche,#665fbe
saphir,#089054
azur,#dce4c4
menthe,#8f459d
rubis,#98f002
olive,#89387e
forêt,#1b8caf
ivoire,#3537dd
crème,#18e143
rubis,#85cacd
moutarde,#8f440e
platine,#70eaa0
orchidée,#aff838
acajou,#b886c0
carmin,#e706df
cannelle,#ff6dc1
charbon,#429d2c
bronze,#0a7c1e
menthe,#79caec
bois de rose,#33c9ff
corail,#0fd946
sable,#00591f
orchidée,#e0ce1b
jade,#7b2f38
émeraude,#3fb969
ivoire,#8acd8f
ambre,#2f6126
bordeaux,#fdbf72
saphir,#a96de8
olive,#7cdcf2
carmin,#41d814
rouille,#d1a0d8
ambre,#7f541a
saumon,#335825
fuchsia,#4c5a39
forêt,#a2b4fb
menthe,#52d1e9
céruléen,#690cd8
orchidée,#b275af
corail,#24ac43
pêche,#bfcbc0
sarcelle,#c89c44
sarcelle,#f0740d
mandarine,#329950
acajou,#d32de5
saphir,#1bf060
rouille,#da1088
saphir,#6b3436
jade,#da5e07
ambre,#bd31ce
crépuscule,#ec2c0a
olive,#d84974
ambre,#c9bcd3
topaze,#8d68d8
olive,#048e86
émeraude,#a2a980
charbon,#dae379
sable,#32344a
céruléen,#f88a60
bordeaux,#385136
écarlate,#76501e
cobalt,#fe887d
rubis,#1cce1e
sarcelle,#dab18c
sarcelle,#0800ab
bois de rose,#db83eb
rose pâle,#1fb38e
magenta,#998649
platine,#346e50
rouille,#26d3e8
émeraude,#93d8b6
cobalt,#cf7b75
violette,#9042ba
doré,#2cec59
lavande,#f0bca6
baie,#6f6c7a
magenta,#6066d5
fuchsia,#e048c8
ambre,#be0a72
doré,#0f2fc7
doré,#d07a06
azur,#307438
pêche,#ba2511
indigo,#573f27
azur,#ba741e
rouille,#27c286
magenta,#4c945a
doré,#998cff
turquoise,#3689e7
cannelle,#bdf301
bordeaux,#de6b6c
lavande,#cfd6c9
cuivre,#cfa31a
crépuscule,#1361e6
topaze,#eb6d2d
citron,#9e762b
saphir,#d2d7e8
ambre,#261e03
baie,#99b279
rubis,#3fea01
écarlate,#1d19bd
menthe,#0c7afa
corail,#a202fa
crème,#cebbe3
cobalt,#22f100
bronze,#ed735f
rouille,#822afc
azur,#f552f5
carmin,#477059
rose pâle,#ffabe9
sarcelle,#9ea6f6
rose pâle,#b6d2b6
jade,#d65802
mandarine,#e5caec
crème,#d0f45b
bronze,#35a2fc
azur,#bcf603
indigo,#d3597f
crème,#b6262b
bronze,#ace406
écarlate,#ebb986
platine,#85c15a
menthe,#be0201
charbon,#a1a775
saumon,#ab204d
cannelle,#f32531
saumon,#83dda7
cobalt,#81a358
lavande,#97e579
olive,#74345d
charbon,#198843
pêche,#13d7b7
platine,#ba266a
sépia,#5ef411
rose pâle,#78dc1b
moutarde,#8d835a
carmin,#7ca65d
bronze,#40c266
ambre,#1239fc
mandarine,#7a4d25
sépia,#6f5806
sarcelle,#3865a5
bois de rose,#a7e025
mandarine,#030c18
bois de rose,#8647f9
orchidée,#0db6a4
forêt,#0db0f9
platine,#27a6bc
moutarde,#97eb52
carmin,#22eb00
bordeaux,#68fa29
obsidienne,#127c93
crépuscule,#c67580
magenta,#60c45e
bordeaux,#283ef6
moutarde,#d4518d
platine,#71a8b5
cuivre,#167c58
rubis,#1d919d
turquoise,#b9c189
orchidée,#f0f3c7
crépuscule,#d446e0
crème,#f1d778
bordeaux,#81fab6
acajou,#2594af
azur,#c072a6
cuivre,#7b999f
saphir,#2fb5cf
jade,#9df3ca
azur,#9f3dcd
indigo,#be2c00
marine,#fa23da
sarcelle,#b6ce99
orchidée,#c6348b
moutarde,#2780f1
ardoise,#6a5446
corail,#eb3053
charbon,#55b6fb
céruléen,#efe75d
platine,#36983d
saumon,#91207d
mandarine,#09b27f
écarlate,#ba7f94
magenta,#0cde71
azur,#0adb9f
azur,#b27271
bronze,#593da4
magenta,#6fcf92
jade,#ab2558
citron,#5f460b
azur,#359383
sable,#24be37
corail,#4e7fbe
doré,#23c4e3
rouille,#b9a8e8
sable,#541903
pêche,#d50a36
cuivre,#e1ba46
cuivre,#b86cd8
indigo,#37d983
azur,#058d0a
moutarde,#0b8435
azur,#f86f15
doré,#c6e750
rubis,#bd0736
pervenche,#055918
cannelle,#29b74b
cannelle,#439595
ambre,#60724f
platine,#4fc1dc
baie,#948629
menthe,#4ac758
corail,#d4b300
ivoire,#8525ce
bronze,#78a1e5
pervenche,#36a4dc
crépuscule,#63992b
ardoise,#3a7af2
sépia,#d3ba0b
citron,#2dc555
marine,#7d7665
indigo,#12b774
corail,#6ff4f1
bordeaux,#67d3bd
céruléen,#42463e
rubis,#4cc9c0
carmin,#d86f92
rubis,#0cdfcc
forêt,#d2fe5c
moutarde,#357208
mandarine,#5eaa95
rubis,#5665df
moutarde,#6b2baf
écarlate,#b7839a
émeraude,#509837
violette,#109561
céruléen,#e615f1
pervenche,#5d80f0
menthe,#3e746f
baie,#6cc987
bronze,#105db0
émeraude,#2dbcb0
indigo,#082884
crème,#51d5ae
orchidée,#e470b9
charbon,#ef999b
jade,#a53214
bronze,#a72c1b
rubis,#f26503
forêt,#a2354a
pin,#3f3f31
platine,#deef58
céruléen,#4ba694
doré,#eaab42
pêche,#4a1dc7
olive,#0e4733
saphir,#2e3e19
obsidienne,#ef93b8
saumon,#4863b8
mandarine,#f3a0a8
rose pâle,#2c5240
pin,#96fe9f
sable,#198953
citron,#29a4da
corail,#7aa92d
corail,#04cf0d
ardoise,#45b8cb
saphir,#62d8ba
sépia,#7bccfb
doré,#3d7c2f
sable,#63f0fd
olive,#18eb80
émeraude,#454c05
doré,#c9e73c
magenta,#fc3761
carmin,#9453f6
rouille,#7dd23b
pervenche,#ebe4d7
émeraude,#fdb55f
violette,#aa9e94
corail,#8fe424
pin,#7160df
olive,#591067
acajou,#f1cd89
carmin,#caf7d9
rose pâle,#c0f821
topaze,#364df5
cobalt,#6c71ab
marine,#55ce4a
marine,#b58eaf
rose pâle,#c08148
corail,#372906
pêche,#3ea9a0
fuchsia,#a3c10f
forêt,#9163d3
rubis,#42a86d
écarlate,#d4a1c1
saphir,#8ab45b
sarcelle,#6da998
turquoise,#94f3e4
charbon,#21fb00
orchidée,#4e26c8
sable,#49aa55
sable,#d741df
moutarde,#93dee9
lavande,#a32d25
émeraude,#469632
platine,#392d21
pêche,#c49893
sarcelle,#85183f
rose pâle,#72a526
azur,#9e379d
moutarde,#3d0db3
rubis,#d4d59f
obsidienne,#e91414
rubis,#b12f9b
écarlate,#b8d083
saumon,#1aaec2
écarlate,#ea3aad
ambre,#d3b107
cobalt,#dd345c
écarlate,#89b546
citron,#4424c3
sépia,#111607
émeraude,#cf7087
émeraude,#934817
sarcelle,#758958
sépia,#ffcabb
pervenche,#cb9180
céruléen,#5e7eb5
baie,#0690dc
rubis,#8bcc20
céruléen,#319166
acajou,#2d37ef
citron,#f4080a
magenta,#ff43c4
acajou,#2e1331
corail,#e8604c
menthe,#a052fd
rubis,#90b44d
bronze,#fb8dc7
saumon,#478ae1
bronze,#bb5fdb
violette,#2d0bed
écarlate,#3c6e10
menthe,#a5e266
corail,#21c3db
indigo,#2556ca
sépia,#eae4ae
céruléen,#656e20
topaze,#c3cdd9
carmin,#6b00a9
ardoise,#c4638a
cannelle,#527320
jade,#40530d
turquoise,#6ec336
ivoire,#f8144b
topaze,#5be930
saumon,#e3edc3
sable,#a69eb8
ivoire,#f09cde
céruléen,#8a8bf8
baie,#a88f0a
rose pâle,#46f8ff
menthe,#02e77c
ardoise,#d4c346
sable,#13a9e8
magenta,#30cfc1
saphir,#082146
marine,#301e20
émeraude,#fbfa89
menthe,#34e8c9
céruléen,#9342ae
magenta,#f8ac31
menthe,#f62d1c
ardoise,#b0339d
ivoire,#0e5af1
baie,#a80b5f
jade,#6f857d
sable,#e2d30b
magenta,#7296bb
pin,#a70237
saphir,#219632
azur,#4a2d07
violette,#652211
azur,#26fdad
saphir,#c9d5d4
lavande,#3d5beb
acajou,#b8af67
pin,#fa79b3
bois de rose,#e57fb3
platine,#59ac28
écarlate,#e23981
émeraude,#2d00a9
rubis,#adc348
marine,#d65c73
crème,#429373
corail,#b0dc2b
marine,#3da500
rose pâle,#cff55b
sable,#f20a11
lavande,#d59020
mandarine,#183aea
bois de rose,#5d8f06
turquoise,#74eba1
cannelle,#da150e
acajou,#269885
magenta,#415bc1
doré,#5fe64b
fuchsia,#fead30
marine,#102686
sarcelle,#50bd3b
cannelle,#060fdc
bronze,#4abaa4
cuivre,#78d5c7
sable,#1099c4
indigo,#ec9205
cuivre,#038562
émeraude,#b9a01e
sarcelle,#c2f9cd
écarlate,#2a4a71
sépia,#390619
citron,#ce35f7
pêche,#63134e
charbon,#90c5e3
citron,#6fc307
charbon,#a2b23d
sarcelle,#40e060
saumon,#f81da1
fuchsia,#ca6210
bordeaux,#d43fa5
sépia,#99ecf7
olive,#752214
sarcelle,#c322fb
rouille,#f2f4f4
pin,#b3777b
émeraude,#270f3e
saumon,#47dd84
pin,#1c3759
forêt,#39ceae
rubis,#19ea29
platine,#5525c5
charbon,#2a2bda
moutarde,#8c7559
céruléen,#9d32e3
sépia,#04e7b9
rouille,#2fe3f4
bois de rose,#21d1bf
cobalt,#37d361
bronze,#165378
baie,#dc458b
forêt,#c8ed83
lavande,#f8e4a6
crépuscule,#bb4cb8
bronze,#f4f811
cuivre,#0ca6cb
forêt,#f23941
sarcelle,#091374
fuchsia,#279118
violette,#999a04
pervenche,#f0b5ac
charbon,#3a65bd
violette,#e1e04c
sépia,#cefd3d
fuchsia,#b6460a
émeraude,#acd50d
carmin,#20743d
cuivre,#7d4c2d
bronze,#a7ae68
pêche,#378225
céruléen,#530bf2
sépia,#5b9bfa
cuivre,#d54ff7
cuivre,#17324c
émeraude,#1a41d4
acajou,#ebe23d
mandarine,#323beb
cuivre,#c9ba20
corail,#da3bd0
céruléen,#2e6813
ivoire,#52bf19
forêt,#2253df
jade,#172513
sable,#e3eee2
topaze,#17b304
ambre,#ab22e6
pêche,#a097ae
doré,#b8f137
ardoise,#1e212e
azur,#e1baf3
rubis,#f33d20
corail,#036336
crépuscule,#421215
ivoire,#830013
pêche,#db7a4c
violette,#2822e6
acajou,#efc5de
azur,#b5cb67
bronze,#b5de90
pin,#f52d5b
pêche,#f0c204
forêt,#edc746
platine,#6e0e34
magenta,#9c3c48
indigo,#dae9b0
indigo,#b24444
marine,#2dd6ff
marine,#a4e160
ivoire,#906ad1
menthe,#63e163
olive,#462932
jade,#ca8dd9
menthe,#edce9b
baie,#b6f87e
indigo,#fc05a8
violette,#e220c1
forêt,#b6f26f
carmin,#fd5b87
saumon,#4a68c3
carmin,#610ee2
bois de rose,#75c51a
bronze,#ff32c1
crépuscule,#0bf1e9
ardoise,#e61790
ambre,#de051f
violette,#8b73ff
ivoire,#f8afaa
écarlate,#3ec01e
pin,#2c5d11
saumon,#9cf164
azur,#cb26d2
ambre,#74f747
bordeaux,#d65175
rouille,#758932
mandarine,#7de391
écarlate,#7ea6eb
saphir,#aad847
orchidée,#8133f1
turquoise,#0a3d8a
olive,#4a61c4
bordeaux,#a594c1
violette,#b03589
orchidée,#c147e0
ivoire,#5d20dd
pêche,#7be2eb
indigo,#2265b7
pin,#69826e
rubis,#37574b
corail,#9eb178
céruléen,#c9db66
ambre,#e8a0a4
bronze,#635f3b
bois de rose,#7b1724
magenta,#97474d
céruléen,#7f1649
magenta,#d3f356
violette,#79f04a
doré,#43ffdb
magenta,#c37a70
céruléen,#97edad
ambre,#a27535
crépuscule,#ddb1a1
menthe,#fb2686
rubis,#3d9829
saphir,#26e47b
baie,#2597d7
moutarde,#216c2f
rubis,#217a73
rubis,#734bc1
émeraude,#6c9007
saumon,#cd3adb
turquoise,#b6b4f0
charbon,#3510ea
orchidée,#aed550
rouille,#069d0a
lavande,#a39db2
jade,#65e67e
rubis,#927324
crème,#6e5e48
magenta,#43d1f6
violette,#32ad94
doré,#04efb8
corail,#10a82a
pervenche,#9c8d3a
bronze,#7d446b
bordeaux,#c3db17
cobalt,#f65900
rose pâle,#f219f9
orchidée,#4a313d
charbon,#1341c0
rose pâle,#048d7e
doré,#696452
crème,#750d85
citron,#2a3c1c
céruléen,#324004
forêt,#1b6d68
citron,#1856a6
rose pâle,#9e0321
magenta,#7e3320
olive,#169f1a
cannelle,#fef213
bordeaux,#9d84ca
charbon,#6a29cc
pin,#075564
cuivre,#3aaf45
sable,#71d1e0
doré,#3c4d53
forêt,#d43981
cannelle,#80b939
menthe,#0d32d2
magenta,#643490
topaze,#6fef34
moutarde,#51d520
cobalt,#757c6f
moutarde,#f9fd22
obsidienne,#f9a4ea
violette,#dc540f
baie,#e06f84
rose pâle,#df31ce
cuivre,#9f1668
charbon,#63a44a
rubis,#a158b6
corail,#795e5e
turquoise,#0d1c5e
émeraude,#7c858f
bordeaux,#354e4f
moutarde,#25d695
bordeaux,#ba4d8b
forêt,#034aab
charbon,#024500
cannelle,#8d1dc6
pin,#6666af
sarcelle,#60915d
cannelle,#ce92a5
bronze,#f9d300
cannelle,#a860d9
ardoise,#a2d19c
turquoise,#9b7486
sarcelle,#eda61b
émeraude,#5eab6f
orchidée,#eb724d
charbon,#ea97f1
fuchsia,#bbf387
rubis,#3dfe9b
jade,#db0f86
ivoire,#297587
crépuscule,#33a5ec
ivoire,#c553d0
mandarine,#7650bd
ambre,#7fee07
jade,#34c1ed
cuivre,#25a10b
charbon,#b054f4
rose pâle,#4fb76f
obsidienne,#5f180c
saphir,#b98bd8
bronze,#75d295
carmin,#fadd91
turquoise,#7a8d5e
saphir,#8029f9
mandarine,#a917dc
fuchsia,#ff6c24
menthe,#06205a
saumon,#350673
crépuscule,#dcb36e
cannelle,#6cde0c
olive,#0a5228
citron,#83e2ff
baie,#9a5835
acajou,#2606d8
forêt,#10e952
jade,#cc26ac
platine,#cda219
cannelle,#cddd42
écarlate,#fd4611
violette,#ab2fe3
céruléen,#15d8ee
sarcelle,#be2f2c
sable,#d471f6
saphir,#daf8e0
ivoire,#346af5
crème,#964d80
bronze,#a70f59
lavande,#79b354
saphir,#162b6c
cuivre,#9120cc
doré,#0d414e
turquoise,#8bcf53
baie,#9dab02
violette,#aa2d99
olive,#a8edcf
turquoise,#afb651
écarlate,#21ba78
forêt,#649b0c
corail,#ae7b84
cannelle,#39c233
moutarde,#372a36
cobalt,#f4069b
rose pâle,#930d9c
ambre,#0c5777
indigo,#dd54bf
acajou,#ea5593
saphir,#b29f5d
émeraude,#f92673
pin,#8a001f
pin,#70dde4
ardoise,#db0ccf
rose pâle,#6032f3
jade,#843a2f
platine,#bbcebe
céruléen,#16b280
rouille,#a0c657
bordeaux,#1ea50c
rubis,#501a8e
topaze,#ff1db8
marine,#544e49
écarlate,#637973
citron,#7de3f0
corail,#54a950
moutarde,#59b654
forêt,#f1d4b6
pin,#efffc5
olive,#93c06e
ivoire,#332471
azur,#be3f9a
ivoire,#1bcb27
forêt,#5ef771
rouille,#79cca5
moutarde,#372a26
bois de rose,#4269fd
lavande,#1f5a0e
marine,#4d9137
jade,#79d481
crépuscule,#23cbf4
rubis,#1b7bbf
sépia,#bf6215
moutarde,#cb337a
rouille,#164a62
indigo,#d70d43
crépuscule,#89e9c8
céruléen,#ce57e6
bois de rose,#52ab40
pervenche,#25781e
azur,#0ee09d
rose pâle,#f62bf1
pêche,#b1d8b2
pervenche,#3d2683
menthe,#e72d78
ivoire,#64953a
violette,#6f921b
saumon,#54d55b
saphir,#67c803
céruléen,#c3891f
acajou,#ffd25f
bois de rose,#b1d7cf
ivoire,#bf22b2
citron,#66b0d4
citron,#924f0a
bordeaux,#f38b8e
rubis,#7c5b6f
mandarine,#5bf0cd
olive,#f18f05
cuivre,#0f1eeb
baie,#471eb2
crépuscule,#76a2d1
acajou,#61a972
violette,#eefa49
sarcelle,#938545
sable,#893fd9
ambre,#ea100f
turquoise,#9ae6f4
cobalt,#daa6bd
marine,#fc7999
baie,#565001
bordeaux,#eca02f
ambre,#a834c3
ardoise,#ba18e5
orchidée,#55b280
topaze,#bcf068
acajou,#4b6a74
céruléen,#d0afd1
acajou,#9ec3ff
pervenche,#8e4481
azur,#fa8f6a
bordeaux,#d2cb2d
crépuscule,#f768e7
moutarde,#2dac6b
moutarde,#d04373
azur,#8b1bbc
pervenche,#7f765e
bronze,#604222
sable,#13e04a
violette,#9b0ff2
menthe,#e5fc23
jade,#867b87
doré,#a114a8
sépia,#17fc0d
magenta,#0535aa
rubis,#681d0f
ambre,#10b216
pêche,#d5dd78
olive,#34c1ec
forêt,#910e6a
crème,#eef875
saumon,#0ac054
moutarde,#9bf3b8
azur,#a5a713
sarcelle,#257297
rouille,#6d29dc
cobalt,#622fd5
émeraude,#012c5a
rose pâle,#04dc82
moutarde,#99abb5
bordeaux,#3a67ac
menthe,#c6be9b
sarcelle,#76fe4d
orchidée,#22af0b
cannelle,#01572d
crème,#27cd96
crépuscule,#645b27
pin,#a6ee1d
azur,#595af3
cuivre,#e010f7
corail,#078009
doré,#483e51
cannelle,#bd49f7
rouille,#62b147
topaze,#4f38c6
doré,#7d2f51
ardoise,#014f1a
fuchsia,#1796a8
fuchsia,#8dee81
ambre,#b6c819
pervenche,#ce1673
acajou,#5224e7
cobalt,#012146
bronze,#cf01c6
céruléen,#134713
sarcelle,#4fc195
turquoise,#ad93d1
corail,#18ee30
forêt,#f26843
menthe,#15041d
rose pâle,#6e7c63
doré,#8487ad
crépuscule,#77f4f7
rouille,#2ead97
céruléen,#d41577
pin,#60c2d9
lavande,#d09a30
pin,#f303ae
azur,#060044
ivoire,#6420d8
pervenche,#143232
sarcelle,#721444
saphir,#2ebe67
céruléen,#f3523c
moutarde,#6a24a6
azur,#a8ba52
forêt,#801388
écarlate,#3715af
fuchsia,#ed3339
citron,#0ef2da
magenta,#5cedac
corail,#097662
indigo,#ac2e6c
obsidienne,#d9aee1
crépuscule,#31c319
turquoise,#9a4b51
ardoise,#4edda4
acajou,#a10773
azur,#c20482
doré,#0bfd3f
indigo,#207424
jade,#5c6b52
fuchsia,#69424b
fuchsia,#e68033
topaze,#e76ad8
obsidienne,#dd38e2
ambre,#4c27c1
cannelle,#6247c6
ardoise,#ddb4ed
doré,#1fd1e2
bronze,#78b620
saumon,#c9c5f0
crépuscule,#4f9098
ambre,#fd2e39
sarcelle,#e1fa20
sarcelle,#ff7231
saphir,#069c69
acajou,#a611bb
écarlate,#142e27
crépuscule,#db9306
mandarine,#950ecb
forêt,#9a22cd
ivoire,#f2317b
cannelle,#bf67c2
crépuscule,#cc7cb0
moutarde,#dbd150
cannelle,#ade424
turquoise,#ce4293
ardoise,#2ab8e3
sarcelle,#180f86
baie,#38fd1f
ambre,#9fef37
sarcelle,#952aa1
bordeaux,#f168eb
saumon,#2eebbf
acajou,#076004
obsidienne,#75fc17
écarlate,#146797
charbon,#21c020
baie,#256188
cuivre,#669ca1
bois de rose,#d6a9fa
orchidée,#30b166
azur,#590165
olive,#430e0f
menthe,#f989dd
pêche,#ac5c26
saumon,#183404
carmin,#f79f99
céruléen,#062b58
cannelle,#6cd136
sable,#19e44c
baie,#9bf191
forêt,#7ca87c
crème,#8855c1
crépuscule,#580e7f
sable,#6291cd
acajou,#db2072
azur,#b10a9e
bois de rose,#422c99
fuchsia,#b008cd
saphir,#846d90
cuivre,#cf25d7
corail,#015304
olive,#c74ec6
ardoise,#f54d15
bordeaux,#41c756
bordeaux,#4fff84
marine,#b74cce
charbon,#5b609f
azur,#861600
ardoise,#476c94
écarlate,#b08fb5
cobalt,#94f4aa
rubis,#8c0f64
ambre,#6e813c
platine,#044af8
citron,#97e097
crème,#bd532c
corail,#704d5d
menthe,#f8b219
mandarine,#569eb4
sable,#a14e98
sépia,#dbfe58
crème,#1f99b8
pêche,#7aeb32
topaze,#5c6c72
jade,#137b16
acajou,#ca340f
saumon,#3b5833
fuchsia,#cc3068
sarcelle,#7b7b9c
indigo,#babeda
cuivre,#770ec7
lavande,#1f11ef
sable,#100fa1
rubis,#9d9da5
ivoire,#5b98c9
forêt,#cb65cb
jade,#727049
céruléen,#799175
crépuscule,#d3a211
corail,#a91372
cuivre,#141427
saumon,#b7e348
citron,#894f29
saphir,#307f03
rose pâle,#ddb967
céruléen,#ffabd2
bordeaux,#be03bb
pervenche,#505b5e
pêche,#62f5af
charbon,#7308e5
pêche,#442010
cannelle,#a6493d
sépia,#c27521
charbon,#ab08d6
crème,#aaf741
menthe,#21ef95
pin,#b5038b
crème,#7afce6
azur,#aff507
azur,#0a9e95
bordeaux,#6ccab6
corail,#8ee928
pêche,#e430f4
cannelle,#b45a69
crépuscule,#e6d335
carmin,#63ca6a
charbon,#46912d
pêche,#83007a
platine,#e2752f
indigo,#5e3834
violette,#174233
orchidée,#8d42dc
écarlate,#70c25a
sable,#57d2a6
marine,#89accf
rubis,#aecfc1
ambre,#cbada3
menthe,#443869
charbon,#857750
pervenche,#9b9307
bronze,#5d6bcd
ambre,#37914c
forêt,#b0ef20
jade,#a75892
magenta,#0ea525
azur,#236cba
corail,#a66fa7
mandarine,#aaf2b3
saphir,#d8d71b
baie,#726d54
sarcelle,#942cde
bronze,#e839d3
saumon,#b34584
bordeaux,#3e0617
doré,#480e5a
carmin,#4b3e9a
baie,#899f5d
baie,#7cfed1
orchidée,#8e183a
cobalt,#225e2a
doré,#64ae5d
citron,#deb1d1
fuchsia,#6e6834
sarcelle,#c94b6c
ambre,#ad8092
turquoise,#23ddd1
baie,#83e760
violette,#c35e77
turquoise,#77fe98
ivoire,#f09a25
crépuscule,#755bea
pêche,#b4dda6
magenta,#51354e
pêche,#e65dc9
rouille,#0ab5d1
topaze,#d3d534
ardoise,#c1590b
bordeaux,#9ac155
crème,#e4ba78
ardoise,#d73179
platine,#3ad3db
violette,#5b3465
ambre,#a711d5
ardoise,#51575a
pêche,#7820ce
doré,#41e9a2
baie,#fa5c6b
marine,#05e564
olive,#ef6368
obsidienne,#56f144
lavande,#ab2fd6
acajou,#574cd2
azur,#5ed0df
azur,#b5f19f
crépuscule,#19ce89
carmin,#184a26
rouille,#52ce7d
bois de rose,#b7f07a
platine,#c66613
turquoise,#af7001
citron,#fb8865
acajou,#e893c3
pêche,#32ad98
bronze,#41514e
jade,#d6cb6e
obsidienne,#228c62
olive,#7c80fc
sarcelle,#51e050
lavande,#c16f28
menthe,#145d6b
céruléen,#143035
crème,#aa92e9
céruléen,#3470a3
jade,#33ad80
corail,#8791b9
azur,#6bd1d0
corail,#5a99fa
émeraude,#cd8718
bordeaux,#ecda79
cuivre,#d7b67d
écarlate,#8c5c76
topaze,#23a2d2
azur,#48d223
lavande,#b73074
céruléen,#94ef33
crépuscule,#9715e5
lavande,#3dd5de
céruléen,#ba8d2b
violette,#51b1c5
cannelle,#fecfdc
lavande,#002958
cuivre,#d630d7
cannelle,#26ad70
bois de rose,#e60b4c
topaze,#3bfefe
cuivre,#5e09fc
menthe,#e21ce8
rouille,#f154df
baie,#e4abcf
sarcelle,#18dfb1
pin,#5a7081
menthe,#006d75
bronze,#247054
menthe,#b55b03
rose pâle,#d7b277
carmin,#0a75a6
acajou,#85c3ae
saumon,#4b52a1
pin,#c6b95f
jade,#e4a458
sable,#c1baed
ambre,#04a662
cannelle,#8b2dc7
rubis,#86604b
cobalt,#305376
marine,#ccbcb6
bronze,#1838c8
sarcelle,#536880
sable,#641b83
sépia,#3de426
forêt,#b7fdc1
violette,#200203
pervenche,#4a1ff2
doré,#37b1f3
baie,#9e4d24
platine,#75c717
cuivre,#98217c
saumon,#92d807
pêche,#754f90
doré,#d3986a
forêt,#caa6bd
rouille,#774494
sépia,#7559ea
azur,#6a9186
marine,#39b710
crépuscule,#c371f0
cobalt,#55fb06
écarlate,#039feb
émeraude,#10923e
rose pâle,#0f92b3
platine,#7e1978
acajou,#406351
céruléen,#65ab08
rose pâle,#1ca57c
sable,#700371
bronze,#e8b279
acajou,#1cf5d7
ardoise,#2ea5e6
saphir,#34335e
saphir,#4dfc91
corail,#273c30
pêche,#a92e60
rose pâle,#6bf0f7
charbon,#9bc5b2
doré,#f36b45
charbon,#71e859
rouille,#653155
obsidienne,#0bea63
lavande,#fe99f4
pêche,#8bb224
turquoise,#175b68
moutarde,#24e4c3
pervenche,#7fe95b
citron,#663472
marine,#9cd691
émeraude,#f30651
bronze,#e2419a
topaze,#98c75d
citron,#25c6c0
azur,#280fc3
topaze,#bb2b95
indigo,#6057d2
platine,#92852d
turquoise,#5e2703
baie,#f92431
pin,#5329c3
rouille,#28187d
obsidienne,#8e63b1
crépuscule,#666367
cobalt,#5ba906
doré,#7f76bd
acajou,#a0b159
ivoire,#cdfd25
rubis,#8da019
cuivre,#5e0417
cuivre,#1dd4c5
pêche,#7ddcb9
cobalt,#5690a7
sarcelle,#b438f3
corail,#64bb41
baie,#19b814
marine,#f6238a
pervenche,#5392af
magenta,#543226
orchidée,#0a11d1
olive,#4e6f46
moutarde,#4565b4
cuivre,#7a72d6
lavande,#39c627
azur,#d36a6e
azur,#49e467
orchidée,#71f7cc
fuchsia,#a5a8ba
platine,#7c0b29
menthe,#1a4937
doré,#ac9e0e
pêche,#1c7ebc
mandarine,#695ede
violette,#c186f4
lavande,#8b5ab7
pervenche,#39871a
azur,#118a4e
turquoise,#6053f6
menthe,#6ad6b3
sépia,#bf6e6c
olive,#5a2795
saphir,#ceabb7
marine,#6c5935
orchidée,#735098
indigo,#7fbc4d
pin,#fb1e41
cuivre,#a3b8d6
émeraude,#cbcdae
bronze,#6f0f96
jade,#51eec8
charbon,#ae817d
obsidienne,#100af8
sarcelle,#b919f2
marine,#69eaed
acajou,#070113
cannelle,#7a83fb
sépia,#2614fe
corail,#b365d4
carmin,#64cb37
ivoire,#aaae36
pin,#78ead7
doré,#741de9
citron,#f19f89
doré,#56c924
fuchsia,#0d2ff5
marine,#69aec4
ardoise,#3b0b0a
sépia,#839e61
ivoire,#8fdc80
charbon,#1f1fdf
lavande,#7ba1cd
pêche,#05f9c6
violette,#84a79b
émeraude,#840e95
forêt,#5499da
corail,#d421a8
azur,#20fa52
mandarine,#b065e8
saumon,#a7ce6f
magenta,#0b80b2
fuchsia,#60c8fb
olive,#8f289d
charbon,#224e9c
azur,#0bf51e
saphir,#51be33
saumon,#083dd4
pervenche,#137a58
bordeaux,#0c5000
cannelle,#7ed55f
carmin,#072a08
topaze,#03cbfd
magenta,#d298ec
doré,#fbed70
pin,#1a5dd3
rose pâle,#9b5868
fuchsia,#7f7634
obsidienne,#1fbac4
rubis,#e9bcba
bronze,#421839
topaze,#9731cc
sarcelle,#2cec3f
moutarde,#271800
menthe,#4ed54d
azur,#056ad6
magenta,#05ba29
menthe,#001fef
saphir,#2a7867
doré,#1dbdf2
lavande,#ab7107
lavande,#2e4833
rose pâle,#f3439e
crème,#df332f
forêt,#0f1027
crépuscule,#f6af01
cuivre,#2a86fb
carmin,#b95015
cobalt,#89ef78
jade,#160d0f
olive,#c978ba
ivoire,#0513e1
lavande,#22fdf3
indigo,#2bfaea
indigo,#707030
céruléen,#3d38ca
émeraude,#1c2d5a
émeraude,#9510f7
forêt,#252074
émeraude,#afb4e0
magenta,#84e3c2
pêche,#237b30
carmin,#9a8ac8
olive,#78dcd8
obsidienne,#77bdf6
charbon,#432341
mandarine,#0aba78
obsidienne,#1a2f95
rouille,#913516
pêche,#984e9f
forêt,#fadc9f
topaze,#b41b3e
ambre,#5fc76e
ivoire,#87abd0
moutarde,#ec9bf6
platine,#30f458
saumon,#c5d163
cuivre,#5526cc
sépia,#cd0117
sable,#66d973
rouille,#48212a
bordeaux,#182805
saphir,#9e602a
saphir,#03d867
obsidienne,#97473e
marine,#fabe89
carmin,#f9d454
mandarine,#866d88
menthe,#17d28f
pin,#6590ad
saphir,#0b4098
carmin,#c8ce72
olive,#ce205d
obsidienne,#2e086c
céruléen,#8d95dd
turquoise,#a7b435
mandarine,#a9e160
olive,#14441a
ivoire,#463e35
sépia,#489b08
rubis,#14041e
cannelle,#90428b
moutarde,#14999f
cobalt,#0e43f4
indigo,#69f334
bois de rose,#e6e6d4
orchidée,#272a7d
topaze,#bf8b50
carmin,#84138c
mandarine,#ae152b
azur,#60c5c2
crème,#9f145f
crépuscule,#7d8b0c
sarcelle,#c9adc2
sarcelle,#a07ba3
ambre,#e98f04
céruléen,#dd8d03
rubis,#388acc
bronze,#6fbba6
saphir,#586acb
corail,#8e27d3
sable,#3626b1
citron,#cb67e7
olive,#454ab5
cobalt,#8a929a
pin,#fb266d
cannelle,#f35d92
baie,#668959
cobalt,#7896c3
pêche,#7d9130
magenta,#ea274e
violette,#d90928
violette,#ae558c
forêt,#36a973
fuchsia,#2a4cf9
turquoise,#676fb0
ambre,#efa1f4
lavande,#0652f0
pêche,#06f0ed
ardoise,#fa1f8d
écarlate,#af0c2a
saphir,#0327b8
corail,#bbda81
écarlate,#93c6ea
marine,#e3e4f5
menthe,#beb3b4
charbon,#ebc189
crépuscule,#72f9c9
topaze,#edb95b
menthe,#cc5de8
bordeaux,#04b9bd
sable,#e48a29
azur,#9857d9
pervenche,#28d922
magenta,#a36519
menthe,#9fb87a
émeraude,#e060d6
orchidée,#faefb8
magenta,#111d1e
charbon,#2e4fc2
carmin,#474bb3
obsidienne,#d1dacf
sable,#b95e7a
crépuscule,#30fb9a
cannelle,#03b9a9
violette,#1cfa37
céruléen,#70839f
rubis,#09e420
azur,#b94752
crème,#0c1cca
citron,#eaccda
bordeaux,#01a0c1
cannelle,#73e109
citron,#e41752
obsidienne,#74358b
citron,#2d0ce1
bois de rose,#86ee42
topaze,#bd9509
marine,#189270
cobalt,#8396be
ivoire,#f95c45
charbon,#12e05b
turquoise,#fa271f
rose pâle,#1dfc66
lavande,#fce520
fuchsia,#d66b70
crépuscule,#803a73
menthe,#b652ca
acajou,#1a4600
bois de rose,#f77152
ardoise,#e1e6da
bronze,#1861bc
crème,#d53a72
magenta,#661f8e
rose pâle,#5e1875
marine,#ee0cb5
citron,#351086
saumon,#9044bb
menthe,#906d35
doré,#b8a89e
sable,#51bc51
bordeaux,#abf290
pervenche,#cbe986
doré,#081ee2
crème,#cfd61a
magenta,#1cfaf4
cobalt,#c3d4fc
menthe,#e2018c
moutarde,#dfe3f6
forêt,#0252be
crépuscule,#d82ec2
pêche,#52ff31
rubis,#4e2605
fuchsia,#e9beb8
bordeaux,#9691c7
émeraude,#ca99de
bordeaux,#0a41cb
ambre,#18db3e
olive,#65dbcd
doré,#85534e
jade,#e60c51
lavande,#c9cc53
sarcelle,#bb93f3
azur,#840828
rouille,#aa124c
baie,#3d9d03
baie,#792c83
ardoise,#4b5a01
saphir,#4d1832
céruléen,#f08def
citron,#5ace64
bordeaux,#f27703
fuchsia,#9afb35
citron,#e71e05
crème,#87da99
rouille,#07470b
turquoise,#395aba
cannelle,#f09a22
topaze,#63b7db
crème,#f4e3b7
turquoise,#9b9bfd
menthe,#236ab3
jade,#156927
pervenche,#28a388
cuivre,#2b3c2a
doré,#674ee1
topaze,#0ae28f
platine,#0e801e
baie,#16072e
pin,#665006
acajou,#957f00
fuchsia,#50d7cc
jade,#062e08
rubis,#cd1e68
crème,#0b0d9b
cobalt,#b10c05
magenta,#8d323a
olive,#1b4f3b
charbon,#5fcf98
rubis,#7af81a
olive,#d84ed4
ivoire,#0ddae5
pêche,#f43f02
sépia,#31635c
ardoise,#878de6
crème,#a06578
charbon,#e62f02
moutarde,#1e8207
céruléen,#ea74ce
saphir,#da6729
pervenche,#c7228a
corail,#cc7633
bois de rose,#c1b8fc
pin,#850cd4
fuchsia,#2086a6
pervenche,#bc2411
cannelle,#40c466
bordeaux,#368dd2
bois de rose,#a46462
pêche,#aae0cf
marine,#79ae29
saumon,#bae2e9
doré,#12e67e
menthe,#b76085
cuivre,#bf9349
indigo,#06db2e
citron,#0994db
lavande,#770f7a
cannelle,#86f4b0
charbon,#93cc46
obsidienne,#afd7af
saphir,#683cb0
lavande,#9af050
olive,#e51e53
turquoise,#dc6d3a
saumon,#fd4b3f
cuivre,#b20fb9
cannelle,#e237bb
crème,#e4c351
rouille,#8cc806
émeraude,#369dd1
menthe,#a2cfd7
sarcelle,#74eea6
violette,#f7ed06
corail,#1280e3
pin,#26706b
obsidienne,#6fcb0e
émeraude,#74146c
magenta,#e12303
acajou,#ec86f2
pervenche,#c4a08a
turquoise,#62308c
rubis,#8cf710
lavande,#400768
platine,#4c08b2
moutarde,#9e4519
charbon,#ccdaf6
ardoise,#d89ca6
turquoise,#63007d
obsidienne,#71e9e2
céruléen,#b94344
ivoire,#41dfec
ivoire,#3a0f85
carmin,#dcf578
crépuscule,#a9b7a6
violette,#752bd3
crépuscule,#cf2ad6
cannelle,#5ab22a
olive,#d5e2a2
cobalt,#9660d3
crépuscule,#4a0399
turquoise,#60a1b0
citron,#6fd9a6
obsidienne,#1de0fe
moutarde,#f39f97
lavande,#a3f7ee
moutarde,#a90b9d
topaze,#6189de
ivoire,#35bf92
indigo,#0f60b6
carmin,#9f52f9
sépia,#a0f777
corail,#3f4a99
rouille,#3c368b
saumon,#8ec932
sable,#f94dfc
pervenche,#ce9782
marine,#670b46
turquoise,#fbd326
rubis,#8fd981
platine,#c602e2
jade,#eeb0e5
jade,#f8fce7
ardoise,#bc350e
violette,#d81d6f
jade,#dcedb9
charbon,#0380d9
orchidée,#924736
corail,#10b1b0
céruléen,#5b95c4
marine,#76f209
charbon,#e89b54
saumon,#f71f02
sépia,#5e2c1c
sarcelle,#bf583e
cannelle,#92b6cf
indigo,#bf5f76
écarlate,#1cbcc8
crème,#c82f1a
fuchsia,#473432
pervenche,#8fb6b1
topaze,#b9efd1
ardoise,#c5a8c0
indigo,#7cfa2c
carmin,#163847
fuchsia,#8e45da
platine,#d4181e
obsidienne,#610d04
ambre,#32f5ef
émeraude,#0f4bc8
pin,#c27cbf
corail,#e34e4c
platine,#9fa191
indigo,#ca06be
rose pâle,#778ccb
corail,#22a8ec
ardoise,#fecc00
crépuscule,#e9760f
doré,#785fd9
céruléen,#7a07ad
magenta,#769915
moutarde,#934a3f
forêt,#871245
carmin,#985db4
cuivre,#98e727
bronze,#d8ed3d
moutarde,#b20147
pervenche,#a6d86f
olive,#ffd2f6
indigo,#153885
saphir,#e98898
magenta,#e15825
pêche,#9fcd7c
corail,#04e444
rose pâle,#d9751e
violette,#f562ba
saumon,#493f00
ardoise,#e518f0
rouille,#f9a25f
topaze,#9cd338
céruléen,#0532e2
ambre,#ed0872
lavande,#7ef2f0
mandarine,#5b175e
forêt,#e0ffd9
ambre,#a67367
céruléen,#f9664a
carmin,#b34ede
azur,#682c8c
corail,#7bcbb1
crème,#ed27d0
azur,#551612
doré,#139f04
magenta,#e031bf
mandarine,#7f41cc
moutarde,#5b6fdb
topaze,#2b1c00
ambre,#f0f3ca
lavande,#343d99
fuchsia,#cd820d
rubis,#9634f9
crème,#fdcd99
sable,#7db7e2
baie,#75a0d6
sépia,#92a431
moutarde,#431c2e
rubis,#f473e6
carmin,#d9cf37
bronze,#b9342e
ardoise,#d408f6
forêt,#4c5cf0
marine,#8c9b17
bronze,#892bec
topaze,#380e0f
ardoise,#c27ff5
olive,#12d2ad
lavande,#a27456
bordeaux,#aa67b7
sépia,#a301d0
azur,#b26f18
crème,#ff0331
violette,#e68048
bois de rose,#3dc6d4
magenta,#c4895e
saumon,#a1e60f
moutarde,#f826ca
orchidée,#ddba7f
sépia,#f264e5
cuivre,#95aec7
bois de rose,#dcefb2
lavande,#4b37b4
carmin,#ce8de1
saumon,#dcf3cf
pervenche,#d404e2
turquoise,#c35a52
corail,#5bbf58
crème,#e461a5
cobalt,#5b0b54
bronze,#5def19
corail,#7c5b11
ambre,#34cb74
obsidienne,#f3c8bb
baie,#8bb7c9
saumon,#ce7aaa
olive,#8a19d4
sépia,#54a96d
ambre,#d18b96
baie,#e14430
cobalt,#505114
charbon,#712661
rubis,#e3caed
forêt,#c760f9
azur,#e8bb92
sépia,#6ddfb1
cuivre,#6967c3
jade,#b2778f
olive,#01ac46
ardoise,#f89e36
rubis,#4fd9dc
platine,#9b16ea
doré,#7d31cb
fuchsia,#81e0ee
saphir,#22f995
mandarine,#ebe8e2
forêt,#700da6
lavande,#1c18f1
menthe,#3d3567
baie,#04b3bc
pêche,#f65c35
émeraude,#94cb40
orchidée,#16b83d
pervenche,#29bb1e
pin,#02a1af
carmin,#373bab
forêt,#dfcf70
jade,#1c2bbf
bronze,#c313c4
olive,#119305
cuivre,#9dea77
olive,#c15ee2
violette,#5f6b72
écarlate,#da176d
acajou,#384496
platine,#a4ed04
ivoire,#118004
platine,#6d2b22
azur,#38ffb2
marine,#8775ba
émeraude,#8884f1
orchidée,#124ab5
bronze,#804455
charbon,#0a814f
sable,#b11cd2
violette,#c8d6eb
azur,#f17b68
bordeaux,#3fb83b
orchidée,#f2f345
citron,#468017
émeraude,#a497dd
pervenche,#d18fff
pervenche,#7afed6
jade,#99fb51
saphir,#0ba15f
saphir,#7588f0
obsidienne,#9af1d9
citron,#47c2bf
cannelle,#026390
baie,#634359
saumon,#3cede7
citron,#6fdcb0
obsidienne,#b0b9fb
ardoise,#b8bef4
sarcelle,#761486
crépuscule,#d6ec53
pêche,#7030be
rouille,#47dce2
bordeaux,#c1640d
cobalt,#2364e4
émeraude,#b62ae9
cuivre,#fbc2e9
citron,#ae17d3
doré,#9e1c01
pêche,#0b59b3
crème,#167f4c
orchidée,#99b0ed
moutarde,#b1c734
pin,#07bc89
crème,#ac242f
jade,#5246c4
sépia,#9266a2
saumon,#5262dc
bois de rose,#ac042c
lavande,#a29ba5
violette,#ee7346
ardoise,#be2427
moutarde,#708699
indigo,#0a2ba7
acajou,#9d6775
écarlate,#d84905
rubis,#6758e3
pin,#9fdf3e
citron,#a5edb7
doré,#96f5ea
fuchsia,#4b140a
pêche,#78e761
bordeaux,#b30d47
pêche,#6590ec
saphir,#96e79e
topaze,#3f12b9
obsidienne,#3ff9a3
moutarde,#b38e08
olive,#ac0ebf
acajou,#56d7c7
ivoire,#68f531
ardoise,#a24837
saphir,#14e364
orchidée,#877c30
lavande,#cfba2f
obsidienne,#da86be
saphir,#34a056
pervenche,#d2f5db
ambre,#c9fab7
azur,#7e73ff
pin,#2d0e1b
ambre,#96d509
rouille,#d2a5e5
indigo,#6e4e93
marine,#a949d7
orchidée,#851d65
pêche,#15dc7e
obsidienne,#ab9295
marine,#5f2031
pin,#d48e15
pin,#e5dcf1
azur,#b2d471
charbon,#4ecf32
rose pâle,#1afa8e
céruléen,#8d2308
bordeaux,#d33b14
fuchsia,#0edf94
émeraude,#055fae
saphir,#5ad0ce
sépia,#3b073b
platine,#a51afb
magenta,#186360
doré,#61c02a
jade,#a11e1f
cannelle,#213cdf
corail,#d0e9c9
orchidée,#c83aa0
violette,#eff542
saumon,#82734c
corail,#9badd3
rouille,#9326e7
ambre,#ed7992
citron,#0dedba
pêche,#54672a
bois de rose,#d3d9fd
cobalt,#5a9c53
bronze,#9ca25b
menthe,#de2d29
doré,#ea99b5
forêt,#dc7a86
rouille,#0086b7
violette,#e60347
ardoise,#04d59a
ambre,#db7178
crème,#100c71
émeraude,#1945b3
corail,#4ff103
moutarde,#42d0c8
doré,#0c8734
crème,#480378
pin,#309bf3
rubis,#3f6126
indigo,#7258b9
pêche,#3269fb
ivoire,#5057b7
rouille,#8bcc6b
orchidée,#425508
pin,#289552
ambre,#2255e5
acajou,#e5f4a6
écarlate,#992c8c
écarlate,#ca5dfb
indigo,#c24460
crépuscule,#3c06e9
orchidée,#ece0a4
bordeaux,#02929a
sépia,#01d60e
magenta,#d6dc6e
menthe,#a349e4
indigo,#f3b9e1
rubis,#4faf93
orchidée,#f5a1c7
sable,#d5b3c7
bronze,#fde557
saumon,#9c43cd
sable,#86530c
pêche,#53adf8
saphir,#0a308f
bois de rose,#6f1d78
ivoire,#93f7be
bois de rose,#48a012
sable,#ac0e21
obsidienne,#a76d8d
topaze,#2d1451
émeraude,#0d8889
céruléen,#f4e3d6
platine,#d56b29
fuchsia,#7659b9
cobalt,#6a7b35
menthe,#5282ca
sable,#f663a6
saphir,#4ac772
bronze,#e7ec1e
magenta,#538551
carmin,#99ea6e
indigo,#299ebd
ivoire,#9a9506
olive,#f3cd56
ivoire,#deeef3
azur,#268b0f
baie,#56e613
rubis,#3149dc
indigo,#aa13ad
émeraude,#3867b6
pervenche,#b998a8
rouille,#29c793
saphir,#34ecfe
cuivre,#0f2327
ivoire,#65e92c
ambre,#48fb72
pêche,#eb9230
turquoise,#6a8d30
azur,#963b82
jade,#2906d9
cannelle,#a670e2
écarlate,#a1877b
platine,#b55c3d
azur,#9a9ff7
platine,#e2b3ba
bois de rose,#5783df
topaze,#294d0f
acajou,#cacfad
cannelle,#32cee4
saumon,#cdf702
émeraude,#52762c
pin,#d4aba6
sarcelle,#c72721
cobalt,#b2f3e5
céruléen,#5c9b90
cobalt,#d01ba7
sarcelle,#712dee
corail,#e5e1f4
ivoire,#13d977
bois de rose,#183c58
bordeaux,#2368ac
moutarde,#182ed7
fuchsia,#4a48dd
cobalt,#d25556
sable,#e6680c
céruléen,#a2ee39
émeraude,#2886ae
rouille,#bbbba8
platine,#70893a
fuchsia,#bb80b1
turquoise,#46f289
menthe,#bcbf55
jade,#d8bb48
indigo,#e3ba52
citron,#28076c
écarlate,#5ae1bb
saphir,#3eeb6c
sarcelle,#fbe677
mandarine,#bae24e
pin,#359230
bronze,#e6c724
cobalt,#fcca19
forêt,#315e39
pêche,#63088d
bronze,#5c56e9
doré,#96d788
pin,#c595cc
azur,#28d48d
turquoise,#49dd15
saumon,#0a4f8e
fuchsia,#e81195
saumon,#91bef3
charbon,#da207e
sable,#35f15c
citron,#e8afcb
rose pâle,#0c01f3
charbon,#e160a2
indigo,#28eb1a
rubis,#47a436
obsidienne,#26d380
ambre,#54fb71
citron,#bca051
indigo,#dce30f
olive,#c38991
ardoise,#7b84ca
turquoise,#f062a4
pin,#a01811
rouille,#6df8f2
pêche,#d72551
bronze,#ba3097
saphir,#da92db
saumon,#b4ad89
indigo,#584ac0
rouille,#d9cf3c
bronze,#05b17a
crème,#725da5
saphir,#2af7d9
moutarde,#a3249c
cannelle,#552fdc
azur,#ddf37c
indigo,#2a0e0d
baie,#79ff34
turquoise,#741140
crème,#4f0152
cuivre,#bf7eab
saumon,#cb47fe
azur,#8aa2ed
céruléen,#361d3a
lavande,#cb94ed
forêt,#3b582d
ardoise,#18c489
magenta,#ff71ba
orchidée,#3a6a28
sépia,#fc6446
indigo,#5e8ca1
doré,#d5de2a
orchidée,#1220ee
azur,#1f8d66
corail,#12ea5c
olive,#61b958
jade,#ae6118
pêche,#2fa00e
bronze,#7ceccc
acajou,#055545
rouille,#b1372d
olive,#8b6a04
ivoire,#ae2095
émeraude,#bc114d
bordeaux,#ebd696
forêt,#dbaa09
menthe,#770959
acajou,#3b7603
ardoise,#102a22
sable,#3d33e0
orchidée,#2b3fdd
émeraude,#b9ee76
ivoire,#262424
doré,#16dc73
corail,#1667d1
orchidée,#d12108
baie,#e25cbb
jade,#b3c9ca
charbon,#f21971
turquoise,#651d8b
azur,#d2fe28
charbon,#263f32
charbon,#1753fc
citron,#53b5d3
citron,#1ed49d
rubis,#8813b0
moutarde,#35967d
baie,#bfb812
mandarine,#28eaee
ardoise,#5c6113
pervenche,#e49192
émeraude,#a878ae
ardoise,#9dad88
carmin,#428bec
sarcelle,#1b1537
sarcelle,#43c209
saumon,#ca522f
carmin,#7feb5e
citron,#51d6de
céruléen,#d11b2e
émeraude,#756e75
pin,#6b2062
turquoise,#26987f
marine,#1a68e4
indigo,#3c9fd1
sarcelle,#7fc550
acajou,#63b139
corail,#ec7213
baie,#c1412f
platine,#22b6e5
bronze,#2d0a3a
rubis,#a4f591
forêt,#cf3a62
rubis,#2bff83
lavande,#119436
baie,#46b50a
écarlate,#749376
magenta,#c99605
ambre,#1d1870
violette,#e2572b
marine,#ed8e62
fuchsia,#95d263
indigo,#f42652
sable,#0092ab
carmin,#d0fa82
carmin,#2e6650
émeraude,#f9d347
charbon,#5c35e5
émeraude,#78ba36
violette,#0edf9b
violette,#de74c4
forêt,#ac7e39
saphir,#2605be
corail,#1d27a9
bois de rose,#1f2c33
saphir,#20ef2d
cannelle,#7da96f
moutarde,#0f81e0
céruléen,#266606
charbon,#9b9b95
crème,#e49d3a
charbon,#7e0922
crépuscule,#4f76ff
magenta,#a498b6
azur,#120846
pin,#5ee0c8
carmin,#14a5ea
charbon,#b93927
platine,#809323
crème,#f5ef53
bois de rose,#2543fd
topaze,#9eecc8
topaze,#dbb958
fuchsia,#2d2d51
sable,#6fdadb
forêt,#f9290f
fuchsia,#e5bd0c
émeraude,#0a4056
mandarine,#dca2ea
saphir,#135b44
ambre,#161860
bronze,#42aed1
indigo,#66b31c
citron,#b2d235
lavande,#959bf0
corail,#962f02
cobalt,#5b7b49
corail,#680b79
rubis,#0d39a1
indigo,#12bc53
pin,#3ff460
magenta,#5298a3
azur,#945930
moutarde,#add85a
carmin,#14c0d4
rose pâle,#9dd263
crème,#939103
marine,#6f1073
menthe,#fa5e44
orchidée,#81a13e
azur,#7c25a5
cannelle,#381060
marine,#8c3e48
charbon,#e6c17c
saphir,#337b0e
moutarde,#7ea6c3
indigo,#03523e
turquoise,#60c6ae
sépia,#71a4d3
bronze,#a04d46
baie,#1ee67b
charbon,#af620e
sarcelle,#2d74c6
menthe,#4d2bea
mandarine,#1c1b26
écarlate,#dbdca8
cobalt,#9e2b8e
violette,#e88cbb
cobalt,#7921c7
indigo,#7acef2
rubis,#8131b1
sépia,#8ba7af
rouille,#a26346
écarlate,#73af70
topaze,#d100ed
jade,#2bd02d
ivoire,#6047f5
marine,#d4fb73
magenta,#6435e0
menthe,#37d792
lavande,#a45de6
magenta,#de6f8a
rubis,#f54c04
forêt,#4dc22e
charbon,#0f48fe
saphir,#3a7800
indigo,#5983a2
émeraude,#8891d5
ardoise,#62071f
rubis,#986ec4
forêt,#c1e67f
cuivre,#34e4d3
bronze,#4f9d17
lavande,#850eb6
crème,#c0bbc8
bordeaux,#56504d
olive,#987a51
crème,#8b2d34
azur,#15a49a
rouille,#03ef36
doré,#4b971a
sépia,#e86a5a
pervenche,#0f4ea7
crépuscule,#4f365c
turquoise,#8b28de
turquoise,#046833
sarcelle,#bed47a
forêt,#ccd08b
rubis,#3cbd73
violette,#3ee36f
platine,#1090c5
pervenche,#162c2f
cannelle,#492ff1
violette,#38135d
pêche,#7fdf0c
rose pâle,#a5d580
obsidienne,#19c221
rubis,#e002e9
crépuscule,#0fbc40
fuchsia,#16efce
crépuscule,#9392e9
azur,#da5ab6
azur,#0e7524
fuchsia,#58b856
acajou,#7506bd
menthe,#542876
forêt,#5cff15
charbon,#2cb9c7
bois de rose,#6db6b4
cannelle,#10127c
mandarine,#c31784
cuivre,#43056d
turquoise,#316496
magenta,#2f1e50
magenta,#390223
bois de rose,#959056
émeraude,#3601de
obsidienne,#fa95ce
doré,#99bd68
rose pâle,#2aa068
crème,#597a5c
azur,#7064b3
menthe,#ec25a7
azur,#6cd73d
jade,#1751f1
émeraude,#07a98d
cuivre,#aec33e
menthe,#621403
cobalt,#2b7393
écarlate,#491448
ambre,#bb0601
émeraude,#36053b
acajou,#767efb
doré,#fa0d8a
bordeaux,#37d25b
platine,#45b4c4
corail,#faf316
olive,#67e08a
saumon,#f29bdd
obsidienne,#d111f2
lavande,#118acf
indigo,#037809
menthe,#ed0236
crépuscule,#d5a895
marine,#f18371
sépia,#4da7fa
rubis,#a4e3fe
forêt,#fbc8d3
baie,#e1a6df
orchidée,#34f414
jade,#2c7bd5
ivoire,#3a19ef
moutarde,#d3d890
carmin,#e4fddc
magenta,#34fd74
forêt,#1e5e41
lavande,#5f748e
lavande,#9db01e
bronze,#5aaa9b
émeraude,#3ded70
violette,#54415c
acajou,#aa8ab4
bois de rose,#2e37b3
violette,#9340f1
platine,#f8041c
ivoire,#823b6c
violette,#166f98
crème,#3b145f
carmin,#b51c87
sépia,#5f96ae
crépuscule,#748ed5
bronze,#47989e
bois de rose,#1be7a5
pêche,#3cf5bc
violette,#a8f8af
magenta,#cd8626
moutarde,#973416
moutarde,#c1f66b
cuivre,#9c621f
orchidée,#c908d8
écarlate,#70af17
rubis,#b1aeae
bordeaux,#c48182
violette,#55d20e
marine,#5ffd52
forêt,#70bb1a
jade,#1cfd81
ivoire,#cddff5
acajou,#a6aad1
ivoire,#ad6c5f
violette,#61898e
azur,#fe396c
rose pâle,#6c739b
mandarine,#0160d0
acajou,#44a10d
turquoise,#9d5a63
carmin,#8a1b95
rubis,#2dcb2f
sarcelle,#e11433
saphir,#48082a
citron,#8e77d6
fuchsia,#8d6f27
orchidée,#9475a8
acajou,#f5a08b
doré,#c73505
topaze,#bf97ee
sépia,#5c73ee
cobalt,#84ac25
forêt,#356a4a
turquoise,#6ae343
baie,#4434a5
indigo,#130dc4
émeraude,#debd26
carmin,#5e8e8b
acajou,#2f45a7
cobalt,#bd8586
crépuscule,#ba2db3
sarcelle,#84bbaa
rubis,#4e672c
corail,#b08701
bronze,#c03292
sarcelle,#ede01d
sépia,#34e03a
violette,#d93726
rubis,#8376e2
cannelle,#4f9c57
obsidienne,#fbce2a
moutarde,#fffece
écarlate,#2f37fd
baie,#560401
menthe,#1bf1a2
violette,#58dc05
bordeaux,#35a2e0
bois de rose,#2d4835
sarcelle,#e96b5f
pêche,#670387
cannelle,#d6dad5
cannelle,#2da8a6
azur,#3b0a46
azur,#a8e95e
topaze,#5bb5f8
moutarde,#198dc6
baie,#a87550
ivoire,#b5cfc6
azur,#017e6b
platine,#17c025
forêt,#4efb03
crème,#b2fc76
doré,#b71a00
cannelle,#0e51fe
corail,#1e44ad
baie,#4e5ec7
carmin,#1941c3
céruléen,#d21354
moutarde,#2639b2
bordeaux,#6a40ce
saphir,#ce8099
saphir,#9cbd77
jade,#5a5c63
bois de rose,#7a1833
ambre,#bd2116
turquoise,#bc96ea
sépia,#bb4f7d
rose pâle,#ee001c
turquoise,#a16a5c
bronze,#a50f88
carmin,#8fc773
ivoire,#a20f15
violette,#060952
pin,#5056ba
bois de rose,#77fdff
olive,#2e541d
topaze,#5b056d
cannelle,#b66c81
sarcelle,#a7ab33
cuivre,#30964d
sarcelle,#01dc3b
crépuscule,#2f3d74
jade,#82e31e
cobalt,#7afb07
charbon,#b78679
écarlate,#69ef9d
bois de rose,#fc6a0f
ardoise,#5bd2a2
topaze,#1a98de
moutarde,#b87401
citron,#290e0f
azur,#2a150e
topaze,#026384
baie,#e4f78f
mandarine,#0262fb
céruléen,#26d5de
citron,#37e755
bronze,#ec8fc6
rose pâle,#a30cba
doré,#43d5db
moutarde,#271849
sable,#4c4154
forêt,#6bfd2b
ivoire,#791bcf
rubis,#562d6e
turquoise,#818fe1
marine,#538747
orchidée,#797274
carmin,#4768cf
forêt,#98bae1
mandarine,#da1679
lavande,#20a735
ardoise,#875f48
saphir,#cb7cb3
pervenche,#65486f
menthe,#e5af1c
magenta,#19aab4
sable,#38c671
violette,#1b82b1
ivoire,#a1212f
pervenche,#f476f3
jade,#67f858
jade,#2f0e7e
lavande,#ea4691
turquoise,#b30558
pervenche,#62069f
pin,#201e01
cannelle,#b71bfc
crépuscule,#3e2dd4
forêt,#3a4418
obsidienne,#1418b1
sarcelle,#2b3234
mandarine,#dd6dee
lavande,#f3030e
écarlate,#4c67f1
crème,#19565f
platine,#527003
moutarde,#d07520
platine,#804beb
azur,#e4a1a0
saumon,#e21b51
pin,#977a07
cobalt,#ac06db
cuivre,#497e46
crème,#d1c924
moutarde,#dc8cf9
citron,#b11fbd
mandarine,#017c8f
marine,#6d76e1
corail,#ebd261
rose pâle,#17b288
pêche,#a36a04
corail,#c841ac
marine,#5dc209
carmin,#762409
sarcelle,#515c07
forêt,#ed8941
sépia,#4afbe3
écarlate,#e9de6a
indigo,#33936b
topaze,#2e5286
baie,#2831d9
turquoise,#dbf961
rubis,#f40933
ivoire,#2dfdd8
mandarine,#60b584
topaze,#1536f0
olive,#c2d135
sable,#90036f
pin,#18ad61
charbon,#eccc37
menthe,#ace254
céruléen,#59c150
corail,#c60b86
azur,#cf0e96
menthe,#22dc13
bois de rose,#6ffaf9
pêche,#cebb0e
crème,#bbc78e
rose pâle,#14d398
menthe,#49d2f0
indigo,#7ef3fa
baie,#d07c35
rubis,#2282cb
azur,#902178
sépia,#2790d1
platine,#c5555a
mandarine,#4430c0
indigo,#35e16f
céruléen,#cc8147
acajou,#eda036
fuchsia,#ba1d59
crème,#d11e78
cuivre,#540634
sarcelle,#e7dfaf
saumon,#5b93c5
ambre,#a180e3
écarlate,#971dab
ambre,#5cf113
cannelle,#8a116f
cannelle,#029ba3
émeraude,#36b7ec
rose pâle,#0e409d
saphir,#ce97d9
indigo,#84696e
acajou,#563873
saphir,#129dbc
sable,#02b63b
pêche,#cd9220
pervenche,#83ec46
corail,#319096
écarlate,#c6ac10
pin,#f381fe
rubis,#dfb189
rose pâle,#0d0ea8
sarcelle,#863395
rose pâle,#b1e391
pervenche,#f53193
turquoise,#2f663b
marine,#98a919
bois de rose,#a8a5c1
rouille,#95b85c
crème,#2c3455
cannelle,#d3f96d
mandarine,#d7e149
sépia,#5ab88b
rubis,#9608ea
turquoise,#b022dd
rose pâle,#e9569c
émeraude,#580e0c
pervenche,#fb23e8
pin,#2b93d4
indigo,#75e11e
sable,#5704cb
jade,#fe8138
pêche,#7d4782
marine,#97dbfc
cannelle,#2cfe60
baie,#35283b
sépia,#c054eb
platine,#73e353
charbon,#e24ad4
saumon,#440611
marine,#d106f2
platine,#6382b7
acajou,#a0c6e5
moutarde,#7edac8
doré,#79ae4f
saphir,#56621e
sarcelle,#eb0c11
saumon,#53f0d5
écarlate,#d1662e
mandarine,#de00ef
fuchsia,#55e0c0
olive,#e2df73
charbon,#4a5bf5
bois de rose,#66c5fb
lavande,#4b881e
ivoire,#6a38a6
saumon,#37c2e9
écarlate,#78f95b
marine,#76bdcd
cuivre,#f2c243
olive,#0c7b1e
carmin,#f7f52b
citron,#824a2f
sarcelle,#d9f0e9
saphir,#d555a4
topaze,#595ce2
acajou,#32eed5
mandarine,#6e5592
azur,#7d95d9
cannelle,#b73b15
doré,#d96c06
topaze,#a094d7
topaze,#630ca0
rose pâle,#fc1c8d
forêt,#556b2a
rouille,#c86c45
écarlate,#620d77
fuchsia,#08ab88
cobalt,#06aec3
obsidienne,#4aff8a
violette,#befee8
ivoire,#9354f3
cannelle,#98637e
rose pâle,#81177f
écarlate,#ffced7
rose pâle,#d5b37c
sarcelle,#02f762
écarlate,#10d95a
bordeaux,#f6b728
crème,#a70f6d
forêt,#cb3567
acajou,#c88bb1
pin,#d0769c
charbon,#c1f7e9
cannelle,#0dc14a
crème,#079026
forêt,#a2b223
ivoire,#11286d
rose pâle,#c34d7c
ardoise,#a89d16
bois de rose,#69d483
violette,#51a591
acajou,#98d71a
platine,#8912e4
sépia,#2b5613
bronze,#b76a93
doré,#443dea
bronze,#50d694
obsidienne,#85eb8e
topaze,#3f0775
saumon,#78862c
fuchsia,#0f87b0
moutarde,#2f979e
crépuscule,#ff6957
écarlate,#b752ce
mandarine,#294ab2
bois de rose,#bbbd96
corail,#b8bb83
rubis,#480a42
lavande,#d2dc12
bronze,#742860
azur,#ae9a74
rouille,#ef1225
citron,#979917
cannelle,#1222b0
crépuscule,#8d4921
rouille,#9fb05d
rose pâle,#9f6e02
émeraude,#f4173d
platine,#74b1b5
lavande,#466e8c
jade,#5188c6
citron,#aeb22a
menthe,#0280b6
moutarde,#5edae8
rouille,#97054a
crépuscule,#95c9b7
violette,#2b4c46
turquoise,#6d1007
marine,#6e685e
acajou,#6ed756
pêche,#d013cc
olive,#88ac8e
moutarde,#6afef9
acajou,#a37e6e
carmin,#7ba20b
cobalt,#5f9ba9
doré,#1acb9d
saphir,#1e7a00
orchidée,#06bd17
obsidienne,#21c637
marine,#0f2a01
bois de rose,#25be25
crépuscule,#cdd9e9
saphir,#60cda7
turquoise,#e496b8
pêche,#13f4b6
baie,#49e849
menthe,#5000f6
bordeaux,#48971c
pervenche,#fd8809
menthe,#ea7f91
corail,#4ac05d
crépuscule,#b87d1e
marine,#414a13
indigo,#96cf1c
rose pâle,#878444
bronze,#dae533
orchidée,#12fb77
ardoise,#988b2f
moutarde,#ec045f
violette,#7fcb88
rubis,#b2fbe8
rouille,#4d4e2a
menthe,#884cf6
sépia,#f97f9c
ardoise,#116714
jade,#4e44cf
indigo,#8e8733
orchidée,#7a4cc3
pin,#ebda6f
turquoise,#8e38d8
saumon,#ec1969
sarcelle,#18b9b7
baie,#3d2caa
fuchsia,#164224
sarcelle,#5cb4a6
violette,#fbd148
baie,#be24dc
obsidienne,#6d8d1f
indigo,#a34620
fuchsia,#a9c99b
céruléen,#68c9ea
cannelle,#179666
pin,#bd56ad
baie,#54a883
ambre,#3e5010
bordeaux,#bb2f40
lavande,#5aa579
sarcelle,#e64a3b
ambre,#c7f533
sépia,#c0fb75
magenta,#ab9286
forêt,#2a175b
pêche,#424be3
émeraude,#3306cf
ivoire,#7fdcb2
acajou,#46e3c7
acajou,#01bdb0
carmin,#3e7f2b
violette,#2f8347
pêche,#62d1c0
olive,#164483
sépia,#17342f
pin,#a1bb32
bronze,#cc55a9
rouille,#0416df
pêche,#f19215
charbon,#da2e1b
sarcelle,#dc1962
pêche,#7cc562
forêt,#59c076
magenta,#e57341
jade,#9242b8
crépuscule,#293355
platine,#705d2a
mandarine,#7cbcce
fuchsia,#553895
citron,#e1f899
sépia,#401449
violette,#0283b2
ardoise,#c2163f
cobalt,#1ce36e
platine,#59865a
acajou,#9ad867
turquoise,#c817f6
moutarde,#836764
rose pâle,#88836a
forêt,#2ae0fa
rouille,#0a49d0
pervenche,#3f5558
rubis,#f895a4
moutarde,#42f4cb
topaze,#e51691
corail,#36eebb
topaze,#0f53ed
menthe,#482176
forêt,#9595e6
sable,#9d6eb6
azur,#dd0489
marine,#ee36d6
violette,#3c1491
violette,#0d1de5
saphir,#9cdd32
topaze,#cc2cb0
obsidienne,#60d1cf
émeraude,#42c99c
indigo,#73c7b2
cobalt,#2165ff
crépuscule,#a5634a
orchidée,#fcc29b
pervenche,#a796d3
écarlate,#43275b
émeraude,#9b755f
olive,#374e15
citron,#b4f289
forêt,#259262
lavande,#5021b0
ardoise,#e3f431
rose pâle,#1b1445
doré,#133bf4
orchidée,#c9abe2
rose pâle,#3d0566
crème,#1ca4e7
azur,#a6c214
écarlate,#d8087c
obsidienne,#32343a
ambre,#84899c
sépia,#72b6a7
rose pâle,#f419c5
lavande,#ae09ef
rubis,#cf798f
lavande,#973211
cuivre,#dedcef
céruléen,#d069f7
azur,#3488cb
mandarine,#278866
carmin,#aafe4c
jade,#a309af
mandarine,#eb99e6
pervenche,#224192
carmin,#b44cd0
marine,#61650f
magenta,#17f16c
carmin,#947e70
rubis,#277fe6
indigo,#61df8e
carmin,#800b74
olive,#f7dc4a
corail,#b97e8e
crépuscule,#ad39de
forêt,#54d75a
azur,#a47e0d
indigo,#c16259
cobalt,#06f7b9
cannelle,#63765e
indigo,#dcfb78
bordeaux,#a3ed27
azur,#d6937a
olive,#7da45e
émeraude,#39c0ed
crème,#888f85
émeraude,#f95ffc
citron,#96791b
lavande,#164be5
rubis,#d9697f
fuchsia,#2d815a
magenta,#e5d629
azur,#706a8f
acajou,#ff0fbb
ivoire,#b465af
crépuscule,#8116c8
cobalt,#142082
cobalt,#086dd1
pêche,#512abe
saumon,#0030c0
céruléen,#3c854e
obsidienne,#3e92fc
violette,#ee8c93
cobalt,#f9ee2d
émeraude,#b50918
marine,#7866c5
sable,#124bcf
marine,#850e6f
topaze,#25feb1
menthe,#259e78
ambre,#4c3e27
orchidée,#b06fd5
rubis,#1c368c
forêt,#613e1c
topaze,#199b02
indigo,#cb0042
ardoise,#9808d1
pêche,#fafda6
doré,#96a24f
ambre,#081ebc
violette,#43236a
olive,#7bd981
olive,#54bf0f
cobalt,#f41b86
magenta,#638975
cannelle,#f99ab9
sarcelle,#4dd1d7
mandarine,#2a4776
baie,#2029e2
rubis,#3fd140
turquoise,#37307d
pin,#a0cac0
pêche,#06f49d
lavande,#257dc7
violette,#632805
citron,#a1ab66
céruléen,#602bf6
citron,#56c4f0
sable,#8d07df
menthe,#537dac
pin,#aeedcc
pêche,#e9f196
baie,#6e141e
crépuscule,#096040
crépuscule,#755825
pervenche,#c61dc6
menthe,#1f3c67
turquoise,#a312b2
corail,#adf60f
crépuscule,#718100
rubis,#b44f18
rose pâle,#2b6d38
corail,#838f3b
violette,#ee0c1c
sépia,#8cbcb7
fuchsia,#a53650
bois de rose,#02391a
céruléen,#ddd214
jade,#c3dfdb
baie,#d78b03
mandarine,#bc3fea
azur,#df2250
jade,#dbd97b
saphir,#852dc7
azur,#71524b
sable,#b90163
crème,#3f526f
violette,#ee0790
pervenche,#2865e4
menthe,#f5dc1d
topaze,#87f949
azur,#cd4e75
saumon,#2b4a80
écarlate,#2dd001
orchidée,#a17e84
saumon,#12c6ac
ambre,#721897
céruléen,#f8d392
rouille,#62ccdf
forêt,#1316cb
fuchsia,#ef7c9a
bois de rose,#3f841e
sarcelle,#587949
turquoise,#fbccb0
moutarde,#5f96af
céruléen,#e318c5
fuchsia,#7f1098
pin,#5b4b02
mandarine,#42c771
azur,#b9aeed
rouille,#e233f2
cannelle,#b608fc
cannelle,#187ddf
carmin,#12b575
rouille,#3715fa
rose pâle,#16049e
moutarde,#0ae5b0
fuchsia,#5079d9
saumon,#d57e19
bronze,#5c16cc
olive,#cdb40f
platine,#4ee7f9
ambre,#f7aa06
moutarde,#38b76e
saumon,#fe80ff
olive,#c13465
rubis,#605e9c
mandarine,#2ebd4e
baie,#036482
obsidienne,#279ecc
cannelle,#b9b147
sépia,#d4cef5
sarcelle,#486bf4
bordeaux,#358a86
cannelle,#a95ce6
moutarde,#af2974
saumon,#547d4d
sarcelle,#e37ad6
platine,#258e21
écarlate,#cda10f
acajou,#739c34
ivoire,#34756c
turquoise,#053baf
marine,#8755f9
doré,#aea3f8
ardoise,#c77a04
écarlate,#879931
cuivre,#665a1a
sarcelle,#a744a6
topaze,#284ab4
magenta,#f3cc7c
menthe,#becd33
magenta,#539edc
crème,#9e290d
écarlate,#b5f383
azur,#1a95c4
obsidienne,#22d7f3
écarlate,#7f9abc
cuivre,#4e6ae4
saphir,#da015e
écarlate,#643174
crépuscule,#e3c5fb
pervenche,#186232
ardoise,#f4011b
indigo,#10dfa3
cobalt,#096178
azur,#799067
jade,#61c5c1
doré,#07e412
pervenche,#98c98b
mandarine,#e73602
acajou,#220d03
platine,#fe0aad
rose pâle,#d92f76
olive,#e503fd
corail,#8c5e37
charbon,#f4b4ef
crème,#67c8d2
cannelle,#e65f14
indigo,#704347
saumon,#e49c50
corail,#ab793e
orchidée,#03b17c
céruléen,#7cac9a
lavande,#b90ca9
carmin,#70b9d4
indigo,#097eb6
mandarine,#90e7c1
topaze,#e4416e
sable,#554d60
baie,#0e7943
violette,#ac5ce9
écarlate,#a10a97
lavande,#b8689d
bordeaux,#599774
crème,#08ddff
pervenche,#33920b
bronze,#29be03
charbon,#cfb3ad
turquoise,#6b1340
olive,#32e03f
corail,#8b3a19
pervenche,#12f81a
corail,#7d63fc
citron,#d8800d
bois de rose,#8ae5e2
ambre,#76b46c
émeraude,#3676c4
charbon,#20e6b4
azur,#ffa5a7
turquoise,#d3c6f8
écarlate,#2be8a1
charbon,#0daa50
baie,#b06c91
olive,#246123
saphir,#3cd78a
baie,#7d0dd6
céruléen,#75a36e
corail,#150bce
mandarine,#ba15ab
topaze,#5a9de6
sable,#b0e6e3
ardoise,#acd961
indigo,#e48e58
mandarine,#d7dfbf
mandarine,#d895cd
pêche,#9b8f6a
rubis,#546d8f
émeraude,#318fe6
lavande,#8a0444
pêche,#e0660a
jade,#e7f490
violette,#0f0c90
carmin,#fc1224
crépuscule,#f35547
magenta,#63450a
turquoise,#5b7579
rubis,#bfaa93
olive,#85aebc
émeraude,#ceb1d8
sépia,#ce43da
ardoise,#2c4f0f
cobalt,#a51887
charbon,#d500ac
rose pâle,#85a057
violette,#79eb5c
mandarine,#2a265c
obsidienne,#d65b60
saphir,#686afa
saphir,#bb4b56
carmin,#e58581
acajou,#e86d05
cannelle,#df9e33
moutarde,#acc52f
pin,#d9bd12
orchidée,#886430
saphir,#91e455
marine,#bbc4e0
forêt,#d6fd67
saumon,#77ae30
baie,#0d10b1
cannelle,#72fd96
jade,#e663a7
pêche,#e3b3d2
menthe,#b6c58a
magenta,#541669
lavande,#04d101
pin,#7731af
lavande,#ad5045
acajou,#b9f7f0
pêche,#76a735
saphir,#6c5c38
menthe,#8ebc98
rubis,#8f7c05
jade,#c2ec03
rouille,#bbdabb
indigo,#bea66a
marine,#9bccbc
cannelle,#d09c00
turquoise,#ace378
sépia,#dd2e48
corail,#597168
pêche,#4e8fe6
pêche,#8de9b4
écarlate,#9887db
sarcelle,#6c008c
rubis,#7541bc
ivoire,#d12a5f
platine,#e531ae
cuivre,#ce8265
cannelle,#9f99c0
rouille,#8ee3f7
écarlate,#d49e13
cannelle,#5ba89a
magenta,#ee64b5
cannelle,#718471
platine,#d653ea
olive,#e64f0d
corail,#ae1db1
forêt,#14d5a9
menthe,#cac519
bois de rose,#0151e8
bois de rose,#66a7cf
indigo,#4639d1
baie,#135ef4
turquoise,#1231bb
céruléen,#f8822d
émeraude,#07ae06
acajou,#903035
magenta,#773856
saphir,#81122b
olive,#403639
indigo,#33f603
sarcelle,#3eb837
violette,#b4e4c8
pervenche,#e93d7d
sable,#a1e933
obsidienne,#38880b
marine,#be77d1
acajou,#07ec2d
acajou,#78b22a
cuivre,#463ae4
saumon,#4fe8f9
saphir,#935499
céruléen,#886a66
menthe,#92bbb1
topaze,#0382b1
obsidienne,#53aa8d
platine,#013dd9
pervenche,#c79d01
émeraude,#b0e9f4
olive,#25faf0
carmin,#cdbfba
marine,#9d4032
bois de rose,#464de4
platine,#9cbe4f
lavande,#7db4ca
obsidienne,#f832a3
écarlate,#c4aec7
crème,#43870e
rose pâle,#33baaf
turquoise,#03f648
moutarde,#4444f5
mandarine,#8c4761
bois de rose,#58adc9
forêt,#3bea4e
corail,#36e33f
émeraude,#4a6316
moutarde,#79ccbc
turquoise,#ef59de
pêche,#860189
saumon,#1bc1d2
citron,#5c08f8
olive,#e2df72
cuivre,#1006b3
platine,#16977e
topaze,#0f2e61
marine,#993670
ivoire,#68ea6b
moutarde,#03a774
marine,#58da8c
ambre,#734c89
bois de rose,#bd7bc8
doré,#7d4dc4
pervenche,#139ed4
turquoise,#e4c1be
écarlate,#6155ad
rouille,#614696
pin,#c9ce9d
jade,#8fce0f
violette,#b44520
cuivre,#8fe2fa
rubis,#7bc072
saphir,#2c93d5
rose pâle,#01387d
cannelle,#b50dce
cuivre,#5a58b7
charbon,#f08cc0
corail,#ed21f0
forêt,#cf6c04
corail,#56f9e1
menthe,#bed9a5
jade,#72d35b
carmin,#6ed528
cobalt,#b03c54
fuchsia,#9376a1
acajou,#802693
rubis,#25c0d4
turquoise,#76ab22
mandarine,#f874ef
cannelle,#ab64b3
cuivre,#ad45b2
azur,#d737fd
cobalt,#d9c126
crème,#d00e43
céruléen,#801815
sable,#c872e6
menthe,#e83363
bronze,#463243
ambre,#1512c5
azur,#8ff85c
acajou,#4a8d3e
pervenche,#ea214c
turquoise,#f00ccd
ivoire,#821a85
bronze,#b7b2d6
forêt,#0bb761
forêt,#bc1799
crème,#ba6804
charbon,#e065ef
magenta,#e1f976
cobalt,#5f87d3
jade,#804d64
carmin,#7b483c
obsidienne,#97c7eb
bordeaux,#54e138
sable,#9e57ed
marine,#92a0c9
pin,#302736
doré,#59f0c3
fuchsia,#925333
violette,#0a917a
jade,#eb37f0
pêche,#cd557f
cannelle,#7d783e
rouille,#74c1f2
rose pâle,#ce8544
bronze,#f61f7c
rose pâle,#59608c
saumon,#2a964e
fuchsia,#bb2d83
acajou,#9e90fd
écarlate,#313492
moutarde,#d02719
pin,#be8d2a
jade,#50dac7
ardoise,#75d674
turquoise,#a28806
baie,#cc9ce7
mandarine,#1cdce1
orchidée,#5b9b7a
carmin,#189882
pin,#31a4ae
pêche,#2a8889
pêche,#73f72e
crépuscule,#24cfa4
obsidienne,#9d92bb
obsidienne,#3ebd01
sépia,#180e10
écarlate,#1a3449
violette,#8a32da
olive,#b9a90f
menthe,#7e8ea3
rouille,#52c1a3
ambre,#73c503
obsidienne,#a5f4ff
pervenche,#7fe4ea
platine,#9b3899
bronze,#acbc51
rouille,#482cc7
bois de rose,#e27b2c
marine,#1e9358
violette,#bbf959
jade,#72e9f4
bois de rose,#378bc4
indigo,#1a3475
forêt,#91d040
rubis,#625cb2
émeraude,#de6d94
carmin,#575f84
turquoise,#925b3f
azur,#329312
rubis,#5609c5
bronze,#10c802
azur,#fff0b8
obsidienne,#42c592
cannelle,#4eb076
crépuscule,#a56b2c
citron,#d52586
sarcelle,#7984e6
ivoire,#f441c2
baie,#b442fd
céruléen,#2b04f5
cuivre,#752488
rubis,#a0fcdc
crépuscule,#65d2cc
olive,#0692d4
émeraude,#41ef5b
obsidienne,#637aa7
crème,#7ae749
fuchsia,#f211e6
moutarde,#77644a
charbon,#7d0d38
menthe,#38a031
pêche,#40f45d
ardoise,#10708d
violette,#ae757c
écarlate,#c68334
menthe,#c47d75
ardoise,#bbf4ee
acajou,#e874a0
corail,#d7124b
émeraude,#7cd09a
obsidienne,#fa7d45
rouille,#a036ce
rose pâle,#aab0e7
marine,#7a713b
bordeaux,#0f0987
rose pâle,#fdd7d7
saphir,#64d5bc
pin,#055692
orchidée,#be3c86
turquoise,#2f35da
émeraude,#68d1d6
charbon,#5abd6b
saumon,#ea5fa6
pin,#e3c4a7
forêt,#abfa54
saphir,#ef98f0
charbon,#2bf500
marine,#ac1122
pêche,#52d895
corail,#2ceea2
fuchsia,#66e873
pin,#9a31db
saumon,#309898
cannelle,#628ba1
bronze,#0195e3
saphir,#e7671a
cuivre,#f74dd9
lavande,#4298bb
corail,#bbe580
mandarine,#7bc16b
crépuscule,#8cf345
fuchsia,#967778
émeraude,#9cd86a
cobalt,#acb946
ardoise,#a93035
obsidienne,#aa28fe
orchidée,#54125c
citron,#59fd65
pin,#af6637
marine,#1de093
corail,#b21267
menthe,#1c74cc
charbon,#b71fb1
rose pâle,#a80152
bronze,#64fc4b
acajou,#cfa265
céruléen,#8f107b
sarcelle,#09d31d
sable,#2d6b85
saphir,#47d0e2
mandarine,#3b0601
ardoise,#5f7829
cuivre,#0f1d2e
ambre,#2b5ba3
obsidienne,#eb77e0
baie,#80205b
cannelle,#202fd1
obsidienne,#7c2fa3
forêt,#789f80
sarcelle,#7f20e6
saphir,#bd34ea
mandarine,#47371c
baie,#cbaf0d
jade,#d4c752
forêt,#558931
rubis,#e75638
mandarine,#b0f9fc
crépuscule,#e9df61
bois de rose,#586f87
pêche,#9d4448
ivoire,#3de8e8
magenta,#7c62c1
pervenche,#753dfd
obsidienne,#3cad64
crème,#aaeeca
rubis,#92148e
marine,#c94b3b
acajou,#54a67d
topaze,#ace6f7
sable,#c63209
charbon,#eafc0d
pin,#c06d3e
ardoise,#827c45
baie,#42694c
doré,#d52365
céruléen,#0348d5
jade,#ad4ea3
céruléen,#0ca15e
menthe,#880f49
citron,#59aebb
cobalt,#f8c772
sarcelle,#41a172
cobalt,#c1dafd
acajou,#1594fb
doré,#bc2a5b
menthe,#7ad88a
ardoise,#328237
lavande,#ad5aed
sable,#fc458f
turquoise,#f8b094
bois de rose,#05d72e
céruléen,#02d1d7
acajou,#decf95
marine,#399794
carmin,#a26a97
émeraude,#501f8b
marine,#b4bef7
indigo,#6adad6
lavande,#c3e2cd
baie,#690775
mandarine,#e035c1
sable,#8c1b5e
pervenche,#88f162
rose pâle,#6df9b8
bois de rose,#1ac22d
magenta,#7388bd
platine,#326d11
rose pâle,#e16aef
céruléen,#f55ef6
indigo,#5f57c4
mandarine,#3f28f2
céruléen,#6d45c3
carmin,#bb26a7
corail,#dad797
ambre,#b3aebd
obsidienne,#3e5f23
cobalt,#fab976
saphir,#7fdfb4
bois de rose,#9fb6f2
bronze,#e590a7
magenta,#3528ca
platine,#87f90f
baie,#f7401b
jade,#4e616a
jade,#f29ddc
baie,#627fa2
ivoire,#caa8c0
turquoise,#b515da
topaze,#9379a3
citron,#15b3fd
corail,#776d73
citron,#d32735
pervenche,#aaddc2
carmin,#5d3a52
violette,#ac2f11
sépia,#343cbb
saphir,#074315
magenta,#835ecd
moutarde,#9074c6
écarlate,#777647
sable,#d39fce
rubis,#fc7b6e
jade,#b76274
doré,#b1ee5a
saumon,#82c5be
pervenche,#19af25
émeraude,#17e0f9
acajou,#08e4ea
sarcelle,#f1c9a8
fuchsia,#09fd57
cobalt,#50ec12
émeraude,#885fff
ardoise,#56fd61
pervenche,#cb6cfe
mandarine,#430005
menthe,#f2c9a4
olive,#01d206
cannelle,#15669e
magenta,#1cf61b
azur,#52bd5b
doré,#7dab8e
pervenche,#d28191
pin,#b9dc97
moutarde,#0a4359
menthe,#8dcfe0
olive,#b27d7d
ambre,#217bd0
sarcelle,#55a13b
rouille,#0d217c
bronze,#5150d5
magenta,#89853c
baie,#e51292
crème,#32e084
sépia,#d38ea1
platine,#d6b69f
violette,#1a7e8b
cobalt,#0c3a4c
lavande,#347149
turquoise,#c404a7
mandarine,#9aad3e
doré,#cafd2e
mandarine,#e4aaf0
mandarine,#0b31e7
charbon,#7b13df
forêt,#856fc1
cannelle,#b52678
charbon,#07b8a7
cobalt,#5bafbd
rose pâle,#59cd0c
pêche,#0c43ee
topaze,#7e6a8c
ardoise,#8d336c
cobalt,#7219d9
sarcelle,#c112ee
ambre,#ec3bbe
citron,#a5cf83
écarlate,#88e114
baie,#a52a6f
lavande,#7fbd9a
pin,#13cd60
bordeaux,#544e7b
lavande,#28d8e2
menthe,#e5af9d
cannelle,#06793b
mandarine,#42eeb5
acajou,#e120c7
saumon,#a3daac
baie,#e417f6
doré,#8c9c71
sable,#f49743
saphir,#e98750
sable,#d9c737
crème,#3c9295
doré,#2da296
turquoise,#afe422
topaze,#65afe9
carmin,#820ade
indigo,#b95dd7
moutarde,#ce8a95
saumon,#aa72f0
bordeaux,#13fff3
pêche,#de9bc9
charbon,#3ac3d8
sépia,#88ef10
moutarde,#a3d948
corail,#0cd83b
pin,#fd58b9
carmin,#70484d
pêche,#8cf2e4
forêt,#01a95d
charbon,#2e4dad
pin,#c90df7
céruléen,#a7a66d
topaze,#649dfb
olive,#b28f61
jade,#d83f4d
pervenche,#fc929a
bronze,#6caf82
obsidienne,#3907f6
doré,#2b25c3
doré,#04a196
orchidée,#cdd441
baie,#a4dd99
carmin,#a1692c
pervenche,#1ee2bf
ardoise,#f75fe4
jade,#8db73b
baie,#23753b
sable,#41f32d
marine,#ee818b
bois de rose,#2e1f23
bois de rose,#aeba38
ivoire,#b92ccb
pêche,#83edee
fuchsia,#90be40
forêt,#5e86ba
saumon,#1471dd
rubis,#ce85f7
marine,#ca8555
charbon,#4cafa2
saumon,#6e91fc
céruléen,#4e9831
obsidienne,#f0e27b
ardoise,#b8e78c
rose pâle,#760b56
rouille,#389615
bois de rose,#ee82c6
bordeaux,#a4da27
olive,#103c94
moutarde,#a33663
pervenche,#cf1926
indigo,#1a7dfb
saphir,#da890b
orchidée,#20d32a
céruléen,#fac135
pêche,#36d387
orchidée,#866b99
cobalt,#f77288
pêche,#1f99f7
fuchsia,#c74adf
cuivre,#622e0f
mandarine,#7f0562
carmin,#e5aa58
platine,#cba1af
marine,#8553df
saumon,#8b6048
ivoire,#ca65fe
écarlate,#1aa63b
bois de rose,#836902
émeraude,#811b2c
cobalt,#8f4fc4
orchidée,#ca93c6
marine,#15c77e
doré,#03830b
forêt,#4c3926
écarlate,#688952
olive,#e6b55c
crème,#c4ec0c
marine,#da6df8
olive,#cb68e2
saphir,#4deaaf
menthe,#ca306d
saphir,#26b1ad
cobalt,#19622f
azur,#802694
rose pâle,#b132ba
baie,#64cf46
sépia,#cdf13d
crème,#ed8bc1
saumon,#7ebd62
moutarde,#005c20
platine,#311471
rouille,#6aaa90
carmin,#ec9395
violette,#d4880b
céruléen,#c1c5a0
mandarine,#f5d89c
cuivre,#c9cd0f
acajou,#d37cda
topaze,#b21b93
lavande,#b949c4
indigo,#da2b14
bordeaux,#92eeba
ambre,#916926
émeraude,#af265a
indigo,#2db221
lavande,#311508
acajou,#0fae53
forêt,#42d1a2
lavande,#1e4ab9
crème,#97b927
corail,#0614b6
rouille,#ab8d10
bronze,#b79c57
orchidée,#a356a5
acajou,#777c1f
rouille,#b899a5
rose pâle,#cdd632
émeraude,#6bf86b
pin,#7991df
saphir,#b4208b
céruléen,#d714a1
citron,#cd2a2f
crépuscule,#e34323
rose pâle,#6ddce8
ardoise,#87da37
bordeaux,#180f5c
sépia,#8d3241
azur,#bf29d2
carmin,#838aa1
bronze,#765510
sarcelle,#979a46
saumon,#4e4659
rubis,#5a7550
écarlate,#17cfac
fuchsia,#2d270f
menthe,#b08ffc
crème,#9c671f
sépia,#c3da7e
azur,#b82b31
doré,#192aa3
sable,#47c6b6
ardoise,#6aab4b
magenta,#a8c645
sarcelle,#4807c8
marine,#045e60
rouille,#ec2158
mandarine,#8ee17a
rouille,#32a508
olive,#6e0a79
sable,#eda12b
sable,#2735ea
ardoise,#e54f9b
cannelle,#8886ff
pervenche,#5c3dac
obsidienne,#591899
charbon,#1a3f21
sarcelle,#2039c4
pervenche,#ed248f
mandarine,#6ad342
ardoise,#e0ccf0
azur,#4c9b3e
rouille,#e3c29f
sarcelle,#681c86
charbon,#a818fd
cobalt,#a48d80
rose pâle,#e12405
rose pâle,#3cab9e
sarcelle,#72fbb5
crème,#c1de98
crème,#5c6885
céruléen,#43b5fe
écarlate,#178a80
lavande,#4bf795
citron,#4c58d6
écarlate,#664b07
pervenche,#a4d7db
ambre,#d83d2c
magenta,#7acac5
corail,#911e17
pervenche,#e7bf58
pêche,#591374
doré,#6ac8d7
crépuscule,#9398d1
sépia,#a2b9d9
crème,#a5b7c6
bordeaux,#fa046f
indigo,#f31c0d
crépuscule,#af2c69
fuchsia,#c69462
saphir,#e0a0b3
rouille,#2b0d1c
bronze,#948392
bois de rose,#c7ea3c
baie,#1b67e4
bois de rose,#d61455
charbon,#166918
bordeaux,#fbe408
orchidée,#79dc2a
rubis,#0a8324
charbon,#134f7c
baie,#fad937
ardoise,#a455f5
doré,#4b61c7
pervenche,#d895fe
menthe,#85793e
jade,#5045f7
jade,#224a7f
bronze,#af4e52
saphir,#ba714d
rouille,#1e2461
doré,#b9e61a
carmin,#b1d4c8
magenta,#bdb357
menthe,#1643df
ivoire,#06434d
émeraude,#acebd9
ambre,#e5c97f
bois de rose,#ecadb1
pin,#b4dc7c
turquoise,#f1b7dc
olive,#bcadce
cobalt,#bfba9e
baie,#f53060
ardoise,#cf1b7e
magenta,#8585cc
mandarine,#ca4180
marine,#b94f1a
moutarde,#fa1a16
rubis,#03dae2
fuchsia,#d31d3e
bois de rose,#0b5e90
ivoire,#b61e30
indigo,#680771
menthe,#3a6376
doré,#e97a8c
ardoise,#32f291
topaze,#ef964c
cobalt,#415182
obsidienne,#975ccd
cannelle,#9b6a2e
lavande,#25989c
magenta,#612957
pêche,#7365c0
émeraude,#238b90
doré,#dabb30
marine,#baf633
citron,#cd08ae
bordeaux,#3a94dc
céruléen,#6c2089
moutarde,#bd4486
rubis,#c9774c
orchidée,#242c61
magenta,#0df0a3
indigo,#b761d1
charbon,#94de3a
ambre,#70dc48
bois de rose,#e20ee7
baie,#1c61aa
acajou,#899383
ardoise,#225707
saphir,#1078ad
bois de rose,#c7058c
sable,#043a64
sépia,#0c7a83
cannelle,#865171
mandarine,#ee7c51
bois de rose,#29c5f1
mandarine,#e96ec7
platine,#3425c7
saphir,#5620ce
crépuscule,#5463b3
magenta,#ba01ec
indigo,#512b20
pêche,#780b12
azur,#9e94bd
moutarde,#305798
olive,#629aff
doré,#e4db04
ivoire,#ad8678
bordeaux,#04e83a
ambre,#03ed89
fuchsia,#0d077f
crépuscule,#963081
azur,#e4f252
obsidienne,#3ca178
mandarine,#f78666
forêt,#7a41f9
azur,#e0de43
sarcelle,#a10a6b
citron,#cffd1c
jade,#b443b0
baie,#b9298b
bronze,#b0d14a
violette,#eb5a82
fuchsia,#c7b4c9
doré,#152f71
cobalt,#352e19
doré,#fa70d6
pin,#cd9161
bordeaux,#f39548
jade,#7f5f87
corail,#c1fa0c
mandarine,#b368f9
rubis,#1e176e
obsidienne,#14204d
ambre,#ef0abd
cobalt,#10ecf3
sarcelle,#245dab
lavande,#dc5569
cannelle,#00bccd
cobalt,#1256f7
cuivre,#bd9bd7
sarcelle,#ed6a51
rouille,#86cfa4
crépuscule,#4603eb
saphir,#6d75ba
écarlate,#21b2c6
rose pâle,#157d03
acajou,#ce35ea
sépia,#bbbbdb
crépuscule,#bbae65
bordeaux,#a2340d
bronze,#e2cdfb
indigo,#4e87d6
sable,#07d177
saphir,#0ac43c
écarlate,#356b01
azur,#0b04ce
écarlate,#bb232e
cobalt,#8ed2cb
acajou,#731d1a
charbon,#d3c340
crème,#cd92c3
cannelle,#14feca
pervenche,#f36df2
cannelle,#205c5c
acajou,#e3b54b
corail,#8413e0
jade,#fcdfcb
citron,#92985e
crépuscule,#ca842f
mandarine,#0b37be
rose pâle,#b1b791
violette,#cff8bf
menthe,#fad2a5
doré,#0091a8
moutarde,#af890d
corail,#f997b7
forêt,#7315b2
émeraude,#ceac66
marine,#a4bc37
sable,#9836ff
pin,#340715
pêche,#e50bb3
pin,#8d3eeb
ivoire,#0429b1
acajou,#e5dee1
rose pâle,#8f8995
orchidée,#70e235
saphir,#9297bd
menthe,#ee6e85
rose pâle,#af1c58
rubis,#7cf104
indigo,#954432
baie,#c992e8
pêche,#d24024
bois de rose,#67655c
crépuscule,#aa04d1
saphir,#8f9b42
rose pâle,#e55c88
cannelle,#9c4944
pin,#06dcdc
mandarine,#3e8f92
saphir,#798851
saumon,#4de608
bronze,#a593b8
orchidée,#98618d
pêche,#08205a
rouille,#d9b260
rouille,#52301c
crème,#404497
marine,#72fe54
écarlate,#04ae1c
sable,#40fd8e
ambre,#00dec5
ivoire,#857cf1
pin,#0cce81
charbon,#cd6f7d
platine,#2c316f
écarlate,#de63ca
charbon,#f7a571
rouille,#7671cb
forêt,#28d670
sépia,#673b8b
moutarde,#9e6c90
marine,#8a7712
topaze,#305cba
topaze,#c8925e
ardoise,#b2ea01
lavande,#d3f739
marine,#af2e27
citron,#d1abce
turquoise,#7e3c12
menthe,#247c0a
turquoise,#f13d7d
turquoise,#6c0555
menthe,#d5c067
écarlate,#22815a
platine,#251258
corail,#32b6a9
moutarde,#66f659
moutarde,#40106f
bordeaux,#aa4410
olive,#43c56f
émeraude,#f7f519
pin,#a1fd1b
sable,#6b9faf
sable,#6d8dad
forêt,#8564ca
sable,#3b05e2
crépuscule,#29a1bb
forêt,#a92e38
moutarde,#11e282
acajou,#e4dd69
azur,#f636fc
jade,#0b5141
bronze,#a671d2
rouille,#959da4
jade,#b77803
jade,#5fa382
orchidée,#724281
rouille,#baf3d9
cobalt,#84b7a9
corail,#e1c26b
sable,#66b974
indigo,#c65392
pêche,#c68ed3
émeraude,#38373c
crépuscule,#82f93d
charbon,#96671a
sépia,#6aceef
baie,#afd8fc
écarlate,#44633b
orchidée,#bdb14d
sépia,#06ddfc
crème,#cb00aa
écarlate,#503aba
platine,#e1b07c
saumon,#52ddac
fuchsia,#4d5968
platine,#fff54e
ivoire,#8e4867
platine,#d9066e
moutarde,#9be54e
crépuscule,#750556
charbon,#731030
violette,#6a0558
bordeaux,#d49728
menthe,#992815
rubis,#9a5ac5
carmin,#91d236
cobalt,#d80eef
carmin,#58b40f
ardoise,#e3efa9
sarcelle,#7b7151
rose pâle,#4a83d5
violette,#c500a8
acajou,#a7effa
céruléen,#b957a6
corail,#79f695
moutarde,#f1d374
charbon,#234532
cannelle,#9f19db
sarcelle,#21f264
orchidée,#fdd53e
charbon,#c57184
topaze,#ff0285
citron,#cdb1d1
cobalt,#c5e7d7
lavande,#58064c
ivoire,#7b7733
topaze,#6e0516
azur,#89fe9a
magenta,#4b73c6
doré,#d77b0d
citron,#9e41e9
olive,#0d8dd3
obsidienne,#1f4b33
olive,#575974
pervenche,#46d8c8
mandarine,#9b8007
carmin,#b546d4
turquoise,#627773
rouille,#1e27c6
saphir,#0d3cc3
cobalt,#a80760
azur,#cb2912
sépia,#25d769
bordeaux,#39769c
fuchsia,#36d1e6
sépia,#cd64e0
cuivre,#467bea
obsidienne,#4daef8
citron,#dec3cd
violette,#bde3ae
azur,#bb9dcd
doré,#9e0abc
azur,#ae2df6
menthe,#96a866
moutarde,#63f630
sarcelle,#108e2a
sépia,#abfcbb
bronze,#b8f8c1
saumon,#379d01
ivoire,#13e801
azur,#852bfa
céruléen,#e988b4
bois de rose,#4018e0
charbon,#e25287
doré,#d3c41d
rouille,#e459d2
céruléen,#26b16d
crépuscule,#feed22
jade,#3efbe7
sépia,#d7c6fe
olive,#2ba7a3
forêt,#569abd
charbon,#a77c0a
charbon,#5c39bd
rose pâle,#343538
charbon,#b54bba
rose pâle,#a43470
bois de rose,#054b3d
magenta,#e229cd
indigo,#0a99f1
turquoise,#70f4b4
carmin,#f675fb
céruléen,#d55c6a
bois de rose,#38387d
citron,#30b705
bordeaux,#b28d62
platine,#3531b4
rouille,#9e1935
doré,#0fe7fc
ivoire,#053052
turquoise,#52a21e
azur,#1c0a75
corail,#0fe4bc
bois de rose,#e3544f
crépuscule,#5c6e35
corail,#f1a30c
mandarine,#b516b8
sable,#d9dc78
moutarde,#8a96e1
magenta,#bd08ae
cuivre,#5f2340
pêche,#c7f7eb
acajou,#eabeae
doré,#73fd5d
cobalt,#27d555
pêche,#2b634f
corail,#51b029
lavande,#79e82f
rose pâle,#bfb1a5
turquoise,#f71fc3
turquoise,#568732
sarcelle,#d04235
cuivre,#66339d
orchidée,#532fcb
saumon,#8811ed
écarlate,#a19637
acajou,#b2165f
violette,#9b6db2
cannelle,#451418
sépia,#be2022
marine,#b934c7
cobalt,#541c04
saphir,#b05e71
platine,#642847
mandarine,#d91640
marine,#7e7dab
menthe,#9bc556
obsidienne,#d8d93d
saumon,#f777e4
lavande,#c8b8b4
lavande,#93c006
bois de rose,#ea5a99
ardoise,#db7c01
lavande,#9a5045
cuivre,#ac5240
émeraude,#977d77
citron,#1af358
violette,#b4082c
topaze,#3ca5c3
acajou,#d0e9d6
bronze,#975560
bronze,#c8bf64
ardoise,#b44b7d
jade,#367b57
mandarine,#8e5d89
cuivre,#479f1c
pin,#2d4992
marine,#059cfb
moutarde,#1f6d65
obsidienne,#216877
forêt,#2c878f
moutarde,#905cec
carmin,#99533a
crème,#a3cae7
moutarde,#55930b
corail,#2d0285
émeraude,#aed575
bordeaux,#140558
marine,#15a72b
saphir,#5e398d
olive,#dd93fe
sarcelle,#705a71
obsidienne,#fbe05d
émeraude,#51dc68
mandarine,#616ec2
olive,#9180b1
saphir,#d41215
bronze,#fc70a5
pervenche,#b6b0bb
ambre,#409465
rouille,#120c7d
corail,#f4f314
saumon,#5550c9
pervenche,#76f94d
mandarine,#46a4a2
citron,#87505d
bois de rose,#f0cef4
turquoise,#0a0da0
fuchsia,#52322b
émeraude,#037719
jade,#a087db
turquoise,#e9335f
pin,#ad762d
citron,#60ecab
platine,#f6ad7e
écarlate,#697807
crème,#1f4133
pin,#4035fb
turquoise,#441376
mandarine,#13b358
turquoise,#40226b
bronze,#2bdbae
cobalt,#92d974
sépia,#fb4b3f
corail,#15e320
lavande,#f87653
bordeaux,#32a339
émeraude,#83b2ec
forêt,#049993
ambre,#5168e1
olive,#be8b06
ambre,#da0b43
olive,#23afa7
jade,#307c7b
crépuscule,#422383
menthe,#5afdb8
turquoise,#6a43fb
lavande,#c583b9
turquoise,#bab68c
crépuscule,#884a5f
charbon,#c080f5
sépia,#e2ffc4
doré,#9f0808
forêt,#1793b7
rouille,#a41a24
céruléen,#72add1
bois de rose,#0b8402
obsidienne,#5a6c10
cobalt,#182bb9
bois de rose,#2120cb
mandarine,#13b294
sarcelle,#d2814b
orchidée,#5392cd
rose pâle,#03a320
obsidienne,#950764
bois de rose,#c45e01
saphir,#414198
violette,#508dd8
baie,#f8edfe
bronze,#5a344b
topaze,#9a6e30
crème,#671bc6
charbon,#ca2586
topaze,#0baf6c
crème,#c922b3
violette,#115955
cuivre,#05d4dd
émeraude,#afaff7
citron,#85be35
pin,#fe3650
saumon,#6c1b57
ardoise,#cd5d5b
sépia,#a8ab40
bois de rose,#5c6f45
saphir,#7e0019
jade,#fa7205
olive,#5883bd
forêt,#3f2041
acajou,#94f637
menthe,#4480c1
violette,#9caa1c
azur,#d8a14d
citron,#36b711
pêche,#088b46
pin,#e91e8f
rouille,#5685b5
céruléen,#09b554
platine,#8abe8c
cannelle,#99db92
baie,#49f3ec
bordeaux,#9cd02a
violette,#7b2335
rubis,#93a5b2
charbon,#181366
azur,#3f7f89
bois de rose,#452968
ardoise,#11a39b
sable,#49c099
ambre,#d4744b
bronze,#9806bb
émeraude,#b3a670
lavande,#e1e9e7
violette,#91d917
violette,#1f26fb
mandarine,#5a03ef
jade,#99d54f
crème,#3813d8
marine,#592dda
céruléen,#36c46c
rubis,#483ce8
céruléen,#aeb1b8
azur,#eddfb4
bordeaux,#4e1a22
émeraude,#84b54c
forêt,#903790
bronze,#bc6cf1
baie,#38ade0
orchidée,#f8356e
pêche,#8f5ec3
sable,#21342f
magenta,#d2a7cc
cobalt,#54f88c
céruléen,#8b74eb
turquoise,#1d2eb0
pin,#cb2c20
crème,#afa96d
rose pâle,#ccbdc0
rose pâle,#e5cec1
écarlate,#568f82
saumon,#30c28f
bois de rose,#e87f7f
obsidienne,#5d130d
platine,#c77e63
cobalt,#2d02cb
pervenche,#15b805
ardoise,#f4311a
corail,#dc520f
ambre,#c990ae
marine,#10df8c
magenta,#fd144d
crépuscule,#2f9de0
pêche,#098c70
carmin,#8de6eb
baie,#4ad7c6
acajou,#08d5a2
corail,#bd26da
mandarine,#2fad44
menthe,#1fcdee
ivoire,#44bb53
sable,#7a5f94
magenta,#ce6a3a
émeraude,#28f1e5
bois de rose,#fc0667
platine,#1bf3dd
rouille,#58338d
bois de rose,#d449ba
indigo,#345012
marine,#068a8c
cannelle,#dd2aba
cannelle,#21bd8d
charbon,#dcddea
magenta,#92ae72
citron,#2ea7c5
topaze,#bdad4b
saumon,#a8ce80
jade,#4d0fff
azur,#a9f1ed
ivoire,#2b70f7
orchidée,#bb339b
saumon,#b695ad
corail,#4170ad
corail,#7b75ba
sarcelle,#245dd7
platine,#abbe4a
saumon,#ac6651
rouille,#fad3bb
sarcelle,#969dba
bordeaux,#d8141c
sable,#f19625
azur,#d994ab
sépia,#31796e
crépuscule,#d8f3bc
olive,#7e9070
rose pâle,#a173c6
turquoise,#b78582
citron,#77f1e8
fuchsia,#007bc6
mandarine,#3c3f05
jade,#2718f3
forêt,#c12fac
topaze,#a5372a
indigo,#8ee325
rubis,#17aa4d
moutarde,#bb9edd
charbon,#c357ce
pêche,#045b53
rouille,#e626c7
pervenche,#078855
crépuscule,#5fd80a
rubis,#9740ef
ambre,#14803f
ardoise,#f51990
violette,#aa31af
marine,#4b9b3b
azur,#0ba280
bordeaux,#b4a08b
ardoise,#ed2211
corail,#fda4ba
jade,#52c4e2
forêt,#fc8f52
acajou,#6442f3
fuchsia,#b174a1
violette,#202cf8
charbon,#0545ec
sable,#737029
ivoire,#9d3b9c
corail,#72d7b7
ardoise,#570c0e
sable,#461b6f
ardoise,#bed4bc
azur,#4c085a
ivoire,#b66a80
cannelle,#5c9861
obsidienne,#70b339
turquoise,#f2b73c
jade,#dd78f5
pin,#b5cf91
orchidée,#8eaa32
céruléen,#066af8
corail,#141a3a
saphir,#4b9e57
cobalt,#4520d3
sable,#6b0e76
fuchsia,#657ea8
cuivre,#94dcdf
bronze,#d8ed23
ardoise,#35f000
doré,#6bfb1b
crème,#92835d
ardoise,#f78d2d
marine,#87313f
turquoise,#f0f559
forêt,#4dec83
topaze,#3b0562
sarcelle,#e47911
menthe,#06974e
ardoise,#0a9dfb
citron,#561591
crème,#c656b8
bronze,#2caf65
fuchsia,#48c998
marine,#9836e6
bordeaux,#3c25a0
menthe,#516d37
menthe,#039383
magenta,#860afb
charbon,#f0efa1
forêt,#b3a52e
doré,#f77858
baie,#62d43a
orchidée,#58f8e4
céruléen,#ab35e5
ivoire,#5884c4
céruléen,#aa99d5
pin,#69c8e2
violette,#21925a
pin,#351bec
ivoire,#482180
rouille,#5d001b
azur,#7e8b0c
obsidienne,#c97bd8
cuivre,#84710b
baie,#d7ed8f
marine,#52a18b
doré,#fb1bee
pervenche,#017a3e
magenta,#717051
olive,#325acf
ambre,#e32ec8
platine,#ed6672
rose pâle,#d6b642
olive,#48cfe3
acajou,#1deab4
bordeaux,#f3f386
moutarde,#54b247
mandarine,#846bfe
écarlate,#4e1cb0
bronze,#c7759a
sarcelle,#7f019d
saumon,#fd168e
doré,#c3630e
forêt,#6fdb1e
crépuscule,#c31582
ivoire,#ff9139
lavande,#3ce5e7
saphir,#19d020
crème,#9b6087
rouille,#876881
céruléen,#4dee3b
marine,#fe2a41
charbon,#4cdd12
lavande,#28693e
charbon,#5a96e6
crépuscule,#bb2f4d
saumon,#4ccbe3
obsidienne,#3397b8
céruléen,#eb752b
bois de rose,#d6a7bb
corail,#92199b
obsidienne,#417ebb
rose pâle,#38be11
rose pâle,#0e13c5
topaze,#5a4c8c
carmin,#192c64
rose pâle,#93feff
rouille,#09de78
azur,#ad4835
baie,#790461
charbon,#bace7d
rose pâle,#46a95c
ambre,#e8e648
pervenche,#5a658c
doré,#27110a
topaze,#54347b
acajou,#5b76ae
marine,#1ce453
moutarde,#e72d05
charbon,#a05cda
topaze,#335ed7
crépuscule,#d7c27b
rose pâle,#2181f2
écarlate,#1e515e
rouille,#31ec8a
violette,#818657
crème,#65286a
moutarde,#f08f99
doré,#5be7c8
sable,#2744db
charbon,#6f2400
citron,#48aae4
acajou,#8082f5
pervenche,#d0531b
crépuscule,#cb180b
céruléen,#56931f
fuchsia,#d8ba03
rose pâle,#61188f
forêt,#2b33e2
fuchsia,#4157f7
rouille,#027822
doré,#ab6bbc
crème,#5e0391
crème,#f66fa5
olive,#3659ed
corail,#49a5d1
olive,#a0963f
saphir,#914484
charbon,#081e36
saphir,#2dc2bd
rubis,#df9131
pin,#255346
orchidée,#d6c50b
crépuscule,#69f4f3
doré,#72c4ef
pervenche,#144712
rubis,#ccacfc
crème,#d68ce4
citron,#cacd5e
baie,#7d2cd2
corail,#299f1a
lavande,#c70589
pervenche,#12d7d9
bois de rose,#df17d4
lavande,#0f382a
baie,#c6fe18
acajou,#8126a5
olive,#b44dfd
citron,#321b9b
doré,#a35d60
olive,#308ce9
pervenche,#1ecf4c
indigo,#c29430
bordeaux,#b394b2
crème,#fa0a14
carmin,#050053
écarlate,#d4a83f
olive,#ee6e4d
bronze,#0edd6c
mandarine,#37a405
orchidée,#b8f006
magenta,#6f6782
orchidée,#321bc8
charbon,#ad1d94
saphir,#eb27d9
sable,#dcb91f
citron,#5e990f
cobalt,#8b9d3a
cobalt,#96bbbc
pervenche,#18ab62
magenta,#c341c3
carmin,#baa37a
marine,#ddcbed
turquoise,#68a19b
cuivre,#b075d5
cobalt,#923703
mandarine,#c96a48
doré,#8541f2
orchidée,#939fd3
cuivre,#907855
charbon,#5f2c15
sable,#7dba2e
écarlate,#4813fa
rouille,#195584
platine,#408a32
violette,#4d21a8
saumon,#f69990
bordeaux,#5cc6de
moutarde,#3fef20
citron,#e8d115
rubis,#5ef294
doré,#3095f3
pêche,#4af1cf
fuchsia,#4d9744
obsidienne,#313dbf
baie,#a6dd32
olive,#1609ce
bronze,#4d9023
acajou,#a92338
baie,#0d2b80
céruléen,#e8196b
doré,#35cd3b
indigo,#59b8d4
platine,#19c066
cobalt,#2ce3dd
orchidée,#c32333
céruléen,#415d5a
corail,#00e65a
magenta,#439cd3
sarcelle,#2d86df
fuchsia,#60c363
émeraude,#09a695
pêche,#b9da62
violette,#598553
jade,#d034d3
turquoise,#30149d
charbon,#e5bf51
cuivre,#58f3fe
cobalt,#865d49
jade,#779974
fuchsia,#798fbc
olive,#8700a1
sable,#77f628
fuchsia,#1b6463
violette,#f8dac1
crème,#187392
marine,#07f76d
carmin,#5c21e8
magenta,#c99aef
ambre,#ad955e
ardoise,#7173b6
saphir,#1e0320
ivoire,#226676
cuivre,#c15041
magenta,#9b87c0
topaze,#ce56d3
cuivre,#da592e
marine,#20b42f
sarcelle,#24370b
carmin,#3ca343
violette,#4f0f49
saphir,#f95849
corail,#046fb7
rouille,#4bbcc6
baie,#c3fa4c
carmin,#e353aa
topaze,#d5ba18
carmin,#56edc8
forêt,#ce4826
émeraude,#721101
pervenche,#1a9705
indigo,#57e805
rose pâle,#07cd6a
obsidienne,#8b4e9d
azur,#b54a33
ardoise,#b130f4
topaze,#9e1ed8
baie,#497af1
doré,#028a11
ivoire,#396cdb
cuivre,#4b1bc4
sépia,#c7e177
saphir,#eb7713
bronze,#03ea99
charbon,#2c5151
cannelle,#1df2e8
lavande,#d25ae1
écarlate,#839d1f
sépia,#0deba6
crépuscule,#3501d9
cannelle,#a86a0e
ivoire,#88d5c3
obsidienne,#736905
ambre,#aeb8d1
sarcelle,#973c98
ivoire,#42a4a5
cannelle,#6646f1
pêche,#3d1145
céruléen,#9764df
doré,#28c285
bois de rose,#f953b5
obsidienne,#151850
carmin,#002fe4
sépia,#85e8f0
violette,#9dca05
sable,#164b3f
acajou,#0a80ef
azur,#139f0c
émeraude,#747ec6
cobalt,#267216
forêt,#d943d5
forêt,#d3f0c3
cuivre,#8de5e5
crème,#64a272
baie,#c153ab
orchidée,#54a44f
lavande,#3236b6
sarcelle,#16637b
crépuscule,#2ed16f
sépia,#1b8872
rubis,#121ba1
menthe,#1007e4
bordeaux,#8372cb
doré,#080678
magenta,#db03db
marine,#43fcf9
saphir,#945b10
saphir,#4fc6c9
magenta,#374c7a
bordeaux,#379c0f
magenta,#21ccb4
rubis,#cb1c84
ambre,#1f8937
sépia,#ddd539
forêt,#f3710a
indigo,#3582ac
indigo,#30a8b6
mandarine,#a6abab
saumon,#017fc1
ivoire,#c658ff
carmin,#4a18c0
turquoise,#05272b
carmin,#f9c115
jade,#5b122e
sable,#92bf40
cobalt,#32b027
écarlate,#d70632
crépuscule,#1e514f
cannelle,#e24d54
moutarde,#6bd461
bordeaux,#c2a0d9
moutarde,#4e2eb4
orchidée,#9d96ef
acajou,#2aebbf
mandarine,#8c8ac3
platine,#0cf766
jade,#6aff99
platine,#141786
pervenche,#3e4373
cannelle,#230604
fuchsia,#1ddc5c
crème,#ed800f
lavande,#04fcd7
doré,#4ef5c8
violette,#bc18a6
ardoise,#d554b9
magenta,#ccff01
pervenche,#bcf073
écarlate,#1d3b38
lavande,#d50b2c
moutarde,#4e2ecf
obsidienne,#3b2f71
charbon,#c074c6
lavande,#f04a7e
carmin,#4c9edc
lavande,#5baed6
rose pâle,#e51a2b
ardoise,#cb8f21
baie,#429bcb
rouille,#2cb9f5
sarcelle,#847399
rubis,#637771
doré,#2a1450
crépuscule,#9c41b0
saumon,#ddb7d6
crème,#5a2aa2
platine,#edb8c6
lavande,#60fda8
marine,#2630cf
topaze,#9d2fe4
violette,#986924
olive,#5d9a22
saumon,#4a2a47
saumon,#4f712b
émeraude,#1c8d75
obsidienne,#524127
bois de rose,#abb192
pêche,#0c21f4
ambre,#2ad6b1
topaze,#5de94e
sarcelle,#b913a4
ambre,#4d0e13
baie,#b44d5b
fuchsia,#32f179
bordeaux,#e97318
moutarde,#5f0354
doré,#d84e40
céruléen,#16fcf2
écarlate,#d8ee7e
bordeaux,#b8ad42
corail,#05c3c7
émeraude,#0c75d5
menthe,#3d036c
sarcelle,#b70ccb
topaze,#7cd6fa
turquoise,#5b91a4
bronze,#da24d9
sépia,#49ef63
pêche,#c01848
écarlate,#71cd5d
ambre,#e535e2
céruléen,#e80aba
azur,#cb0e0f
lavande,#b4ad9b
orchidée,#f61565
ambre,#6048cd
menthe,#821f75
forêt,#d1a5d0
ivoire,#9461f6
azur,#910f45
baie,#be2cbf
platine,#2c77b6
ambre,#732941
bois de rose,#448766
azur,#f31c9a
baie,#d59905
bordeaux,#a734f2
pin,#065e4b
olive,#0cd53d
citron,#236437
rose pâle,#1b4764
écarlate,#9c1b95
saphir,#fa0d55
olive,#140adf
crème,#2e9a12
olive,#183f7a
rouille,#ce3290
crème,#fe618f
fuchsia,#4de11c
saphir,#11cd87
pervenche,#e81c6f
pêche,#947ead
charbon,#d19c47
citron,#f4283f
azur,#d3e457
jade,#54bdc2
menthe,#30c30c
pêche,#3c64cd
pin,#59d644
sépia,#13697f
charbon,#8104f1
saphir,#dd1387
rouille,#9039de
turquoise,#af44d1
bordeaux,#c5690b
olive,#c37e09
corail,#d31c53
citron,#c509f9
fuchsia,#84bd64
bronze,#054ab1
cobalt,#6c4154
ambre,#87f039
olive,#539944
crème,#01592c
violette,#ed3080
olive,#46d5bf
pêche,#b24bd6
forêt,#56a76b
acajou,#0637f4
indigo,#376286
céruléen,#888e9f
topaze,#d66691
pin,#102fef
moutarde,#520b4c
turquoise,#6cc131
orchidée,#025358
obsidienne,#3ea429
citron,#db6b65
jade,#80bab2
rouille,#2978eb
menthe,#593d07
bronze,#d2e833
bordeaux,#56ee65
jade,#2fc0f1
corail,#dcf95b
corail,#7b26dd
cannelle,#1d5a78
orchidée,#d47f99
forêt,#afd38c
indigo,#888866
crème,#5e8570
rouille,#50985f
mandarine,#c32928
cobalt,#88fdec
menthe,#4ffa5e
obsidienne,#1db4de
rouille,#7ff8b6
cobalt,#5c5fb3
carmin,#80f933
saphir,#73b12f
ardoise,#b4831b
sarcelle,#5f9f02
topaze,#d38f2a
rubis,#45ce82
ardoise,#4b4f38
ivoire,#455a53
pervenche,#f598db
lavande,#a87a8d
obsidienne,#3ef733
marine,#46de61
carmin,#88a85e
platine,#5b5e45
rubis,#775a28
crème,#c7112b
moutarde,#f0aa15
ardoise,#73d023
baie,#cfcc14
sépia,#bc631a
corail,#b1a440
ardoise,#46dc43
rose pâle,#f54c0b
charbon,#7da4a7
charbon,#6ef47a
corail,#476e33
saphir,#fbf49b
magenta,#0f6126
crépuscule,#38359f
écarlate,#46a68b
ambre,#aca45c
bronze,#ed0757
obsidienne,#e091ea
rose pâle,#32ef69
lavande,#4edb0b
écarlate,#5a8d31
moutarde,#4619b6
ambre,#3b72e5
rouille,#f1a8b0
citron,#0c8d1d
charbon,#33121c
marine,#8b969e
cobalt,#d88f0f
rubis,#0cdfa0
acajou,#2fab54
bronze,#08c090
citron,#23d9e6
ambre,#35f8d9
acajou,#f9461b
céruléen,#69ab97
carmin,#691f17
cobalt,#f18d1b
cobalt,#222c3c
indigo,#f41e1a
azur,#de7cdd
moutarde,#a5db0f
lavande,#b56238
corail,#113da3
carmin,#282e7b
saphir,#8a76ff
ardoise,#b00373
magenta,#373efe
sable,#0f72c8
pin,#9a856b
rouille,#4dfbee
orchidée,#ed5de6
acajou,#03ab95
rose pâle,#98a103
écarlate,#a5a305
acajou,#f9d297
ambre,#f912f7
cobalt,#576c58
lavande,#bc0b26
ambre,#b2f0d9
ardoise,#dc16d6
mandarine,#d5466e
baie,#d2497d
moutarde,#80d805
pervenche,#cc02e9
rubis,#cea186
pêche,#2585ce
menthe,#64beb5
saumon,#ca5e4f
menthe,#2eeb35
violette,#4c6e03
bordeaux,#9514f1
ivoire,#7fd01c
obsidienne,#d35460
cuivre,#9451d5
sable,#11de58
cuivre,#425753
corail,#033821
corail,#cd1a87
émeraude,#93b5b5
acajou,#3a93af
moutarde,#1f34a7
sarcelle,#7ba008
mandarine,#f14655
sarcelle,#46fe00
doré,#455c94
bordeaux,#0cb67e
forêt,#d2133b
topaze,#54a2bc
bordeaux,#02b65d
menthe,#ba69ac
ambre,#ada116
baie,#91349b
turquoise,#2b841e
rouille,#f3d86a
carmin,#f0ebd2
topaze,#35a725
obsidienne,#091bf2
rose pâle,#d0a848
lavande,#4cb097
orchidée,#207800
topaze,#cc3b51
olive,#7b0125
crépuscule,#0952a3
carmin,#fc7c6e
saumon,#dad672
acajou,#83b9e1
saumon,#ff9fb2
ambre,#cb96e4
moutarde,#cceaae
indigo,#3f48b2
topaze,#83ecc2
fuchsia,#87b878
doré,#b7092a
carmin,#e4158a
marine,#8b5a1e
sépia,#34a2e9
crème,#41fb47
lavande,#c1f219
violette,#1dc0b4
olive,#20ba5f
jade,#a64190
pervenche,#62e4fd
bois de rose,#5a4142
crépuscule,#978da3
bordeaux,#8db25b
acajou,#045120
crépuscule,#38d1df
bois de rose,#8be983
pin,#19a621
fuchsia,#349a6f
magenta,#2b9a53
doré,#b8b3fb
émeraude,#136e5f
turquoise,#b3f574
ardoise,#029a81
marine,#f6160d
platine,#dfc1d0
rose pâle,#dc7618
rose pâle,#30bb22
bordeaux,#70e5f9
bois de rose,#ac2444
magenta,#190055
carmin,#c11d48
corail,#d5857c
saumon,#5dc40d
forêt,#f2bbc8
fuchsia,#09065e
jade,#dbf619
cuivre,#44f359
carmin,#2f6bf2
turquoise,#74a0f3
cuivre,#278dfb
menthe,#438d2c
citron,#6c2024
crème,#fc86de
charbon,#539810
cobalt,#5e7683
bois de rose,#8fbbdf
ardoise,#5dea6b
indigo,#9bce2e
cuivre,#c1c830
indigo,#b92770
baie,#337c2b
orchidée,#7d58d4
forêt,#4207ef
émeraude,#f4a407
céruléen,#854916
menthe,#215817
carmin,#6f7043
moutarde,#6649f4
bordeaux,#943e1f
forêt,#7d1405
obsidienne,#ed80c9
charbon,#aff138
baie,#a910e3
orchidée,#c604d2
baie,#bc6675
carmin,#0c546f
crème,#cd0e9c
charbon,#d7832a
indigo,#1e65d9
lavande,#f65fb7
cobalt,#5b45eb
marine,#2da4d5
crépuscule,#2cf419
charbon,#859a74
lavande,#4b9ff6
ambre,#cffdaa
mandarine,#3311ed
obsidienne,#84f63a
olive,#22034e
magenta,#3ea1e8
cannelle,#51c723
cannelle,#7c0269
pêche,#97e26b
topaze,#6f0fa1
cannelle,#173517
turquoise,#5c5a4a
pêche,#c5afab
sable,#44cdad
mandarine,#e22e65
émeraude,#38ef9a
magenta,#1c02eb
corail,#68ac54
cobalt,#2a29a8
forêt,#56ecde
orchidée,#27d054
saphir,#c318b3
fuchsia,#6ed3e3
bronze,#a1b97c
baie,#7345c1
rose pâle,#b401e6
rubis,#ae5e12
bronze,#3139b5
ambre,#69c239
forêt,#d3add7
corail,#9b20d8
pervenche,#7e76d5
carmin,#3a2198
menthe,#34983d
sable,#f25f35
sépia,#78c1b0
orchidée,#dc82fc
sépia,#8c9ca8
moutarde,#057115
marine,#80167e
rouille,#2b5e95
orchidée,#a2bea5
topaze,#ffd4d6
obsidienne,#ae90da
cannelle,#e0a7c3
sarcelle,#34357c
rouille,#cbbeb7
corail,#5256d5
céruléen,#6cf7b4
jade,#4de30f
charbon,#d50084
rose pâle,#1c9e7b
corail,#85248f
corail,#261e8a
crépuscule,#f8de0a
platine,#57cc97
bronze,#1323c9
violette,#91282f
acajou,#34487d
citron,#d4fcf8
carmin,#9dd076
marine,#e77f0e
cuivre,#45c7f6
bois de rose,#d897cd
magenta,#5f42b3
doré,#579ea2
magenta,#94a381
rouille,#431ec1
olive,#df39f9
platine,#3a246f
cobalt,#17efa6
ivoire,#d9161a
doré,#75af10
platine,#ebc9a8
forêt,#3a8446
turquoise,#7adbc2
ivoire,#4718ba
doré,#6dd8ea
azur,#cd62ba
citron,#519333
charbon,#4e3275
moutarde,#9b1390
céruléen,#587b0d
sépia,#e084ec
turquoise,#9f201d
acajou,#da8776
ardoise,#7d2e83
obsidienne,#44fdcc
céruléen,#c18398
jade,#9b99cd
sépia,#76b5ed
orchidée,#1f4088
ardoise,#33564b
crépuscule,#e1819e
cuivre,#89b220
cobalt,#013951
céruléen,#24076a
magenta,#ceaa7b
saphir,#858f8a
cannelle,#5512ad
bordeaux,#fad045
carmin,#5e7c22
lavande,#e28992
indigo,#e989cc
lavande,#fa65a1
émeraude,#167a9c
charbon,#af5444
moutarde,#b5f4a7
cuivre,#92219e
sable,#0eca5e
bronze,#cb4025
pervenche,#356f66
obsidienne,#edf5ff
pêche,#125d3c
pin,#98b320
orchidée,#21041c
azur,#01cf9c
magenta,#9e16be
forêt,#9e1a52
charbon,#88a3e6
saumon,#015d22
céruléen,#88923f
olive,#070751
corail,#d48468
cuivre,#10cc4e
cobalt,#b79acd
crème,#6e7e27
saphir,#e1ffd9
moutarde,#689c37
doré,#434864
saphir,#111be0
topaze,#ac1b24
saumon,#e26ae9
carmin,#8caec7
magenta,#098be0
charbon,#d309fb
orchidée,#78aad2
rouille,#cbf708
ambre,#6b419a
azur,#bbcfa5
fuchsia,#f8a29b
acajou,#fb307b
corail,#fd730a
baie,#1da560
azur,#5dc3cc
doré,#b949e4
sépia,#9b64e0
marine,#3ed40a
bois de rose,#c4f0d5
sable,#360edf
bordeaux,#aa3933
moutarde,#a50019
bois de rose,#15a93b
cobalt,#14bcad
corail,#5dd8da
charbon,#133762
indigo,#4bbf7b
orchidée,#8551c6
moutarde,#ebb508
olive,#23fd41
crème,#20c620
lavande,#dfedf2
magenta,#cec6c6
saphir,#e2fc6d
cuivre,#c217eb
orchidée,#1b72d1
saphir,#f0d275
bordeaux,#d1cb5b
jade,#82dc27
cannelle,#a16a44
magenta,#750f65
citron,#e6f6db
carmin,#d05c3b
pêche,#3a9a2a
saphir,#fb4a68
sépia,#fc67bc
pervenche,#5b344b
marine,#02132c
citron,#4990b8
ambre,#12a685
moutarde,#a9a376
bois de rose,#ff55a6
pin,#f2ebe9
marine,#e20fab
jade,#4e3f3a
ambre,#160964
orchidée,#d148e4
émeraude,#f4725e
menthe,#5af238
sable,#96f259
jade,#07b529
mandarine,#167370
bronze,#e1edd4
sarcelle,#72319b
pervenche,#c385c3
corail,#681548
indigo,#689ecf
charbon,#555748
baie,#6da106
ivoire,#8d1cf0
fuchsia,#d75840
saphir,#c5a899
pin,#0bb7ee
mandarine,#3aadff
pêche,#e7688c
olive,#04a252
sable,#a5bb5f
carmin,#1e384f
obsidienne,#e9aa75
doré,#7bf098
charbon,#aa3aac
mandarine,#cfb0fd
crème,#72c696
citron,#8283b4
doré,#06d46d
fuchsia,#998ccd
ardoise,#969479
rubis,#e96708
saphir,#d30344
ivoire,#8ef233
charbon,#0d9e97
baie,#70facf
crépuscule,#f8101f
bordeaux,#c6652d
cobalt,#e189f5
violette,#24380e
rose pâle,#b32b74
corail,#178550
platine,#6d6542
corail,#991966
jade,#824f69
rouille,#9a9856
citron,#0796dc
saumon,#b35ec0
écarlate,#cbf08a
corail,#05a1a8
écarlate,#800fb2
lavande,#cb8493
menthe,#0286a8
forêt,#971fbb
olive,#97b367
sarcelle,#8c6417
crépuscule,#42c6f2
indigo,#5c6bd1
céruléen,#912d28
rose pâle,#fa33be
marine,#f74717
sépia,#bd2898
sépia,#8052d6
bordeaux,#654144
baie,#49068e
sarcelle,#214376
bordeaux,#b6723f
céruléen,#8e640b
azur,#7b3b87
doré,#462be9
pêche,#c79fbc
crème,#e99937
rouille,#d40fe5
sable,#38467e
pêche,#827047
carmin,#c2def8
citron,#5dccde
orchidée,#092ca3
citron,#a84baa
céruléen,#50aa4f
marine,#1cf54d
platine,#311f90
sépia,#fb9216
azur,#fe3b25
baie,#dcc752
rubis,#353d5a
saumon,#2b5649
menthe,#5ecda8
orchidée,#f35f3c
bordeaux,#a4de0b
cobalt,#8b5960
mandarine,#286372
bronze,#c6e883
bronze,#c594d3
ivoire,#b52ec2
ambre,#88782f
olive,#0818fe
ivoire,#575eda
ambre,#455e9d
carmin,#806800
turquoise,#698a5b
sarcelle,#2fbaff
rubis,#17dea0
rouille,#14e51c
fuchsia,#e3dfef
charbon,#f92269
rose pâle,#d34fbf
saphir,#43ba0c
orchidée,#bdc7cc
crépuscule,#884bf5
violette,#293c50
cannelle,#f0aef5
turquoise,#a73a25
crème,#316b9a
orchidée,#67c3e0
forêt,#e821c0
céruléen,#cb3f69
pervenche,#09a340
crème,#52ee9a
saumon,#3d59b7
ambre,#4a9a43
citron,#1de260
cuivre,#12c9d1
émeraude,#4575ef
acajou,#70de49
cuivre,#4b60d5
rose pâle,#7655ae
turquoise,#6d6c34
marine,#5e538a
mandarine,#446211
bronze,#772cc0
olive,#a56813
corail,#681534
violette,#0858cd
ivoire,#381217
rose pâle,#a293aa
carmin,#f635b5
jade,#16e172
pêche,#7ec45a
rubis,#13b26c
cobalt,#8ba4f3
acajou,#8cebc2
violette,#1b1c32
rose pâle,#b6cdb9
magenta,#bfef73
cuivre,#209f49
jade,#558411
fuchsia,#3f47ef
charbon,#27ce5c
violette,#a79a34
émeraude,#145a62
écarlate,#a98d5d
ambre,#e7987b
corail,#4f4155
indigo,#5c4ca9
rubis,#6019fa
pêche,#9c630d
orchidée,#3b555e
citron,#813f20
moutarde,#1a64d5
menthe,#87d86a
citron,#83f163
émeraude,#0b694e
rubis,#99df63
rouille,#c061f0
carmin,#91a725
rouille,#8c3138
fuchsia,#eaf8dd
azur,#f55803
bordeaux,#db1989
moutarde,#b51077
pin,#c99fd2
sarcelle,#713f5f
sépia,#8537b1
émeraude,#b27b09
magenta,#f2882b
sépia,#f588f3
corail,#1f0ff4
cannelle,#275bce
corail,#f517fa
mandarine,#b4cf19
ivoire,#284d20
turquoise,#125fe6
bronze,#743824
topaze,#68f293
jade,#0045da
jade,#5e7798
acajou,#e50057
saumon,#f65252
bois de rose,#601093
rouille,#e34a6d
cannelle,#7f7148
acajou,#ad3702
ivoire,#45cc4e
citron,#321e8d
crème,#18838d
turquoise,#372958
moutarde,#3798ba
saphir,#b32272
saphir,#d56078
ambre,#4328ce
fuchsia,#d98406
jade,#bfefda
sarcelle,#de5ac4
fuchsia,#1c0d6b
bois de rose,#aebb03
rubis,#c4de84
ardoise,#8f508f
écarlate,#776839
pervenche,#3096d5
marine,#921f2b
rouille,#f3efd1
doré,#7a4d1d
turquoise,#648092
sable,#904e75
pin,#d28990
acajou,#1e7da8
carmin,#0a6424
bronze,#7499e9
doré,#305a18
cannelle,#49c3bc
bois de rose,#511199
citron,#a00a99
émeraude,#1cf96a
crépuscule,#f09928
cobalt,#debc22
cobalt,#800af5
corail,#5617e0
saumon,#0d93d9
jade,#0d2edc
émeraude,#e49aad
citron,#755ebd
rose pâle,#d6e60d
mandarine,#ba5df7
doré,#e5c741
cobalt,#f0f388
céruléen,#bbe3fb
indigo,#f79382
rouille,#8e6742
orchidée,#6b3f7b
cannelle,#e0ac6e
ardoise,#799c52
charbon,#290afa
orchidée,#09dd34
pêche,#9c526c
pin,#ddd5a2
ardoise,#9df370
rouille,#86465e
azur,#2699e1
bois de rose,#22169c
saphir,#3b84fa
platine,#fdf149
baie,#4d1463
bois de rose,#90ec79
olive,#3d20cc
forêt,#0ef171
carmin,#93ac4d
cobalt,#2de318
saumon,#cadf01
bronze,#94d4df
violette,#2df6a3
charbon,#cc374b
rose pâle,#973a6e
bordeaux,#f89427
ambre,#98c6db
pin,#5576aa
platine,#cfe6f4
pêche,#d70a3d
sépia,#ba4284
violette,#d82226
rouille,#47cdd5
menthe,#e1ef5a
cannelle,#130771
turquoise,#b9d937
sépia,#2c94eb
turquoise,#2f807c
violette,#42f3ac
cuivre,#301161
écarlate,#ab11a3
obsidienne,#d1dd22
moutarde,#d552c7
charbon,#71278b
baie,#b97aad
corail,#73b4a5
doré,#2baf5e
corail,#e662aa
cobalt,#b256c4
rubis,#7ae2c3
sarcelle,#6575fd
pin,#b95063
moutarde,#b1eb07
bordeaux,#0ef41d
rose pâle,#e1cf49
azur,#dff3c2
céruléen,#27ee7e
acajou,#d0b43d
bois de rose,#d829d5
cannelle,#c8839f
acajou,#afd703
émeraude,#010f84
rouille,#ec0c71
carmin,#dc68b7
forêt,#8905c0
olive,#7481b3
azur,#9eba31
olive,#2eb0f0
mandarine,#e612aa
mandarine,#e0cdc7
moutarde,#72fcdf
bois de rose,#bc0c3e
pin,#2d18cd
olive,#ae83ec
jade,#689b30
sarcelle,#90a339
carmin,#39cab2
indigo,#63b865
indigo,#6e78ec
violette,#777302
céruléen,#1abb4b
cobalt,#ecf659
ambre,#503055
turquoise,#479fa9
obsidienne,#8efb3b
topaze,#e2170a
pin,#68ea8a
bordeaux,#a32097
ardoise,#510b42
cuivre,#1b2e9d
bois de rose,#3ab7de
magenta,#90d0f9
forêt,#700eba
citron,#0daba7
ambre,#614614
violette,#2aa8bc
ardoise,#00fd19
crépuscule,#c79936
platine,#5dd8c3
magenta,#83eff8
émeraude,#b597c2
carmin,#58823a
crépuscule,#1b8e37
menthe,#9cea71
jade,#a74602
forêt,#e56143
topaze,#885380
magenta,#b1538b
azur,#846997
obsidienne,#6a58fe
obsidienne,#6e560a
jade,#2755c5
doré,#d7004b
ardoise,#1f6940
céruléen,#2d4a0f
corail,#45a830
crépuscule,#609946
obsidienne,#faea10
magenta,#02c2bc
émeraude,#ae93a6
cannelle,#d38a4d
jade,#f5518c
ivoire,#b8821b
doré,#a3df65
baie,#350214
azur,#1f6bfc
lavande,#692d68
saphir,#d5713c
platine,#816ecc
ivoire,#267727
marine,#71bc33
ambre,#7f4d4c
magenta,#149bea
pêche,#7b4f41
violette,#c96e87
cannelle,#8e101f
topaze,#25cbbc
cannelle,#8a48df
menthe,#59d6a1
doré,#ded41e
moutarde,#3ca679
saumon,#37b217
sable,#b54075
bronze,#265392
fuchsia,#953038
olive,#6b4df3
pervenche,#87f759
jade,#983f8e
bronze,#75830b
topaze,#e55e76
bronze,#0b902d
sable,#9c3860
mandarine,#dc96c0
rouille,#b14f4d
saumon,#8c4474
cobalt,#2758da
cannelle,#876c53
ivoire,#fdbd12
cannelle,#4f87ec
saphir,#c17b73
topaze,#c4953f
lavande,#852390
pêche,#675d43
cobalt,#b0cb62
sépia,#bffb5d
marine,#d6c765
moutarde,#5c586a
obsidienne,#b1883a
sépia,#9e0b36
pervenche,#4f9665
ambre,#433e6a
cuivre,#52f71e
bronze,#941331
platine,#09b714
crépuscule,#21ac44
rubis,#5e2e04
pêche,#a7a891
cuivre,#0e0c3d
sarcelle,#ba58aa
pêche,#52f6bc
carmin,#655277
jade,#ff7aa0
crème,#0a6d16
ardoise,#d631cd
olive,#9afa5b
ambre,#3773d2
crépuscule,#b6fc77
rubis,#cef7cb
orchidée,#b72e82
cobalt,#0d21e0
émeraude,#a1f1fc
lavande,#6f896c
pervenche,#0bcda7
rose pâle,#50ff2e
crépuscule,#f5a634
corail,#eab7cb
azur,#06ad4a
cuivre,#b1027b
rose pâle,#79fc43
rouille,#4b2a15
platine,#7811f1
indigo,#93f481
ivoire,#dc7fc0
sépia,#e074a2
acajou,#e3d844
mandarine,#87cf59
marine,#4fca3e
cobalt,#e1d6a9
cuivre,#92278e
saumon,#4ba39e
platine,#43e8fe
menthe,#2241b6
corail,#8de110
forêt,#fcab69
bronze,#7e5c4e
bronze,#582299
obsidienne,#912ce7
émeraude,#c793a2
crépuscule,#5bc7aa
charbon,#2df6b3
menthe,#5f834c
moutarde,#28422d
saphir,#b2d411
saumon,#783478
moutarde,#50f9b8
cuivre,#94bbda
céruléen,#c50aec
mandarine,#06d3cb
saumon,#bca204
jade,#3eb19f
sable,#6a5aaf
azur,#afd5dc
pervenche,#52ccfb
cuivre,#78fadf
magenta,#53bc2c
pin,#e8d7cb
marine,#e14838
sarcelle,#bf7dad
platine,#25c3aa
sarcelle,#469f4b
magenta,#48c4bd
crème,#2f58b0
cuivre,#22eb27
corail,#7de95f
bordeaux,#5d9a0b
bois de rose,#6b0bf3
fuchsia,#935b6c
rose pâle,#41af0c
moutarde,#07eb9c
forêt,#0f5dd5
azur,#8b6773
ivoire,#fd7569
saumon,#6d3d95
pervenche,#9af57d
olive,#7f9384
mandarine,#f776b2
ambre,#9cd37c
sarcelle,#97e01d
pervenche,#7cecef
topaze,#2b5c50
moutarde,#f5ba5e
saumon,#6b6ef7
charbon,#f2e4b7
céruléen,#0f8bf8
charbon,#7027c4
céruléen,#e8de88
cannelle,#659d47
azur,#3a5245
violette,#f35594
pêche,#3ac7c3
violette,#b44e0d
baie,#d9517a
platine,#c69fd0
marine,#327591
fuchsia,#ea6ea6
rose pâle,#4a9111
émeraude,#1416a9
émeraude,#edfe58
rubis,#c63407
céruléen,#c057fd
ivoire,#813211
turquoise,#8709d2
bois de rose,#caaf40
violette,#781e7b
saumon,#0f7c62
turquoise,#4b46fa
ivoire,#3800bb
bordeaux,#b865ba
rouille,#98e62b
olive,#7b86cb
émeraude,#a3a996
sable,#7e3a4f
sable,#c442e2
citron,#b0b294
carmin,#cc5321
sable,#8856ee
marine,#9488c4
moutarde,#f97d49
olive,#2b4639
sable,#e84345
émeraude,#f43556
rose pâle,#4c3010
céruléen,#d8778f
mandarine,#5010ca
cuivre,#af664c
olive,#f6d011
rose pâle,#f79ba5
citron,#4eb9fe
crème,#13e8d5
rose pâle,#2a1b51
cobalt,#74a526
sarcelle,#ad37c6
céruléen,#195f69
ivoire,#3c4719
platine,#a15672
crème,#ffbd24
olive,#e00ad6
lavande,#50aee7
carmin,#9d83ef
olive,#f6994b
magenta,#dc5621
rose pâle,#17cf6a
cobalt,#351544
indigo,#27e5ac
doré,#6a7924
céruléen,#48707e
bordeaux,#eccee7
obsidienne,#bd0700
doré,#e85a74
rubis,#632443
cannelle,#420da7
turquoise,#18b8c7
saumon,#12f722
menthe,#5e478b
obsidienne,#a04403
ambre,#fab222
olive,#cc3f7f
cobalt,#eef242
bordeaux,#8e45f4
fuchsia,#c0a3ff
fuchsia,#113cac
marine,#aeddbf
orchidée,#171867
bois de rose,#e6f396
fuchsia,#4ed2ba
écarlate,#384cdd
émeraude,#bce693
pin,#0b5aef
obsidienne,#c4dd7a
ivoire,#23d4d3
acajou,#a48fb5
rose pâle,#d36799
bronze,#699a38
topaze,#673a7d
céruléen,#522fc2
sarcelle,#8a4bf3
cuivre,#eb55e9
doré,#8ef34d
fuchsia,#6870eb
écarlate,#3facae
ambre,#b0ef62
bronze,#db7e4b
mandarine,#a46188
crépuscule,#ec5a48
pervenche,#cb16f2
olive,#e687c2
cannelle,#343706
moutarde,#ba833b
citron,#89b90f
baie,#89969b
marine,#2e2610
cannelle,#64c1c2
sépia,#d4334f
sarcelle,#f7dedc
baie,#ab2949
lavande,#71ecc9
marine,#911ce0
sépia,#c81d46
obsidienne,#9335a0
menthe,#b81bc8
olive,#fa524b
moutarde,#3e3964
pervenche,#046c48
olive,#fb3a56
platine,#4a73d4
rouille,#463cc8
carmin,#84053b
citron,#d55d40
charbon,#812a70
sable,#2ab83f
baie,#790886
corail,#9466fb
bordeaux,#a6e733
cuivre,#f14ef6
platine,#a63940
sarcelle,#b7a919
émeraude,#60fb22
crème,#0da876
obsidienne,#f6dd85
cannelle,#be8bb9
crème,#3d1ee0
jade,#e00982
crépuscule,#25f3f8
menthe,#a63d72
lavande,#c80d01
charbon,#ee68dd
crème,#dd445f
cuivre,#97bb5f
cobalt,#fd4748
pervenche,#0197e1
cuivre,#b45735
saphir,#186fc0
saumon,#3b2560
bordeaux,#565ade
rose pâle,#e12d92
baie,#f7b97c
olive,#c733f7
indigo,#003018
carmin,#be834f
platine,#222f28
saphir,#c98600
doré,#d7cb83
marine,#772bf7
turquoise,#733bd9
bois de rose,#a70b34
ivoire,#ca50f9
céruléen,#054676
carmin,#717eff
baie,#48c11d
lavande,#2c308c
ardoise,#fe0001
écarlate,#868bf2
rose pâle,#9cf9a7
obsidienne,#cdd49a
rubis,#4d8dd7
saphir,#38df13
violette,#11d70a
acajou,#ac5b09
orchidée,#19b95e
jade,#51923b
ardoise,#7ff907
marine,#aabd0e
fuchsia,#52dca5
menthe,#f1b99b
doré,#ed745d
bronze,#230f2e
céruléen,#33cc5a
acajou,#609cc4
azur,#140a5f
corail,#3bd18f
bois de rose,#162b5c
rouille,#a8f9cf
saumon,#f8c2f3
sépia,#2f64b7
bordeaux,#061ba0
ambre,#3ff8ff
baie,#e0c5aa
turquoise,#af29d0
ardoise,#064f0e
cuivre,#40889b
émeraude,#a6d304
bordeaux,#aba7c0
bordeaux,#c7f984
bronze,#b3c24b
moutarde,#0ac9e9
sépia,#987be3
moutarde,#43608e
forêt,#56881e
acajou,#4a0f55
citron,#4aa048
bois de rose,#22c495
rose pâle,#96fed6
cannelle,#875854
lavande,#0e6176
moutarde,#35dddb
cannelle,#5a5b0f
céruléen,#739122
cuivre,#c33c34
ivoire,#062f7b
pervenche,#7667c2
acajou,#782ece
azur,#052e14
bois de rose,#a9e083
jade,#88f1cb
baie,#903970
fuchsia,#8f7aa9
pin,#31698c
ardoise,#b95f59
cobalt,#49964d
orchidée,#db99e1
acajou,#964929
rose pâle,#6ead4d
acajou,#d59792
pêche,#2b04ce
lavande,#f5c9c8
crépuscule,#fad409
violette,#501921
rose pâle,#5fb07a
platine,#573cab
ivoire,#2d1552
topaze,#2a7f43
bronze,#461067
crépuscule,#433e4c
menthe,#1e5fa0
sépia,#010f50
charbon,#d3e05f
ardoise,#ee3d30
rubis,#957b83
émeraude,#05c8f7
rouille,#e00abb
rose pâle,#12dff4
lavande,#caee52
olive,#779392
carmin,#d3c644
pêche,#e098ba
turquoise,#8ca2ba
corail,#286516
sarcelle,#13ae76
saphir,#c58d7e
saphir,#5b20fb
lavande,#5f7a56
menthe,#67f01d
crème,#969650
bordeaux,#4960e3
turquoise,#88cea1
acajou,#9da6eb
lavande,#61ee52
écarlate,#8cb91d
olive,#eb0352
saumon,#a35a6a
bronze,#be96e0
moutarde,#36aefb
carmin,#453403
acajou,#9008c1
bordeaux,#e81b08
bois de rose,#76ff97
baie,#78d56b
platine,#f13760
écarlate,#cec3af
saphir,#2788d8
cuivre,#7a7135
azur,#3486f8
écarlate,#a6355a
saumon,#d49d07
menthe,#9046f3
citron,#959b52
cannelle,#13394e
rouille,#1bfb68
indigo,#a08351
bronze,#15addb
olive,#b73a98
marine,#3864fb
écarlate,#08ca3a
pervenche,#5ab35b
pêche,#2ae1f9
céruléen,#a8829e
cuivre,#6083e1
doré,#242074
rubis,#57d369
jade,#3f3229
ambre,#43d132
ardoise,#e67103
pêche,#d17252
menthe,#c13a4f
magenta,#1c6a47
crème,#e5d163
ivoire,#ac0921
obsidienne,#806056
azur,#a53fe6
moutarde,#87d4f7
rose pâle,#c1856d
cuivre,#dd559e
cannelle,#265fc9
doré,#c6f800
rubis,#33001c
céruléen,#d164db
crème,#44d79a
ambre,#5b0181
lavande,#fde8be
acajou,#2bb7dc
saumon,#b9a13d
marine,#80e9e5
acajou,#8e7d88
bois de rose,#515cda
indigo,#e5e948
citron,#63b1b2
baie,#465ce7
ivoire,#f9d642
acajou,#d48e30
marine,#df2a4e
bordeaux,#1f835c
crème,#3ddcff
menthe,#6dfe9a
écarlate,#02d31a
indigo,#680a58
platine,#be7e6b
jade,#b9c1bd
rouille,#654527
céruléen,#62200f
lavande,#0e7c1e
forêt,#6c11a0
jade,#8d38f4
azur,#7ab3fe
menthe,#682238
moutarde,#ab71bc
ardoise,#019b9b
saphir,#35f7c8
citron,#8ad3bc
bordeaux,#bf693d
turquoise,#8e2a17
rose pâle,#32ec2a
rouille,#610df9
cobalt,#606eeb
cuivre,#e7b307
ambre,#d9ea83
ivoire,#a3c2f9
céruléen,#4e2eca
sarcelle,#08f474
crépuscule,#01339a
fuchsia,#28be21
pêche,#afa34f
azur,#bedf52
carmin,#c254d9
acajou,#9b9fff
magenta,#0947c6
sarcelle,#180f44
citron,#cca066
turquoise,#be8d0e
pin,#344b00
menthe,#0561ef
acajou,#146edc
magenta,#2f8011
écarlate,#1da603
cobalt,#ed1bbf
rubis,#8d02fe
mandarine,#68617a
émeraude,#870a6e
ardoise,#12ba89
ivoire,#baa201
sable,#cefae4
azur,#28f7bd
ardoise,#7df3df
azur,#621428
corail,#7b5f35
rouille,#2a8062
bordeaux,#f29720
baie,#875aec
menthe,#e37a2d
pêche,#99521f
saumon,#d17e20
doré,#beb1eb
corail,#c0b7e0
menthe,#b57d2a
crème,#2e49ea
cuivre,#e26f10
lavande,#662181
fuchsia,#a6092c
fuchsia,#826bc8
cannelle,#9b91cd
bois de rose,#9ef49d
acajou,#69254d
lavande,#36c2cd
orchidée,#847955
fuchsia,#801c0d
pêche,#08faa4
cobalt,#8d0de0
ivoire,#f007ac
rouille,#5765c6
violette,#3ba028
acajou,#250fbf
jade,#5e2180
sable,#ef9af8
charbon,#78b87e
crème,#83e272
rubis,#9c33ff
émeraude,#8c8e68
cobalt,#88b85d
crème,#07d1be
crépuscule,#63e462
rubis,#d28607
pin,#9bc470
charbon,#f3f56d
sable,#b42d2e
baie,#bc9ca8
céruléen,#f148f5
olive,#4fa1f5
azur,#6779d6
pêche,#259793
orchidée,#c35660
ambre,#5588ec
corail,#3cee54
ivoire,#b5d1ae
mandarine,#fa5545
pervenche,#d3558f
menthe,#7834e7
émeraude,#cd14fa
baie,#3b56e8
obsidienne,#92b52b
rose pâle,#619271
saumon,#78a0ff
violette,#d95548
cuivre,#78561f
cobalt,#456818
pin,#f7ed75
citron,#d0e857
citron,#d834ec
crème,#f118bc
forêt,#84c7f3
pervenche,#1159a8
azur,#72c450
pêche,#662eae
pin,#ba0c08
écarlate,#fcc477
orchidée,#4a904a
céruléen,#5028dc
magenta,#b7a7f7
ardoise,#333acb
cuivre,#cb081a
moutarde,#86914c
sarcelle,#57a836
mandarine,#a1ce23
pin,#a0fd48
pêche,#4d7cbd
corail,#53e942
pervenche,#5dc46c
crème,#087284
rose pâle,#881390
jade,#6aee35
pervenche,#84ff25
forêt,#c0fd12
olive,#82250f
orchidée,#e9f4f9
orchidée,#5cfbbf
olive,#54979f
rouille,#182556
doré,#2c6c57
rose pâle,#9bf57b
obsidienne,#8aedde
menthe,#5c15bd
rose pâle,#d59c5d
pêche,#8feda3
platine,#0f3b33
olive,#8fd40c
platine,#ae7916
platine,#a3b8ed
moutarde,#68f2a7
acajou,#05d1b9
charbon,#9f074f
platine,#00c0fb
olive,#6f0a9e
ivoire,#ab3873
forêt,#951e98
mandarine,#40191d
sépia,#f6f5bd
fuchsia,#0e109e
bois de rose,#1560f1
ambre,#936f01
topaze,#10d51c
obsidienne,#17df1d
corail,#f0eb1e
rouille,#c569c3
olive,#50cb19
jade,#91daa6
lavande,#f217d2
bois de rose,#3cbcd7
ivoire,#fd0433
cuivre,#3bfbe6
sarcelle,#725717
ardoise,#d93ab7
indigo,#371994
bronze,#473da2
ivoire,#d53614
sépia,#171c77
pin,#144f14
corail,#0f2fec
saumon,#19d100
mandarine,#bcbd85
mandarine,#4b8a48
jade,#f5f43a
sable,#0cc4ef
céruléen,#baf26e
pin,#7072ef
émeraude,#f4c4f1
jade,#524322
azur,#6748b9
pin,#945df9
sable,#311055
corail,#f21281
acajou,#f92162
sable,#8ba86e
cannelle,#6193bb
forêt,#75bd3c
violette,#0b6948
ivoire,#44ebe8
émeraude,#9a019c
obsidienne,#a9deac
baie,#ac1f35
bordeaux,#31e310
émeraude,#c3e0a7
cannelle,#c2e62d
carmin,#f1ce5d
crépuscule,#0f53d5
pêche,#5e1366
cannelle,#b8f5ea
émeraude,#301135
doré,#51f245
écarlate,#eceac4
fuchsia,#86cc6c
magenta,#161e47
sarcelle,#d0eae0
ambre,#ba937c
turquoise,#5f510f
marine,#1b50b4
menthe,#124e3b
céruléen,#cc8534
saphir,#0be9a8
carmin,#292d84
indigo,#c87305
azur,#80cc7f
ivoire,#a8a594
bordeaux,#b533ff
indigo,#e3d985
turquoise,#c4e15f
saphir,#751e25
platine,#fbe6bb
magenta,#56b59f
acajou,#2e5a04
bronze,#9e2780
acajou,#100779
céruléen,#c09d1b
jade,#4f1d1a
azur,#4a2f6d
citron,#46444e
jade,#e5b026
pin,#220eda
bois de rose,#0def1c
acajou,#e8e9a1
obsidienne,#d6bb7f
pin,#a8d9a7
topaze,#fb79ad
rouille,#38bc7a
olive,#3b4b3c
corail,#923adf
violette,#d32423
menthe,#4aefb7
magenta,#8669c7
jade,#7827b7
fuchsia,#288e11
moutarde,#41bae8
cannelle,#2c142a
ambre,#0b7f98
ivoire,#01490f
citron,#1ba68e
platine,#240e81
cobalt,#fc6bc0
saumon,#e0090e
violette,#a2cfec
menthe,#b43dd8
pervenche,#2e5f22
bronze,#3a231e
olive,#e61065
sarcelle,#b4d7ee
rubis,#ffc9ca
pin,#c72296
émeraude,#e3992e
olive,#caca37
ardoise,#21bc9b
crème,#c0c0de
rouille,#82b836
doré,#b30c1d
ambre,#9d6a0d
bordeaux,#c31721
acajou,#3b7359
rouille,#b7d260
pin,#8dd0b8
saumon,#ba4664
acajou,#ee9ba3
jade,#9080b4
corail,#83a84c
ambre,#56b002
écarlate,#f1a4df
céruléen,#9e4d81
carmin,#7f64d7
bordeaux,#65ee0a
saumon,#a452d6
jade,#7f0c04
baie,#95b4c4
rubis,#f8d7df
turquoise,#2faa02
baie,#74723c
pervenche,#9c8f15
lavande,#4efc52
charbon,#4369dd
magenta,#4a906c
moutarde,#9e2ba2
ardoise,#40d6dd
platine,#a690bd
violette,#2e3bce
ivoire,#c013c8
cannelle,#fd0523
obsidienne,#05735f
sable,#9c503b
sépia,#bdeb6b
pin,#985c78
menthe,#fa59c7
turquoise,#a613f2
turquoise,#671dd0
jade,#c5049c
sépia,#04a752
rubis,#c1c60f
crépuscule,#d0b2cc
bordeaux,#b27bc9
baie,#99faad
baie,#56de59
crépuscule,#2f2af7
platine,#f40284
saumon,#d3101b
platine,#656393
saumon,#66be7d
topaze,#7081fb
mandarine,#629487
rouille,#5f4416
céruléen,#321e86
bordeaux,#5460e3
moutarde,#c7ce2c
pin,#e8f88e
rose pâle,#0315ab
turquoise,#847d28
rouille,#e12ee1
cobalt,#d1556e
forêt,#cd9a9a
crème,#8cef91
ivoire,#2b4216
turquoise,#cc2f31
turquoise,#80f49d
magenta,#4ede21
pin,#c90ee4
saumon,#327620
saphir,#825d1a
corail,#6e4e9d
écarlate,#b09fec
jade,#0e8d30
rouille,#2de03f
indigo,#105095
baie,#5023a9
violette,#906d72
obsidienne,#788a66
topaze,#62a969
cannelle,#294049
saumon,#7e56f5
violette,#989b08
ardoise,#677df6
azur,#c62a51
menthe,#6dd854
mandarine,#55751e
menthe,#ccb5f0
saumon,#b3b4c0
citron,#425ebf
bois de rose,#1a5058
charbon,#7b599a
forêt,#d459b1
acajou,#03d473
bronze,#0cefaa
saumon,#3bdc8d
sable,#d1025f
fuchsia,#d1ae91
forêt,#88b976
mandarine,#4aec3c
ivoire,#94d18d
rubis,#17eadd
cobalt,#934273
céruléen,#ce0f66
topaze,#118df4
magenta,#0b475b
saphir,#60b3d2
crème,#487d3d
émeraude,#5b4fab
doré,#9b39b7
saumon,#5801a7
bronze,#d7e594
pêche,#52df5d
carmin,#152df7
rouille,#748b70
baie,#49b551
orchidée,#f11f85
jade,#f7c209
orchidée,#e07fad
orchidée,#fcfd6b
olive,#c67b3f
émeraude,#460e6a
obsidienne,#0a8449
sépia,#9f23f0
cuivre,#bb8067
saphir,#25fbde
sable,#22345b
carmin,#c8403d
émeraude,#ef2fae
sarcelle,#0d3714
doré,#3101e6
olive,#bb4acf
crépuscule,#d2016c
saphir,#24be37
lavande,#864a6f
sarcelle,#9953a4
rouille,#673b14
ambre,#6f4689
violette,#cd0c5f
moutarde,#0e597e
menthe,#ebf2be
sable,#87ef89
corail,#1a7c04
azur,#7e8ef6
violette,#8be2c1
corail,#ac8f98
rubis,#232625
bordeaux,#8f0619
bois de rose,#86ab53
saumon,#992058
pervenche,#8023bd
charbon,#348cc0
sarcelle,#36b20a
pêche,#193340
bois de rose,#fbe4ca
bronze,#1cfd55
sarcelle,#1ba4cc
ambre,#687c8e
indigo,#d6ccd7
bordeaux,#e26254
platine,#13439f
fuchsia,#4a0693
ambre,#614cc7
platine,#f0c4ac
baie,#da3060
saumon,#877632
platine,#110637
obsidienne,#edcdfe
obsidienne,#a5c1f6
pin,#b06ea6
pervenche,#556d22
platine,#10eddf
charbon,#3eb141
sépia,#1fddec
émeraude,#c387ea
crépuscule,#fb7053
sarcelle,#74bf0f
rose pâle,#6fdbf7
crépuscule,#d95bdf
rubis,#c4ad46
marine,#c71dd4
écarlate,#5cdbeb
ardoise,#e836e6
lavande,#88c248
cuivre,#a77448
pin,#22772b
topaze,#5fb6ee
topaze,#e55b7b
saphir,#d04a1f
pervenche,#c342de
céruléen,#a61070
azur,#e5820f
citron,#bc4941
citron,#7e0e08
ardoise,#34bbab
ambre,#9d7a2d
mandarine,#1fed10
lavande,#29ae0a
cobalt,#75ee5d
céruléen,#8e589c
ivoire,#d9677f
forêt,#7fa26b
rubis,#4e5a12
écarlate,#ba4d88
crème,#91857c
jade,#ba639c
crépuscule,#00d13b
olive,#1ae214
ardoise,#73a92b
orchidée,#d98b29
indigo,#dff547
azur,#b6487d
baie,#12fe2a
écarlate,#22fd00
forêt,#6fb601
sarcelle,#b3ffa7
bois de rose,#d4c215
marine,#5e6b08
acajou,#233e9d
saphir,#24eebb
menthe,#068633
forêt,#0e903f
sépia,#d80c58
saumon,#51154c
charbon,#f13aeb
charbon,#13cbab
bois de rose,#861c00
topaze,#b6f91b
jade,#fbe838
fuchsia,#655bcb
platine,#73caa1
rouille,#8af63e
sable,#29e6d0
jade,#0536f4
orchidée,#5a65a2
moutarde,#640031
violette,#b7098c
baie,#0e8853
pêche,#63f20e
jade,#5daf82
moutarde,#05f3d6
forêt,#490b18
cannelle,#7ade14
écarlate,#98c71e
ivoire,#71a8dc
fuchsia,#3604d7
moutarde,#aaec34
pin,#66e294
rose pâle,#07dd89
saumon,#b5b068
sarcelle,#595898
cannelle,#af420b
rose pâle,#992d33
bois de rose,#c80f15
carmin,#8ef359
citron,#28a588
saphir,#fb3c08
forêt,#d49b6f
magenta,#456f9e
azur,#ad64b4
rubis,#33285c
indigo,#1f1362
crème,#c0dee1
pin,#362cbc
azur,#cd1bfd
magenta,#e543b3
bois de rose,#8478d3
sable,#04c84d
saumon,#365c79
obsidienne,#b76868
magenta,#bdd080
bordeaux,#a54b21
baie,#6ebc34
céruléen,#c32e37
cuivre,#c093a2
rose pâle,#6e7f40
marine,#c0f10c
acajou,#d939ef
rouille,#d1ffc1
rubis,#16dee2
ambre,#30bd94
bronze,#f4f982
crépuscule,#915ab8
carmin,#ee13d7
rose pâle,#e6ed7e
cuivre,#1ae194
citron,#0e0c80
charbon,#a093a2
baie,#fde68a
sépia,#c1f75d
mandarine,#725e5d
lavande,#b9c863
cannelle,#b591d9
pervenche,#2f5580
ardoise,#66d815
rubis,#6ebdef
menthe,#b61c4a
marine,#9f5e40
saphir,#82d71a
turquoise,#b4285a
moutarde,#7979b2
céruléen,#a6d16e
pervenche,#4e88e7
platine,#c402e7
cannelle,#ab20f2
baie,#fe7ea4
citron,#4a78bd
corail,#23a426
cannelle,#0bccad
sarcelle,#335b2a
olive,#27d2db
rubis,#fe9373
saphir,#3571a9
marine,#56639d
lavande,#da18fb
indigo,#1f6542
écarlate,#f86d46
platine,#cc5dc4
émeraude,#a34072
crépuscule,#554453
topaze,#771b0e
ambre,#ff1326
carmin,#f99e7b
menthe,#7a8ad2
carmin,#3c1b51
olive,#e0864c
marine,#facf15
fuchsia,#5fcdd3
corail,#20ce82
carmin,#e648aa
violette,#558166
jade,#b2d0de
saumon,#9375cf
ambre,#9b0082
indigo,#469b84
saumon,#664545
turquoise,#df3983
sépia,#17eca3
ardoise,#180b84
orchidée,#8b8005
saumon,#531580
carmin,#7dd918
rouille,#24c780
platine,#bfef95
bordeaux,#d88697
topaze,#81a498
sarcelle,#8fb758
rouille,#920f74
cuivre,#007d6a
bois de rose,#c17d1b
moutarde,#3c6744
corail,#7ba8ed
crépuscule,#38bc47
pêche,#1a6851
obsidienne,#8d302f
orchidée,#761f2c
obsidienne,#6dbf57
bordeaux,#aefc5e
cuivre,#0d1b3a
émeraude,#de0b92
ardoise,#f2209d
crépuscule,#deab42
acajou,#b19ac5
ardoise,#84523e
menthe,#559738
jade,#eff24b
céruléen,#6c8607
céruléen,#b40442
citron,#9c5b5f
carmin,#8e5d9e
ardoise,#7ab177
fuchsia,#04e494
émeraude,#4fb17b
crépuscule,#cf7da4
ardoise,#0bc525
rubis,#f87f1b
charbon,#306ffe
charbon,#d0108b
sépia,#f7bdae
platine,#64de5e
pin,#9a7120
citron,#77d62f
écarlate,#3fc76d
acajou,#299a94
rose pâle,#aee5e4
émeraude,#50c31a
sarcelle,#8aa567
sépia,#c0cd27
carmin,#1c6aeb
ardoise,#57352f
acajou,#7f192e
rose pâle,#d23c73
ambre,#ca77a1
forêt,#5274e2
marine,#738857
sable,#00c0ab
sarcelle,#e15b43
obsidienne,#484ed3
rubis,#b26f94
bordeaux,#e2af45
ivoire,#114f88
bois de rose,#f3100f
violette,#1be038
charbon,#7f03a6
cannelle,#c29744
cobalt,#3f4dd4
bois de rose,#a004a7
bordeaux,#0f5d21
pervenche,#289cf8
moutarde,#ce41fa
marine,#ea2128
magenta,#f8fb02
forêt,#848377
moutarde,#7125d0
saphir,#1b643c
baie,#07871b
moutarde,#4611ed
mandarine,#26b469
cuivre,#c9b6e5
bois de rose,#eec339
magenta,#66f4a3
menthe,#96cbb5
ivoire,#3246a9
corail,#1774f0
marine,#401a30
topaze,#d00007
rose pâle,#7ef2fa
saumon,#76b099
bois de rose,#4e5f26
écarlate,#ca5aad
corail,#b3856b
pervenche,#3f5e7d
cobalt,#3a5c53
fuchsia,#a6a18e
platine,#34ebc5
orchidée,#49e1b5
saumon,#696983
pêche,#648925
cobalt,#58ea5c
jade,#6d6363
acajou,#0803bc
pin,#b59472
azur,#4629db
jade,#3f05b9
acajou,#2e087b
émeraude,#51007c
lavande,#768d12
crème,#fd9d4a
ivoire,#af4c45
baie,#908ddd
rubis,#9fb4d1
écarlate,#0a51dc
orchidée,#7675a6
marine,#a976e2
ardoise,#895e22
indigo,#beb597
cannelle,#9f21cb
azur,#a0fede
corail,#24b79f
rouille,#283756
rouille,#007c80
olive,#46305d
saumon,#0af96c
émeraude,#aa7027
menthe,#61ce5b
ambre,#182358
bronze,#38b16e
bordeaux,#7bf53e
émeraude,#cfba30
crème,#682ded
céruléen,#c741a3
olive,#a61ec4
bronze,#8c2b73
olive,#3f8af4
émeraude,#609fd5
crème,#1bce6c
menthe,#088a5f
lavande,#588808
cobalt,#3dcdd6
forêt,#854d91
carmin,#2fb177
sarcelle,#9d58a0
menthe,#1be519
platine,#5ad8b2
ambre,#a700a4
carmin,#2b981a
crépuscule,#0bbab9
crème,#a0c8dc
saphir,#1c4869
magenta,#f20084
forêt,#7a8689
cannelle,#c95989
obsidienne,#410c1f
corail,#43f986
bois de rose,#68ab2d
marine,#ffdf6f
magenta,#f74ccd
rose pâle,#b60655
pêche,#d50c99
écarlate,#613317
fuchsia,#5458d2
doré,#4f142a
violette,#a10e9a
cobalt,#e8d121
saumon,#bf30db
topaze,#6f7ba9
indigo,#efdb97
marine,#cb1536
écarlate,#8bb4a7
citron,#e1cde9
rose pâle,#6068e5
turquoise,#afe1af
menthe,#655081
saumon,#3078da
bronze,#4e1279
violette,#aedd8a
ambre,#447373
pin,#cf7dd7
cannelle,#dbf55b
pêche,#a08494
bordeaux,#12e48f
turquoise,#eea465
rubis,#1bdcc6
crème,#546982
pin,#0710d2
pervenche,#3e6354
rose pâle,#f4a299
rubis,#dd0ee9
lavande,#3052af
citron,#632c08
pêche,#294bf2
forêt,#9449fb
bronze,#2af734
baie,#6c67ae
cuivre,#26a014
ivoire,#f53cfa
baie,#4d6fc2
lavande,#97976e
écarlate,#e8df04
bronze,#c7c432
céruléen,#e14d80
céruléen,#2e7cf1
sable,#8e3db2
bronze,#51f4e7
émeraude,#e19030
rouille,#78ee1a
lavande,#428217
menthe,#ef83f9
baie,#64c814
charbon,#5b68bb
charbon,#955f6e
saphir,#c092cd
pêche,#d0dcbd
sépia,#d1ee9d
saumon,#871e56
obsidienne,#79cc33
mandarine,#99f356
émeraude,#324202
marine,#05aec9
saphir,#980fec
azur,#5c3461
bordeaux,#b48465
mandarine,#4aa146
platine,#edb678
carmin,#b44ce8
cobalt,#8c6155
jade,#d72a09
charbon,#ad56eb
obsidienne,#8f2189
ivoire,#47f781
violette,#ddd942
olive,#41bec7
céruléen,#5f860d
mandarine,#227b83
saphir,#e7ad61
mandarine,#5e057a
ivoire,#53b4ee
fuchsia,#088b61
platine,#32d196
sarcelle,#72053a
céruléen,#1fdb1d
baie,#923dae
ivoire,#5df20c
doré,#df3fb7
sarcelle,#c190eb
mandarine,#a8f031
moutarde,#31f7af
sarcelle,#4b296f
turquoise,#9cb90d
forêt,#41cf8b
émeraude,#0874fa
jade,#0beeb6
mandarine,#38db24
fuchsia,#11aa22
acajou,#431289
céruléen,#c46cca
acajou,#3b96df
orchidée,#12257c
bois de rose,#d4f7e5
saphir,#16b338
crème,#4df917
violette,#f695f4
acajou,#aacc2b
magenta,#6bb0cd
forêt,#79bf84
olive,#cf7b83
bois de rose,#223f62
saumon,#c3bf58
bordeaux,#926d19
jade,#1010cd
marine,#2bd421
crème,#2f77f0
saphir,#b221c5
forêt,#af715d
magenta,#8a4c7f
moutarde,#09105b
menthe,#e81f1f
sarcelle,#101db9
jade,#21f571
ardoise,#b043c5
fuchsia,#bb2d42
corail,#f71a12
citron,#951bb7
saumon,#181b4f
obsidienne,#0ad7ec
saphir,#3d25f0
saumon,#975178
corail,#02b045
bronze,#6b2d45
crème,#0fd5cb
ambre,#f82947
obsidienne,#bd1e42
pêche,#1e3366
cuivre,#308b0e
ambre,#ebb38b
topaze,#405c24
menthe,#967deb
corail,#e02e07
forêt,#32ee53
magenta,#305bd9
fuchsia,#d7017c
magenta,#39a1a1
acajou,#af16af
platine,#abe3f2
platine,#f8194c
bronze,#5fef6a
forêt,#da7902
céruléen,#48c7fd
olive,#2a7873
crème,#3fbb6c
rose pâle,#65f192
menthe,#80a873
céruléen,#36fc8e
cuivre,#5015f4
cobalt,#053a19
lavande,#fcead5
acajou,#065f73
obsidienne,#51c134
citron,#2b71ea
azur,#72737e
crépuscule,#16cf99
écarlate,#aeb9f6
sable,#e7387f
émeraude,#10cb58
baie,#09cefc
orchidée,#a42842
pervenche,#8fe385
cannelle,#4def0b
azur,#57c38b
corail,#89d268
mandarine,#d027a1
fuchsia,#a67207
écarlate,#aa8425
charbon,#eb5eed
ardoise,#19ccee
émeraude,#d66868
carmin,#039a43
pin,#57e18b
turquoise,#27d338
émeraude,#a8ec90
sarcelle,#113c25
pervenche,#8e724a
indigo,#115cf5
orchidée,#128abc
olive,#d9e3a7
menthe,#d69d15
moutarde,#a7ea97
azur,#a713e5
orchidée,#493ba2
bois de rose,#16863b
émeraude,#9a8fe0
azur,#37e52b
écarlate,#f4b632
bordeaux,#15d789
olive,#f825a5
citron,#856661
cannelle,#670293
ambre,#c73641
indigo,#2480bd
pervenche,#58136e
sépia,#af4891
orchidée,#2e8083
crépuscule,#f726eb
pêche,#51a16f
moutarde,#a6318b
rubis,#ea1e3d
crépuscule,#4cbce5
menthe,#63d4cd
céruléen,#cc7451
céruléen,#4605f4
citron,#582db9
cannelle,#14ea29
ambre,#1e1a49
cuivre,#d3b3e6
saphir,#8d52e9
pêche,#e2ffb4
cuivre,#cb086c
rose pâle,#c97fa7
cuivre,#d4e7e3
jade,#4ec43a
forêt,#5c5c66
cannelle,#2fb58e
saumon,#b95a20
moutarde,#8f7148
carmin,#bd2131
charbon,#389687
mandarine,#fcf171
orchidée,#da8f11
ivoire,#6255d3
émeraude,#cc3d20
marine,#833eb6
sable,#c357c7
azur,#6e0eab
ambre,#c19989
pin,#a25ef5
bois de rose,#f745dd
carmin,#16f67f
rubis,#5c2876
ivoire,#6ff384
rose pâle,#f963b8
cobalt,#ff9cb6
rose pâle,#7ff721
jade,#5e05bd
violette,#babc77
ivoire,#670d0e
saumon,#4ff8e6
bois de rose,#34481a
carmin,#674489
citron,#3ff657
moutarde,#e02c4f
pêche,#dd536c
doré,#86f123
platine,#6f5127
rubis,#cd3023
ivoire,#32869c
saumon,#ec83da
ambre,#ae8575
indigo,#3d3a9b
moutarde,#729a92
acajou,#328905
azur,#46eb0c
moutarde,#0fd1fd
écarlate,#dc396b
écarlate,#75580f
pin,#4c6cda
crépuscule,#9f37d8
ivoire,#50aa1f
sépia,#1bd7a9
mandarine,#e437f5
sarcelle,#5a9125
saumon,#6429db
baie,#97a727
céruléen,#f26851
ambre,#9b2855
bordeaux,#15b1f0
platine,#0677a1
lavande,#4c8937
azur,#38087b
pêche,#bc1532
crépuscule,#acef2e
ivoire,#7aa915
écarlate,#f1ef6f
turquoise,#2b7689
pervenche,#43ccb0
magenta,#2c65f8
pêche,#ee95f3
émeraude,#60e963
marine,#997e95
lavande,#25367f
fuchsia,#1a6715
bois de rose,#27c210
crème,#2fb254
topaze,#9db324
saphir,#c03199
saumon,#72773d
mandarine,#3de8d0
rubis,#2e4c03
saphir,#0c6cd8
charbon,#815a6e
cuivre,#e73d93
violette,#e9934b
ambre,#bafbc8
ivoire,#9b71dd
platine,#f04b5a
bordeaux,#f4941a
moutarde,#eb51f2
cannelle,#0842b7
céruléen,#b5561e
moutarde,#1b71a9
marine,#a45563
forêt,#982f28
azur,#74a2f1
turquoise,#774bab
saumon,#a34ba0
citron,#96d765
pêche,#4281af
céruléen,#161822
céruléen,#05b3aa
menthe,#428225
moutarde,#419e5f
menthe,#befb96
turquoise,#8154ed
magenta,#1984ba
citron,#6f6935
orchidée,#3e35f0
cobalt,#a45c4e
sarcelle,#3beed3
sable,#9b5e99
cuivre,#ec8a96
indigo,#b5fd47
rouille,#633224
corail,#0dd2a2
ambre,#8a14e4
rouille,#073fb5
forêt,#9f36eb
platine,#b692cd
platine,#e6306f
rubis,#55d83a
doré,#b7b0b3
pêche,#231195
azur,#29dbe5
marine,#bf7972
moutarde,#7d37b0
pervenche,#f00cc6
carmin,#5b11d4
crépuscule,#4aef08
violette,#de58ee
lavande,#28d68d
ardoise,#7313cf
saphir,#786bb0
crème,#aeace0
ambre,#f7ef56
moutarde,#e91777
lavande,#11076f
acajou,#f14d2c
écarlate,#4b5a7e
écarlate,#035d64
marine,#53d124
jade,#6bab2a
rose pâle,#cc30e2
forêt,#f330bf
indigo,#34f924
cobalt,#fde95e
azur,#3fde13
doré,#9cb1b0
pin,#ba5442
pêche,#09c0df
citron,#9bce73
bordeaux,#856c94
pin,#b570da
magenta,#fabaa0
pin,#34f308
rose pâle,#4a4107
baie,#3ee43c
mandarine,#db2144
magenta,#3bda6c
moutarde,#2071f0
carmin,#70b688
pervenche,#32e9cf
écarlate,#d2f2a1
saumon,#639d50
acajou,#9da54b
ambre,#d9d736
saphir,#302465
platine,#5ab15f
marine,#6207d5
lavande,#94d71a
acajou,#bea960
doré,#b00333
forêt,#9062c0
sable,#ccebc8
pêche,#46eb4c
écarlate,#cd3f86
cobalt,#d0d37a
ambre,#2281f4
forêt,#ca620d
topaze,#0dc8b2
ambre,#33c321
pêche,#0d48d8
pêche,#607c6b
sable,#71380e
mandarine,#a9f21d
lavande,#7a3195
carmin,#0225c2
saumon,#0b200d
moutarde,#e1bd74
carmin,#3616b6
saumon,#d3b731
violette,#f757fc
rubis,#869afa
cobalt,#44291d
bois de rose,#b5b84a
ivoire,#835df8
orchidée,#9b8680
cuivre,#17be70
azur,#ff279c
violette,#c8f268
écarlate,#974345
sépia,#46cb06
pin,#96554d
azur,#e31707
saphir,#3cabce
pervenche,#57c1ba
violette,#a9bf6d
écarlate,#2b17e1
marine,#d05e38
crépuscule,#d3b0c6
saphir,#4e146d
crème,#113d53
rose pâle,#0ac83e
cuivre,#1ab142
rubis,#767f48
forêt,#04e9fa
rubis,#b5fa32
topaze,#7dfba1
corail,#bf1dd9
rouille,#45d262
mandarine,#77bae6
cannelle,#5b2ea7
cuivre,#ff8467
pêche,#d79958
saumon,#e0a862
orchidée,#5809e4
crépuscule,#b056ab
rubis,#bdccc1
citron,#58e943
bois de rose,#8b7265
bronze,#ec15f9
acajou,#302b3e
violette,#873a80
sépia,#0dd5fc
carmin,#2e4c7c
baie,#4c8010
turquoise,#c58e32
cannelle,#46a486
cannelle,#43aeae
mandarine,#d8b114
pêche,#e36f40
fuchsia,#9d7315
doré,#91f74f
acajou,#65e1af
charbon,#b4387f
cuivre,#afc2a7
lavande,#b66d59
sable,#fa4d79
crépuscule,#edc8cd
crépuscule,#fd5608
forêt,#dc5eb0
obsidienne,#28ab7d
ambre,#6cc4d6
saumon,#1b2c49
charbon,#75ea7e
cobalt,#302ae7
platine,#04ced9
menthe,#bd587c
jade,#53b676
rose pâle,#70761a
ambre,#bbbac1
mandarine,#f3698e
bois de rose,#30f461
sépia,#2a50ec
baie,#44a91d
topaze,#e880fa
bordeaux,#aa7421
ambre,#e7e88c
acajou,#94d536
indigo,#5ebec5
platine,#f546cb
menthe,#79832b
pin,#ac393d
citron,#c8fd17
magenta,#d44074
crépuscule,#1d4240
pervenche,#bd3fc4
charbon,#da98f2
cuivre,#589c31
corail,#d71685
rubis,#f9a9b1
écarlate,#07a7aa
saphir,#ab757e
turquoise,#f3f190
lavande,#f3589a
rubis,#dcbc71
rose pâle,#71f4e1
lavande,#7a6ebb
crème,#6ef19a
bordeaux,#968fac
acajou,#376927
écarlate,#c97155
orchidée,#27cad1
magenta,#a1cd2d
cannelle,#43bc18
sarcelle,#d88f74
ambre,#fa547e
citron,#923fa3
violette,#227107
jade,#019d4d
rubis,#c7d392
cuivre,#547bef
cobalt,#617f2c
charbon,#0bd068
crépuscule,#5c0ad4
ambre,#d65852
rubis,#7e6f5f
violette,#5b4541
corail,#215596
olive,#ecbd7e
orchidée,#10429a
topaze,#000174
corail,#36011c
corail,#379fce
obsidienne,#b228a0
cannelle,#768a33
charbon,#e69f16
cuivre,#36e84b
rouille,#2f7189
azur,#8a66ed
marine,#c3da50
émeraude,#ebae54
sépia,#0a93cc
corail,#31fd71
acajou,#7beccf
doré,#7381d6
crépuscule,#8205dd
obsidienne,#fa46cb
turquoise,#344bac
crépuscule,#e6bbda
turquoise,#43dca7
orchidée,#a5c080
rouille,#4aa78a
sépia,#16dee2
orchidée,#08f18e
sépia,#3ff5cd
olive,#5c42ea
saphir,#df987e
orchidée,#3e822c
cuivre,#713e72
sable,#3fa14b
pin,#e12b0c
topaze,#791047
azur,#2ab785
rubis,#e91ffc
ivoire,#0cd0d5
crème,#e00059
bois de rose,#a96548
charbon,#834157
saphir,#e4ca54
corail,#f364ca
carmin,#6de23e
sable,#c6ed54
ivoire,#98c25c
ambre,#a05ef2
forêt,#cabffe
mandarine,#6fd375
céruléen,#80ac7e
lavande,#fefece
pêche,#7f4c85
menthe,#ab7841
écarlate,#1f79f0
mandarine,#048c89
saumon,#5359a1
bordeaux,#26ebf0
lavande,#7aeadf
ambre,#c0168d
platine,#62ca80
saphir,#c420d1
doré,#2c1279
bronze,#c791a3
jade,#94a64f
olive,#8a5141
orchidée,#ab1249
saumon,#4197c7
jade,#4d7ae6
ambre,#85dc3f
rose pâle,#f265a8
rose pâle,#9c141b
rouille,#ca8f63
jade,#478b5e
forêt,#b6dc34
marine,#fc0e44
écarlate,#1839c0
saumon,#ce3eca
indigo,#b141b9
indigo,#1b6f78
jade,#9c6574
bois de rose,#aa92df
sable,#cee46c
corail,#43e5b7
carmin,#266e30
olive,#f6e92a
azur,#3bb83c
fuchsia,#cbd018
sépia,#0799cf
carmin,#3bc4d1
émeraude,#6a74a9
topaze,#8d78c8
olive,#0c4d21
carmin,#cc9fbb
pervenche,#2a72f5
ambre,#bfadc5
topaze,#da3b71
pêche,#eecbfb
rose pâle,#627b63
corail,#39d41b
émeraude,#7c56c2
obsidienne,#8a3a12
écarlate,#ffed9b
sable,#1cacfa
menthe,#5b91b3
bordeaux,#538a66
olive,#eda6a1
indigo,#8682b7
émeraude,#9c87b0
saumon,#5309b8
rose pâle,#4aeb12
cobalt,#65ab72
platine,#a35312
cannelle,#75f37f
saphir,#4ead45
rouille,#31c48e
doré,#36de13
crépuscule,#c87992
citron,#54adf6
bordeaux,#b3ef52
cannelle,#476117
saphir,#de48b6
saphir,#e72b8b
mandarine,#cf8c63
moutarde,#450a6c
cannelle,#7a6824
menthe,#5932c5
mandarine,#977bbb
lavande,#6e3838
lavande,#4a987c
ambre,#b6cf13
céruléen,#b0ace7
écarlate,#f8addb
marine,#d24753
magenta,#63d715
citron,#3fe1b6
rubis,#4b4bd7
orchidée,#431360
rubis,#ed40da
obsidienne,#c27a0a
lavande,#0877e9
émeraude,#07beda
ivoire,#bbe37b
ivoire,#280d52
acajou,#6a469b
ambre,#3b6915
azur,#45b8e0
indigo,#6f86a6
bronze,#88c0b1
céruléen,#09a118
sarcelle,#960db2
indigo,#efe077
bois de rose,#e3b0b2
rouille,#36d221
cuivre,#fc5482
crépuscule,#242468
acajou,#5fa3b7
pervenche,#3d0261
sarcelle,#85690c
écarlate,#380e48
magenta,#2f0ec7
écarlate,#d5ec75
charbon,#2e29b0
olive,#3f51e5
charbon,#9b20f6
menthe,#d8a8e5
charbon,#fff4c1
bronze,#2d0f7a
céruléen,#eb0217
cuivre,#41c5cf
bronze,#74198a
fuchsia,#10eb5b
moutarde,#b15356
saumon,#590516
citron,#fc43a8
platine,#c4c97d
violette,#adb6e0
écarlate,#0704c5
cannelle,#7abc5e
rose pâle,#015660
sépia,#19d199
bordeaux,#53e49b
moutarde,#8dcf70
baie,#92ce85
indigo,#c87a60
bronze,#bdb3aa
cannelle,#78de0c
pêche,#9718de
bordeaux,#870c50
magenta,#5cf2e4
cobalt,#7f5f91
acajou,#a4b4be
rubis,#6cacbd
ivoire,#b7b408
acajou,#da6ab9
saumon,#79666c
fuchsia,#87a829
bronze,#00572d
forêt,#04123f
turquoise,#07396a
émeraude,#3744ba
corail,#59b4c9
crépuscule,#796b64
charbon,#99d317
bois de rose,#2453d0
moutarde,#647e31
cuivre,#c7eba2
corail,#1e02c7
jade,#183bfe
turquoise,#97e91f
saphir,#2b88fc
forêt,#702db0
magenta,#bab648
ivoire,#5b85d0
cuivre,#9d6580
ardoise,#901979
pin,#38541e
lavande,#c23239
lavande,#5bc140
mandarine,#311611
pêche,#514f5b
sépia,#66644d
rouille,#12a95a
émeraude,#af1e13
moutarde,#edc858
émeraude,#0b25ae
ambre,#9d853a
rubis,#242eaf
bois de rose,#5a0594
charbon,#a13790
sable,#5d75d7
bordeaux,#ebea68
lavande,#59cb0f
doré,#406c59
crépuscule,#b6780f
bois de rose,#a530d0
ambre,#011b8b
menthe,#2a7014
mandarine,#261907
fuchsia,#2f7013
pin,#fc5e4f
bois de rose,#3c5699
saumon,#cde2ac
moutarde,#e998e4
rose pâle,#713e93
indigo,#563595
rubis,#a4ca8d
azur,#533ff1
rose pâle,#b7054c
crème,#ba4951
magenta,#98af85
jade,#91e99c
ivoire,#87fec7
saumon,#e36a00
sépia,#d3f4d0
saphir,#64491c
écarlate,#581b48
marine,#cce7a8
menthe,#9b23dd
ambre,#dadfed
orchidée,#d68770
cobalt,#44f10f
pin,#098703
platine,#c59d27
violette,#7ad19d
olive,#bb7757
bordeaux,#c6570e
obsidienne,#1d7432
rose pâle,#abd1cc
baie,#fc0c38
ardoise,#705587
moutarde,#3aebc7
moutarde,#1a1933
saumon,#9a459a
olive,#25c1d0
émeraude,#18ba16
moutarde,#921310
cannelle,#f5c1e9
rose pâle,#f7ecb2
bois de rose,#fe199b
marine,#f00447
acajou,#a2ce5a
ivoire,#19e97b
bronze,#fda20b
magenta,#74025c
bronze,#cef90a
azur,#087832
cuivre,#91bc47
sépia,#5c8984
doré,#2b63c4
corail,#33d0c7
ardoise,#253e66
bronze,#b0f053
turquoise,#be8560
pin,#35226a
sépia,#08a4de
corail,#518136
doré,#1e16c6
saumon,#cd3489
cuivre,#ef0362
citron,#e6521d
topaze,#6d6ee0
mandarine,#906440
orchidée,#4d8e63
cuivre,#03cddd
bordeaux,#bbfc0e
doré,#305c07
saumon,#77b50d
carmin,#e6d366
carmin,#bb1823
moutarde,#95937a
forêt,#f6fe78
lavande,#de1391
rubis,#321d25
écarlate,#23dfad
citron,#faa0c1
ivoire,#bbeffc
rubis,#aa253c
pêche,#2d1456
sarcelle,#e0f120
orchidée,#02cc57
rubis,#6386e6
lavande,#3ea595
indigo,#a10420
citron,#52a3c1
corail,#ddd2de
sable,#4dc4df
magenta,#e0a978
carmin,#368d84
écarlate,#96d907
jade,#58a300
fuchsia,#10556e
marine,#64cffc
menthe,#9df2d3
bordeaux,#ef29f4
sépia,#b5a2ea
orchidée,#e6496f
pêche,#b5920e
olive,#3710a9
sépia,#1fecf7
acajou,#e56577
bordeaux,#91b50c
ardoise,#04a254
orchidée,#40b0af
citron,#e831b7
ambre,#613900
obsidienne,#28961f
céruléen,#317b71
saumon,#b75003
orchidée,#9eeaef
acajou,#4c8d8a
platine,#b47258
ambre,#8ad04d
marine,#1939bf
cuivre,#e8b521
acajou,#208ebf
corail,#ca041d
magenta,#4200a2
jade,#0073f8
saumon,#c4c93b
sarcelle,#eba08d
cuivre,#9f7f1a
charbon,#ac2b79
orchidée,#b7b754
écarlate,#376a82
doré,#fcfed2
saumon,#737fb8
baie,#04f6ab
rouille,#21ca42
topaze,#9440b6
rose pâle,#172c35
topaze,#3f6938
cuivre,#f69358
turquoise,#1fa8d1
turquoise,#5e8488
rubis,#192dfa
platine,#aeb45a
magenta,#b4177f
lavande,#bd8336
bois de rose,#f8b3bd
saumon,#5d4caa
turquoise,#ee2511
pêche,#434861
magenta,#0fad27
moutarde,#0c4b53
pêche,#9a764a
bois de rose,#fd5270
ardoise,#69c9c0
obsidienne,#51e55c
orchidée,#71608e
rose pâle,#066920
crème,#e34b86
forêt,#06bf0c
rouille,#65a4af
fuchsia,#70f97c
ardoise,#d45d94
fuchsia,#b413eb
saumon,#9cec20
moutarde,#664e07
acajou,#46608f
doré,#b642cf
ambre,#651bdc
orchidée,#a86ab4
saumon,#96431f
ardoise,#c6e97e
sarcelle,#05f7d5
rose pâle,#6495e5
sable,#ba2dd7
sable,#9e1cbf
obsidienne,#c73488
ardoise,#aae3a5
carmin,#6052b3
pervenche,#0fef0b
olive,#0fbc6c
baie,#24af48
rubis,#81f6a3
obsidienne,#472312
rouille,#e8df39
crème,#aab0db
indigo,#7a4d6f
pin,#45f11f
indigo,#57f84d
moutarde,#0579c1
saphir,#6957ee
bordeaux,#14c2a5
topaze,#9f60bd
rubis,#943257
lavande,#5e47f8
forêt,#b0c767
corail,#671d61
magenta,#d3e13c
charbon,#8c38bb
émeraude,#8ba7a9
citron,#133a4c
fuchsia,#78e9f1
émeraude,#b570ba
baie,#577d90
pêche,#3c1d41
ivoire,#789480
pin,#33774d
orchidée,#e367cb
platine,#ecabf5
écarlate,#015a6c
cuivre,#ffe8e0
rubis,#990227
crème,#34fcf2
orchidée,#f96ce8
corail,#0436fc
olive,#2662f8
jade,#a4b57c
crépuscule,#f72d8c
écarlate,#1a7332
jade,#90b837
pin,#1e05ad
obsidienne,#45ad26
rose pâle,#342880
violette,#042c13
saumon,#7a8abb
ardoise,#c63e0c
ambre,#3069f4
menthe,#9eb440
émeraude,#c52117
ambre,#99e542
ambre,#084ae0
topaze,#187ddd
marine,#d4ec5b
cobalt,#6d479c
menthe,#9af514
cannelle,#58fe9e
baie,#cf64fe
sarcelle,#ca52f0
mandarine,#26d83e
doré,#6e99b0
corail,#51d9c9
citron,#2708ca
olive,#9ff5f9
crépuscule,#b38a01
bois de rose,#3b1ce9
jade,#891ce9
pêche,#161d80
marine,#fc41c5
baie,#62c736
écarlate,#a584b8
écarlate,#defeab
acajou,#6f2cfa
sable,#4c4513
rose pâle,#6204ff
fuchsia,#eb5409
pêche,#200cfe
orchidée,#7a480e
magenta,#5815a6
doré,#e10f64
bois de rose,#da0718
sarcelle,#83e43d
émeraude,#39ed57
obsidienne,#9f96ad
forêt,#43fa2b
indigo,#33fd20
fuchsia,#4296ea
ivoire,#342589
sépia,#f7c066
sépia,#8c077e
obsidienne,#fed96f
bordeaux,#f974eb
ambre,#1a0272
charbon,#a9118e
rubis,#7cb955
cobalt,#8a4373
émeraude,#a94658
ivoire,#0042ea
indigo,#88c7ee
cobalt,#be6fc2
forêt,#75a7b6
menthe,#beb2a1
bois de rose,#be26ca
émeraude,#3198df
crépuscule,#0f83b5
ardoise,#9012a2
émeraude,#7ff2b3
bois de rose,#a3b0c7
écarlate,#412c3d
ambre,#2174a9
ivoire,#c65d5b
ivoire,#257cbd
saphir,#b90d2d
crème,#3bfc4a
fuchsia,#baeed2
forêt,#86689c
pêche,#6716db
saumon,#337998
acajou,#b453fd
sarcelle,#77ec78
orchidée,#fdcc3c
rubis,#1296f2
indigo,#15d23a
sépia,#635896
saphir,#e2c18a
indigo,#e3a9aa
bordeaux,#27f4c8
pêche,#647aac
citron,#abffc3
menthe,#15bebe
moutarde,#dd8090
obsidienne,#645bea
topaze,#4156fc
lavande,#f3a1e1
rouille,#ecb0ba
pêche,#b9efdb
platine,#fe2e19
bronze,#827ac9
sépia,#f34d88
topaze,#ed89dc
forêt,#64d147
sarcelle,#5d70fc
sable,#0cb906
crépuscule,#b66e5b
cannelle,#f2736e
fuchsia,#9c5e27
fuchsia,#077bd2
doré,#fbc9d7
marine,#276d15
indigo,#eee2b7
saumon,#64c4fe
magenta,#e8bbdf
sépia,#67c5d8
rose pâle,#7c7995
rose pâle,#50e44b
platine,#500726
émeraude,#5f5d00
mandarine,#40b08d
olive,#ec0221
céruléen,#aaab5f
fuchsia,#7802fd
moutarde,#1e3d3f
sépia,#3b8235
charbon,#d6277f
rose pâle,#a76b42
sable,#24cc35
moutarde,#d77079
moutarde,#c32b64
indigo,#841608
sarcelle,#e1ffcb
ardoise,#114bcd
saumon,#e5e30e
moutarde,#e3ce3d
magenta,#41a788
fuchsia,#8a232e
baie,#e8f793
azur,#38b328
ambre,#f616bb
azur,#7e4a27
carmin,#656dfe
écarlate,#0d8b1b
sarcelle,#deac33
corail,#a224dc
sable,#f37a29
turquoise,#692f79
forêt,#3ac56f
bronze,#cf27d3
platine,#003cf1
magenta,#2af8ff
charbon,#295ca1
charbon,#7dfec0
magenta,#f93336
sarcelle,#76f8b2
menthe,#2efd7c
orchidée,#e4e8c7
pin,#9438da
olive,#05f9f3
cuivre,#e9cb39
corail,#81c8f6
bordeaux,#a7367b
céruléen,#22d18d
ardoise,#23d321
rose pâle,#887139
menthe,#dc64e7
platine,#793c0e
carmin,#172b13
violette,#6fadb2
émeraude,#41c330
baie,#5accae
jade,#ad822e
saphir,#4d89e3
ardoise,#44ba2c
fuchsia,#a60902
baie,#36e1cf
topaze,#c3ee85
pêche,#fb7600
bronze,#e02de7
pêche,#61cfc4
ambre,#de76c3
ambre,#d35be3
pervenche,#d49b97
émeraude,#7e7005
saumon,#5073cc
ardoise,#81de98
sable,#f5066a
bois de rose,#7de882
crépuscule,#1571ca
bordeaux,#b68e17
saumon,#3266ec
pin,#f579c0
pervenche,#b145c6
magenta,#9b7e57
rose pâle,#9a4de9
violette,#f493fe
bronze,#ed28b0
rubis,#cee320
pêche,#aa6304
pêche,#5247f2
bronze,#32d215
ardoise,#518333
rouille,#886c31
crépuscule,#b988a7
saphir,#8ed102
carmin,#e7d0c6
sépia,#62269c
charbon,#131d1f
pervenche,#df7195
céruléen,#d50ca8
charbon,#c0d9f1
charbon,#9d89be
marine,#fa1cdd
ardoise,#1571f5
bois de rose,#b052b5
violette,#6123e1
baie,#2f967c
émeraude,#cf736d
lavande,#2de812
bronze,#bca68c
sarcelle,#fe1ff5
rubis,#a28a21
cuivre,#27a6a4
doré,#fb215a
mandarine,#7a4256
olive,#bc1277
rose pâle,#f28652
rouille,#56c28d
charbon,#355203
saumon,#406283
obsidienne,#e812d6
orchidée,#76f735
pervenche,#9d8256
menthe,#cd7017
pêche,#c1ca1c
rubis,#b62129
cuivre,#08680b
ardoise,#c2cf16
topaze,#180e23
cannelle,#405de4
indigo,#0f547e
violette,#a05df1
charbon,#392a69
écarlate,#cf5c8d
marine,#7f46d0
magenta,#1cebf5
écarlate,#1dce76
olive,#8958f1
cobalt,#789b46
obsidienne,#5e35ec
rose pâle,#a874f0
cobalt,#6fff20
rubis,#5bc731
cuivre,#d1fa7b
corail,#de1f3e
saphir,#ef68c8
citron,#38c9b1
doré,#d65983
olive,#68445e
corail,#3124b5
topaze,#d172b6
ambre,#66a4b0
ardoise,#2d8635
indigo,#1e63d3
cobalt,#7f181a
crépuscule,#1d3d08
rubis,#c78914
émeraude,#0b64f4
acajou,#880467
jade,#1fe36f
marine,#552c1d
forêt,#d248ba
ardoise,#582b84
obsidienne,#350af4
platine,#6faef1
forêt,#59b230
saumon,#1398f9
magenta,#d7b99e
citron,#1401fa
saphir,#5b9299
sable,#710a93
magenta,#4a4fd4
doré,#865ceb
jade,#a52b16
bordeaux,#a514b5
fuchsia,#cccfae
menthe,#ec2f7f
écarlate,#7dc3eb
cuivre,#32d910
sable,#da7e30
jade,#81f8fc
forêt,#df6492
céruléen,#c30256
céruléen,#22b480
orchidée,#c72e29
rose pâle,#b5e308
pin,#efbcd2
moutarde,#62acb1
orchidée,#a834e8
émeraude,#12be02
cuivre,#8cee9c
citron,#7ece1e
turquoise,#210c47
baie,#c7d718
moutarde,#a48bc3
citron,#eed159
cobalt,#38459a
forêt,#268a52
charbon,#e4250a
doré,#0d05b1
saphir,#1a1e50
crépuscule,#6bb46d
jade,#d1b324
jade,#57ff1b
rubis,#3fb13e
mandarine,#dbfbf0
céruléen,#566084
pervenche,#7349e0
rose pâle,#c39d7b
écarlate,#d21aa5
sépia,#8de8e0
mandarine,#d14abd
orchidée,#40c680
pin,#ef8910
pêche,#29ac0b
rubis,#6308a1
rubis,#a3f2b9
crépuscule,#fdb0bc
crépuscule,#59537b
sépia,#e76790
ivoire,#1cc810
pervenche,#2a24b7
cobalt,#33d7a8
pervenche,#08513c
ardoise,#7248f8
bronze,#77bd24
menthe,#3016ba
sépia,#270437
bordeaux,#ebd633
bordeaux,#3567d0
cannelle,#196ba0
cobalt,#be2241
corail,#7aa0ba
indigo,#87cb31
mandarine,#de450b
crème,#ade525
saphir,#7c6f63
acajou,#5a0b4a
menthe,#8f03e0
obsidienne,#2464a1
forêt,#ae47d2
citron,#ac1b24
crème,#0ced72
citron,#198d75
forêt,#bd728b
magenta,#c3839c
émeraude,#759bf9
fuchsia,#7c5e1d
obsidienne,#4304a6
bordeaux,#010e21
carmin,#63d906
doré,#719e04
crépuscule,#c26249
bordeaux,#2cfdad
baie,#8bb0ef
forêt,#732925
sépia,#96d3c3
corail,#2eabe2
bronze,#7f419c
baie,#e93dc9
corail,#ee67e3
platine,#3f42c8
bois de rose,#ff2693
bois de rose,#9a78bf
forêt,#9068db
charbon,#30e879
rouille,#1d1f0f
violette,#b5fc01
bois de rose,#e281f0
magenta,#048834
marine,#3009de
charbon,#15172a
crépuscule,#7bb70e
crème,#4e9a4d
sable,#5090b7
moutarde,#3ae904
doré,#e91e2a
corail,#80e253
bois de rose,#a924d3
platine,#248e34
acajou,#ec01e1
écarlate,#e06259
orchidée,#e835f2
indigo,#311332
turquoise,#8394e4
pêche,#fc4fda
ardoise,#ebbb7d
topaze,#acf71e
rose pâle,#284ffe
corail,#67c9d1
ambre,#3f990f
cuivre,#246f74
platine,#d3a0fd
menthe,#bc80cf
marine,#ce779e
rose pâle,#c46930
émeraude,#727f1f
saumon,#b86424
citron,#4359f1
bois de rose,#587b42
ambre,#b34ba7
saphir,#267713
platine,#4d40cb
pin,#2960f5
sépia,#48dc81
cannelle,#ba74a6
crépuscule,#d50d20
sarcelle,#2041dd
lavande,#380311
pervenche,#294570
cannelle,#f63acb
pin,#39c8c6
écarlate,#084dd9
émeraude,#30acbb
topaze,#e2cdd4
bronze,#216e6a
bois de rose,#7e4f16
ivoire,#3c79af
forêt,#814ee5
orchidée,#5a7d6b
cannelle,#576ddc
magenta,#e935f5
saphir,#186b68
charbon,#ea77b6
cuivre,#952736
pin,#2d3451
corail,#4fced4
olive,#67bd44
acajou,#379d60
céruléen,#d95b28
rouille,#ab7b37
écarlate,#d0aaa4
bordeaux,#8c14f9
émeraude,#fd6d36
sable,#79fb4e
bordeaux,#a16c0b
céruléen,#1c2f6c
céruléen,#1609d1
ambre,#46779d
bronze,#fba6f9
rubis,#26c5a5
olive,#ab76f9
acajou,#bfeea6
azur,#07795f
magenta,#acd4e2
olive,#d9e1fb
mandarine,#fe0e9c
sable,#6ee475
émeraude,#17a256
crème,#089cba
écarlate,#83f2e3
menthe,#860853
crépuscule,#946fc6
bronze,#2ecbef
moutarde,#740071
menthe,#ac47cd
marine,#ad6fe8
corail,#982f4e
cannelle,#f9cad0
rouille,#6a9cf2
crème,#b717d3
céruléen,#26bfcc
sépia,#d02296
écarlate,#b30c30
bois de rose,#99073d
rouille,#87c17e
marine,#c41dd2
mandarine,#02383d
mandarine,#a5b506
rubis,#21d4a3
saumon,#fcbfb3
sable,#350d14
carmin,#d85385
obsidienne,#490957
crème,#58ebba
rubis,#79100c
pervenche,#43bc15
cannelle,#39f88c
ambre,#391c57
citron,#0765c6
cuivre,#89b6c2
menthe,#0f8023
indigo,#4c330b
cuivre,#c9beb3
bronze,#591958
marine,#a8e4a2
topaze,#6c71e6
fuchsia,#6312ea
corail,#7b1523
cuivre,#c9a22d
baie,#83ffbb
écarlate,#afc330
céruléen,#dada9f
azur,#41337d
saphir,#da20f9
sépia,#0fad85
crépuscule,#98f2ed
olive,#cc16ea
magenta,#cffc20
citron,#57a84f
jade,#39e563
bois de rose,#a91c4a
pin,#99a06a
crépuscule,#00b6fb
saumon,#e53b8b
charbon,#b14d30
rubis,#e5d730
turquoise,#e8b515
pin,#c7c175
olive,#4be12b
bordeaux,#627b6c
orchidée,#e3462e
obsidienne,#62ab61
bronze,#e580de
violette,#d2bda1
rouille,#b5a8ad
saphir,#052e72
menthe,#1377d6
forêt,#8e3748
bois de rose,#fbd98f
pervenche,#c48d77
pervenche,#4467a0
doré,#9fa0ea
crépuscule,#d921cb
rose pâle,#f55e02
ivoire,#a42208
rouille,#0d4ad4
indigo,#801a13
sable,#cb7a85
cuivre,#ebb7b1
charbon,#01ea97
indigo,#09a598
rubis,#262d20
violette,#f7e917
magenta,#ce2be2
carmin,#911c7d
écarlate,#3d1b5b
forêt,#92a807
cobalt,#7895fe
saphir,#217ff9
bronze,#159423
mandarine,#6abffa
pervenche,#614e96
magenta,#171f1d
mandarine,#0a5d60
rose pâle,#f44846
cannelle,#0583c4
topaze,#0e944a
ivoire,#0e4f27
pêche,#cce6a1
moutarde,#f3220c
crépuscule,#6354a9
baie,#396630
mandarine,#29b5ce
bois de rose,#f04236
orchidée,#d574f2
rose pâle,#b0c9dc
pêche,#8abb29
rouille,#463734
jade,#e6f2ce
ambre,#976c7f
cobalt,#2c9f25
crépuscule,#a64413
doré,#1774f9
charbon,#902f77
bordeaux,#c6419c
céruléen,#267e5a
turquoise,#438d05
bordeaux,#baa1c3
menthe,#aecb82
sable,#0473d0
rose pâle,#dec2c2
rubis,#4a9573
lavande,#09f78f
olive,#309efe
acajou,#89314b
cuivre,#a1aafe
rouille,#1238dd
cuivre,#e4c2f2
azur,#a06fe2
fuchsia,#4031a9
corail,#fdaad5
ivoire,#241d57
écarlate,#bbe117
jade,#f6e132
fuchsia,#b978d5
saumon,#c0cac6
azur,#463062
doré,#bc1428
crépuscule,#f6d46b
cuivre,#1ad521
corail,#69eb95
bois de rose,#56e66e
menthe,#b690e5
moutarde,#6bbe70
rouille,#1b0203
azur,#f37df8
lavande,#772d42
sarcelle,#a1e7b9
sable,#c3f89c
platine,#02013e
marine,#f3b122
orchidée,#348a03
bordeaux,#513a12
cuivre,#99ea2b
olive,#c51d91
cobalt,#2caac9
menthe,#c3fef4
crépuscule,#a52ec3
lavande,#4e9559
lavande,#0e784f
sable,#2b1e72
menthe,#63652c
platine,#2a8b9b
azur,#294c90
bordeaux,#dd1a5a
pervenche,#b827fe
ambre,#1dd894
moutarde,#4f8993
saumon,#55ae58
orchidée,#fdb508
crépuscule,#964e35
pin,#526e1a
orchidée,#8aaf5b
ivoire,#89b6ef
bronze,#b2c2a3
sable,#9c4cac
cannelle,#2eb88a
indigo,#6470b5
moutarde,#a0d0e6
écarlate,#b1c3bc
saumon,#2eb69f
moutarde,#b579a8
violette,#389f23
menthe,#546dac
carmin,#0dd0c0
moutarde,#b72a37
sépia,#2ad33b
lavande,#d387b3
sépia,#3bf535
mandarine,#8f9ec0
cannelle,#d4f0d1
pervenche,#c9a2a1
moutarde,#47efc8
crème,#3ba6c9
bronze,#e50742
corail,#02c901
jade,#19177f
platine,#51c5c2
fuchsia,#7ceab5
corail,#549b1e
indigo,#1fabbb
fuchsia,#e5689d
bordeaux,#a535aa
violette,#1222b2
platine,#9b4d38
crépuscule,#0be479
obsidienne,#4d8f5a
saphir,#6e0d1e
pervenche,#1d93cb
ivoire,#ef3d5a
topaze,#281f6a
ambre,#c5395c
indigo,#198640
forêt,#e38e70
céruléen,#970ac8
sable,#4612e1
sable,#c2f3cb
charbon,#78d53b
mandarine,#8c2250
crème,#946469
menthe,#85caa5
saphir,#5ee662
azur,#3cdf5f
pervenche,#be9ca7
saphir,#6b3667
forêt,#fc022a
orchidée,#45dff4
marine,#1ad07c
baie,#28dec0
mandarine,#61f2f5
orchidée,#643503
sarcelle,#c49ff8
moutarde,#f00ee5
sarcelle,#74af4d
acajou,#c7dbae
rouille,#429fb0
lavande,#6c75f1
pervenche,#dcf50e
cannelle,#2b7320
violette,#398aa3
turquoise,#ec4816
doré,#c3bb3a
saphir,#1fa20a
saumon,#7dc795
rouille,#7f0873
rose pâle,#7969a9
bronze,#dfc862
céruléen,#c3c049
citron,#178554
bois de rose,#3e84bf
sépia,#59b9bc
baie,#5f77a3
fuchsia,#c4970a
magenta,#0d0aaa
crépuscule,#b15921
corail,#a58436
forêt,#24214c
saphir,#6647c4
azur,#8c57b8
rubis,#f21afd
olive,#d92ee9
moutarde,#c3c9fd
bronze,#4ac7a8
cobalt,#3b5e1f
sable,#50b9a0
orchidée,#3eeee8
cobalt,#1265ae
céruléen,#e2baed
crépuscule,#a222f3
